{"credit":"Asher_Rise","texture_size":[56,56],"textures":{"2":"rrpg_void_edge_class:rrpg_void_edge_katana","particle":"rrpg_void_edge_class:rrpg_void_edge_katana_e"},"elements":[{"from":[6.64645,-15.0625,7.85355],"to":[8.64645,-7.0625,9.85355],"rotation":{"angle":45,"axis":"y","origin":[8,0.71875,8.5]},"faces":{"north":{"uv":[7.55556,10.44842,8.10615,12.55357],"texture":"#2"},"east":{"uv":[8.22421,10.44842,8.7748,12.53968],"texture":"#2"},"south":{"uv":[6.89186,10.44842,7.44246,12.53968],"texture":"#2"},"west":{"uv":[7.55357,10.44842,8.11111,12.53969],"texture":"#2"},"up":{"uv":[9.44346,11.88492,8.89286,11.33432],"rotation":180,"texture":"#2"},"down":{"uv":[10.10515,11.33432,9.55457,11.89186],"rotation":180,"texture":"#2"}}},{"from":[5,-8,6],"to":[11,-7,12],"rotation":{"angle":0,"axis":"y","origin":[8,0.71875,8.5]},"faces":{"north":{"uv":[8.89186,11.03968,10.60615,11.3254],"texture":"#2"},"east":{"uv":[8.89186,11.03968,10.60615,11.3254],"texture":"#2"},"south":{"uv":[8.89186,11.03968,10.60615,11.3254],"texture":"#2"},"west":{"uv":[8.89186,11.03968,10.60615,11.3254],"texture":"#2"},"up":{"uv":[3.12301,10.4623,1.55457,11.99603],"rotation":180,"texture":"#2"},"down":{"uv":[3.12301,10.4623,1.55457,11.99603],"rotation":180,"texture":"#2"}}},{"from":[8,-7,-6],"to":[8,32,22],"rotation":{"angle":0,"axis":"y","origin":[8,0.71875,8.5]},"faces":{"north":{"uv":[0,0,0,11.14286],"texture":"#2"},"east":{"uv":[0,0,8,10.44147],"texture":"#2"},"south":{"uv":[0,0,0,11.14286],"texture":"#2"},"west":{"uv":[8,0,0,10.44147],"texture":"#2"},"up":{"uv":[0,8,0,0],"rotation":180,"texture":"#2"},"down":{"uv":[0,0,0,8],"rotation":180,"texture":"#2"}}},{"name":"cube inverted","from":[11,-7,12],"to":[5,-8,6],"rotation":{"angle":0,"axis":"y","origin":[8,0.71875,8.5]},"faces":{"north":{"uv":[9.14286,12,10.85714,12.28571],"texture":"#2"},"east":{"uv":[10.85714,12,12.57143,12.28571],"texture":"#2"},"south":{"uv":[9.92064,13.38096,11.63492,13.66667],"texture":"#2"},"west":{"uv":[10.85714,11.71429,12.57143,12],"texture":"#2"},"up":{"uv":[3.12301,10.4623,1.55457,11.99603],"rotation":180,"texture":"#2"},"down":{"uv":[3.12301,10.4623,1.55457,11.99603],"rotation":180,"texture":"#2"}}}],"display":{"thirdperson_righthand":{"translation":[0,13.75,1],"scale":[0.82344,0.82344,0.82344]},"thirdperson_lefthand":{"translation":[0,13.75,1],"scale":[0.82344,0.82344,0.82344]},"firstperson_righthand":{"rotation":[4.03,6.37,-7.46],"translation":[9.13,6.45,-6.12],"scale":[0.68,0.68,0.68]},"firstperson_lefthand":{"rotation":[4.03,6.37,-7.46],"translation":[9.13,6.45,-6.12],"scale":[0.68,0.68,0.68]},"ground":{"translation":[0,10.5,0],"scale":[0.5,0.5,0.5]},"gui":{"rotation":[-128.97,-13.3,-139.84],"scale":[0.46484,0.46484,0.46484]}}}