{"credit":"MythicMMC Team","texture_size":[40,40],"textures":{"0":"chaos_skills:skill3_ball/skill3_ball_2","particle":"chaos_skills:skill3_ball/skill3_ball_2"},"elements":[{"from":[0,1,-5],"to":[16,1,21],"rotation":{"angle":-45,"axis":"z","origin":[8,1,8]},"faces":{"north":{"uv":[0,0,0,6.4],"rotation":270,"texture":"#0"},"east":{"uv":[0,0,0,10.4],"rotation":90,"texture":"#0"},"south":{"uv":[0,0,0,6.4],"rotation":90,"texture":"#0"},"west":{"uv":[0,0,0,10.4],"rotation":90,"texture":"#0"},"up":{"uv":[2.25,3.75,15.25,13.15],"rotation":90,"texture":"#0"},"down":{"uv":[15.25,3.75,2.25,13.15],"rotation":90,"texture":"#0"}}},{"from":[-4,1,-5],"to":[20,1,24],"rotation":{"angle":0,"axis":"y","origin":[8,1,8]},"faces":{"north":{"uv":[0,0,0,6.4],"rotation":270,"texture":"#0"},"east":{"uv":[0,0,0,10.4],"rotation":90,"texture":"#0"},"south":{"uv":[0,0,0,6.4],"rotation":90,"texture":"#0"},"west":{"uv":[0,0,0,10.4],"rotation":90,"texture":"#0"},"up":{"uv":[2.25,3.75,15.25,13.15],"rotation":90,"texture":"#0"},"down":{"uv":[15.25,3.75,2.25,13.15],"rotation":90,"texture":"#0"}}},{"from":[8,-7,-5],"to":[8,9,21],"rotation":{"angle":-45,"axis":"z","origin":[8,1,8]},"faces":{"north":{"uv":[0,0,0,6.4],"texture":"#0"},"east":{"uv":[15.25,3.75,2.25,13.15],"texture":"#0"},"south":{"uv":[0,0,0,6.4],"texture":"#0"},"west":{"uv":[2.25,3.75,15.25,13.15],"texture":"#0"},"up":{"uv":[0,0,0,10.4],"texture":"#0"},"down":{"uv":[0,0,0,10.4],"texture":"#0"}}}],"gui_light":"front","display":{"gui":{"rotation":[89.25,0,0],"scale":[0.5,0.5,0.5]},"head":{"translation":[0,7,3],"scale":[1.87,1.87,1.87]}}}