{"credit":"HelloWorldTeam","textures":{"0":"blackflame_skills:blackflame_slash/blackflame_slash_4","particle":"blackflame_skills:blackflame_slash/blackflame_slash_4"},"elements":[{"from":[-8.87868,10.48528,-12],"to":[29.12132,10.48528,24],"rotation":{"angle":0,"axis":"z","origin":[8.65938,10.1026,3.5]},"faces":{"north":{"uv":[0,0,0,16],"rotation":270,"texture":"#missing"},"east":{"uv":[0,0,0,16],"rotation":90,"texture":"#missing"},"south":{"uv":[0,0,0,16],"rotation":90,"texture":"#missing"},"west":{"uv":[0,0,0,16],"rotation":90,"texture":"#missing"},"up":{"uv":[0,0,16,16],"rotation":90,"texture":"#0"},"down":{"uv":[16,0,0,16],"rotation":90,"texture":"#0"}}},{"from":[-2.80256,11.1026,-9],"to":[21.19744,11.1026,15],"rotation":{"angle":0,"axis":"z","origin":[8.65938,10.1026,3.5]},"faces":{"north":{"uv":[0,0,0,16],"rotation":270,"texture":"#missing"},"east":{"uv":[0,0,0,16],"rotation":90,"texture":"#missing"},"south":{"uv":[0,0,0,16],"rotation":90,"texture":"#missing"},"west":{"uv":[0,0,0,16],"rotation":90,"texture":"#missing"},"up":{"uv":[0,0,16,16],"rotation":90,"texture":"#0"},"down":{"uv":[16,0,0,16],"rotation":90,"texture":"#0"}}},{"from":[-4.80256,9.1026,-11],"to":[19.19744,9.1026,13],"rotation":{"angle":0,"axis":"z","origin":[8.65938,10.1026,3.5]},"faces":{"north":{"uv":[0,0,0,16],"rotation":270,"texture":"#missing"},"east":{"uv":[0,0,0,16],"rotation":90,"texture":"#missing"},"south":{"uv":[0,0,0,16],"rotation":90,"texture":"#missing"},"west":{"uv":[0,0,0,16],"rotation":90,"texture":"#missing"},"up":{"uv":[0,0,16,16],"rotation":90,"texture":"#0"},"down":{"uv":[16,0,0,16],"rotation":90,"texture":"#0"}}}],"gui_light":"front","display":{"gui":{"scale":[0.27,0.27,0.27]},"head":{"rotation":[0,0,90],"translation":[7.25,-4.25,36.5],"scale":[2.79,2.79,2.39]}}}