{"credit":"Made by samus2002","texture_size":[128,128],"textures":{"0":"reaper:reaper_texture/death_mark_3","particle":"reaper:reaper_texture/death_mark_3"},"elements":[{"from":[-13.504,-13.504,7.9975],"to":[29.504,29.504,7.9975],"rotation":{"angle":0,"axis":"y","origin":[8,8,7.9975]},"faces":{"north":{"uv":[0,0,16,16],"texture":"#0"},"east":{"uv":[4.875,0,4.875,4.75],"texture":"#0"},"south":{"uv":[1.75,0,0,2.25],"texture":"#0"},"west":{"uv":[4.875,4.875,4.875,9.625],"texture":"#0"},"up":{"uv":[9.75,0,5,0],"texture":"#0"},"down":{"uv":[9.75,0.125,5,0.125],"texture":"#0"}}},{"from":[-13.504,-13.504,8.0225],"to":[29.504,29.504,8.0225],"rotation":{"angle":0,"axis":"y","origin":[8,8,7.9975]},"faces":{"north":{"uv":[1.75,0,0,2.25],"texture":"#0"},"east":{"uv":[4.875,4.875,4.875,9.625],"texture":"#0"},"south":{"uv":[0,0,16,16],"texture":"#0"},"west":{"uv":[4.875,0,4.875,4.75],"texture":"#0"},"up":{"uv":[9.75,0,5,0],"rotation":180,"texture":"#0"},"down":{"uv":[9.75,0.125,5,0.125],"rotation":180,"texture":"#0"}}}],"display":{"thirdperson_righthand":{"rotation":[90,0,0],"translation":[-8,-2.5,20.25],"scale":[3,3,3]}}}