{"credit":"Made by samus2002","textures":{"0":"reaper:reaper_texture/ground_pound_1","particle":"reaper:reaper_texture/ground_pound_1"},"elements":[{"from":[-11,8,-11],"to":[27,8,27],"rotation":{"angle":0,"axis":"y","origin":[8,8,8]},"faces":{"north":{"uv":[0,0,16,0],"texture":"#0"},"east":{"uv":[0,0,16,0],"texture":"#0"},"south":{"uv":[0,0,16,0],"texture":"#0"},"west":{"uv":[0,0,16,0],"texture":"#0"},"up":{"uv":[3.25,3.25,12.75,12.75],"texture":"#0"},"down":{"uv":[3.25,12.75,12.75,3.25],"texture":"#0"}}}],"display":{"thirdperson_righthand":{"rotation":[90,0,0],"translation":[-5.75,-1.75,-11.25]}}}