{"credit":"Made by samus2002","textures":{"0":"reaper:reaper_texture/shadow_pierce_3","particle":"reaper:reaper_texture/shadow_pierce_3"},"elements":[{"from":[-10,8,-9.5],"to":[25,8,25.5],"rotation":{"angle":0,"axis":"y","origin":[8,8,8]},"faces":{"north":{"uv":[0,0,16,0],"texture":"#0"},"east":{"uv":[0,0,16,0],"texture":"#0"},"south":{"uv":[0,0,16,0],"texture":"#0"},"west":{"uv":[0,0,16,0],"texture":"#0"},"up":{"uv":[0,0,16,16],"rotation":180,"texture":"#0"},"down":{"uv":[0,16,16,0],"rotation":180,"texture":"#0"}}},{"from":[7.5,-9.5,-9.5],"to":[7.5,25.5,25.5],"rotation":{"angle":0,"axis":"y","origin":[7.5,8,8]},"faces":{"north":{"uv":[0,0,16,0],"rotation":90,"texture":"#0"},"east":{"uv":[0,16,16,0],"rotation":90,"texture":"#0"},"south":{"uv":[0,0,16,0],"rotation":270,"texture":"#0"},"west":{"uv":[0,0,16,16],"rotation":90,"texture":"#0"},"up":{"uv":[0,0,16,0],"rotation":270,"texture":"#0"},"down":{"uv":[0,0,16,0],"rotation":270,"texture":"#0"}}}],"display":{"thirdperson_righthand":{"rotation":[90,180,45],"translation":[-6.75,-10.25,3],"scale":[1.8,1.8,1.8]},"thirdperson_lefthand":{"rotation":[90,180,0],"translation":[-5,-10.25,3],"scale":[1.8,1.8,1.8]}}}