{"credit":"RefaRPG","texture_size":[64,64],"textures":{"0":"ruby_aspirant:ruby_aspirant_texture/ruby_aspirant_weapon/weapon_ruby_aspirant","particle":"ruby_aspirant:ruby_aspirant_texture/ruby_aspirant_weapon/weapon_ruby_aspirant"},"elements":[{"from":[7.5,10.875,11.1715],"to":[8.5,15.875,12.1715],"rotation":{"angle":0,"axis":"y","origin":[8,19.35938,12.5]},"faces":{"north":{"uv":[8.75,6.75,9,8],"texture":"#0"},"east":{"uv":[9,1,9.25,2.25],"texture":"#0"},"south":{"uv":[9,2.25,9.25,3.5],"texture":"#0"},"west":{"uv":[9,5.25,9.25,6.5],"texture":"#0"},"up":{"uv":[10.25,3.25,10,3],"texture":"#0"},"down":{"uv":[10.25,3.25,10,3.5],"texture":"#0"}}},{"from":[8,10.95,12.1715],"to":[8,16.25,14.6715],"rotation":{"angle":0,"axis":"y","origin":[8,19.35938,12.5]},"faces":{"north":{"uv":[0,0,0,1.375],"texture":"#0"},"east":{"uv":[1.5,8,2.125,9.375],"texture":"#0"},"south":{"uv":[0,0,0,1.375],"texture":"#0"},"west":{"uv":[2.25,8,2.875,9.375],"texture":"#0"},"up":{"uv":[0,0.625,0,0],"texture":"#0"},"down":{"uv":[0,0,0,0.625],"texture":"#0"}}},{"from":[7.375,14.375,11.0465],"to":[8.625,16.25,12.2965],"rotation":{"angle":0,"axis":"y","origin":[8,19.35938,12.5]},"faces":{"north":{"uv":[1.5,9.5,1.8125,9.96875],"texture":"#0"},"east":{"uv":[2,9.5,2.3125,9.96875],"texture":"#0"},"south":{"uv":[2.5,9.5,2.8125,9.96875],"texture":"#0"},"west":{"uv":[9.5,3.5,9.8125,3.96875],"texture":"#0"},"up":{"uv":[10.0625,5.8125,9.75,5.5],"texture":"#0"},"down":{"uv":[10.0625,6,9.75,6.3125],"texture":"#0"}}},{"from":[7.5,18.6875,10.1715],"to":[8.5,22.625,12.1715],"rotation":{"angle":0,"axis":"y","origin":[8,19.35938,12.5]},"faces":{"north":{"uv":[8.5,7,8.75,8],"texture":"#0"},"east":{"uv":[8.5,3.5,9,4.5],"texture":"#0"},"south":{"uv":[7.5,9,7.75,10],"texture":"#0"},"west":{"uv":[4,8.5,4.5,9.5],"texture":"#0"},"up":{"uv":[9.75,6.75,9.5,6.25],"texture":"#0"},"down":{"uv":[9.75,6.75,9.5,7.25],"texture":"#0"}}},{"from":[7.6265,14.18989,14.37948],"to":[8.3735,15.18689,15.87648],"rotation":{"angle":45,"axis":"x","origin":[8,19.35938,12.5]},"faces":{"north":{"uv":[10,4,10.1875,4.25],"texture":"#0"},"east":{"uv":[9.75,6.5,10.125,6.75],"texture":"#0"},"south":{"uv":[4.25,10,4.4375,10.25],"texture":"#0"},"west":{"uv":[9.75,6.75,10.125,7],"texture":"#0"},"up":{"uv":[1.6875,10.375,1.5,10],"texture":"#0"},"down":{"uv":[10.1875,1.5,10,1.875],"texture":"#0"}}},{"from":[7.375,19.02949,9.04132],"to":[8.625,20.52949,13.04132],"rotation":{"angle":-45,"axis":"x","origin":[8,19.35938,12.5]},"faces":{"north":{"uv":[0,9.75,0.3125,10.125],"texture":"#0"},"east":{"uv":[5.75,8.5,6.75,8.875],"texture":"#0"},"south":{"uv":[9.75,0,10.0625,0.375],"texture":"#0"},"west":{"uv":[6.75,8.5,7.75,8.875],"texture":"#0"},"up":{"uv":[9.3125,4.5,9,3.5],"texture":"#0"},"down":{"uv":[6.0625,9,5.75,10],"texture":"#0"}}},{"from":[7.3765,16.69262,9.22845],"to":[8.6235,17.73962,10.28795],"rotation":{"angle":0,"axis":"y","origin":[8,19.35938,12.5]},"faces":{"north":{"uv":[9.75,8.75,10.0625,9],"texture":"#0"},"east":{"uv":[1.75,10,2.03125,10.25],"texture":"#0"},"south":{"uv":[9.75,9.25,10.0625,9.5],"texture":"#0"},"west":{"uv":[10,2,10.28125,2.25],"texture":"#0"},"up":{"uv":[10.0625,7.78125,9.75,7.5],"texture":"#0"},"down":{"uv":[8.0625,9.75,7.75,10.03125],"texture":"#0"}}},{"from":[7.375,21.9463,11.45814],"to":[8.625,23.9463,15.95814],"rotation":{"angle":-45,"axis":"x","origin":[8,19.35938,12.5]},"faces":{"north":{"uv":[9.25,7.5,9.5625,8],"texture":"#0"},"east":{"uv":[4,8,5.125,8.5],"texture":"#0"},"south":{"uv":[9.25,9.25,9.5625,9.75],"texture":"#0"},"west":{"uv":[5.25,8,6.375,8.5],"texture":"#0"},"up":{"uv":[8.0625,9.625,7.75,8.5],"texture":"#0"},"down":{"uv":[8.5625,8.5,8.25,9.625],"texture":"#0"}}},{"from":[7.625,14.375,10.1715],"to":[8.375,18.5,12.1715],"rotation":{"angle":0,"axis":"y","origin":[8,19.35938,12.5]},"faces":{"north":{"uv":[5,9.25,5.1875,10.28125],"texture":"#0"},"east":{"uv":[8.5,1,9,2.03125],"texture":"#0"},"south":{"uv":[5.25,9.25,5.4375,10.28125],"texture":"#0"},"west":{"uv":[8.5,2.25,9,3.28125],"texture":"#0"},"up":{"uv":[7.1875,10.25,7,9.75],"texture":"#0"},"down":{"uv":[7.4375,9.75,7.25,10.25],"texture":"#0"}}},{"from":[7.375,21.1213,11.45814],"to":[8.625,21.9463,12.95814],"rotation":{"angle":-45,"axis":"x","origin":[8,19.35938,12.5]},"faces":{"north":{"uv":[2.25,10,2.5625,10.21875],"texture":"#0"},"east":{"uv":[9.75,7,10.125,7.21875],"texture":"#0"},"south":{"uv":[10,2.25,10.3125,2.46875],"texture":"#0"},"west":{"uv":[9.75,8.5,10.125,8.71875],"texture":"#0"},"up":{"uv":[0.8125,10.125,0.5,9.75],"texture":"#0"},"down":{"uv":[10.0625,0.5,9.75,0.875],"texture":"#0"}}},{"from":[7.375,19.1213,14.45814],"to":[8.625,21.9463,15.95814],"rotation":{"angle":-45,"axis":"x","origin":[8,19.35938,12.5]},"faces":{"north":{"uv":[9.25,2,9.5625,2.71875],"texture":"#0"},"east":{"uv":[7,9,7.375,9.71875],"texture":"#0"},"south":{"uv":[9.25,2.75,9.5625,3.46875],"texture":"#0"},"west":{"uv":[9,8.5,9.375,9.21875],"texture":"#0"},"up":{"uv":[1.3125,10.125,1,9.75],"texture":"#0"},"down":{"uv":[10.0625,1,9.75,1.375],"texture":"#0"}}},{"from":[7.56,22.72688,9.65399],"to":[8.44,24.48688,11.24899],"rotation":{"angle":0,"axis":"y","origin":[8,20.10063,12.39058]},"faces":{"north":{"uv":[9.5,8,9.75,8.5],"texture":"#0"},"east":{"uv":[9.25,1,9.71875,1.5],"texture":"#0"},"south":{"uv":[9.5,8.5,9.75,9],"texture":"#0"},"west":{"uv":[9.71875,1,9.25,1.5],"texture":"#0"},"up":{"uv":[10,1.96875,9.75,1.5],"texture":"#0"},"down":{"uv":[10,2,9.75,2.46875],"texture":"#0"}}},{"from":[8,19.35058,-3.61319],"to":[8,30.08799,19.38755],"rotation":{"angle":0,"axis":"y","origin":[8,22.13235,14.74432]},"faces":{"north":{"uv":[0,0,0,3.875],"texture":"#0"},"east":{"uv":[0,0,8.3125,3.875],"texture":"#0"},"south":{"uv":[0,0,0,3.875],"texture":"#0"},"west":{"uv":[8.3125,0,0,3.875],"texture":"#0"},"up":{"uv":[0,8.3125,0,0],"texture":"#0"},"down":{"uv":[0,0,0,8.3125],"texture":"#0"}}},{"from":[7.56188,22.1948,5.86634],"to":[8.43724,23.73016,10.1077],"rotation":{"angle":-22.5,"axis":"x","origin":[7.99956,22.96248,7.98702]},"faces":{"north":{"uv":[9.75,2.5,10,2.9375],"texture":"#0"},"east":{"uv":[8.5,0,9.71875,0.4375],"texture":"#0"},"south":{"uv":[9.75,3,10,3.4375],"texture":"#0"},"west":{"uv":[9.71875,0,8.5,0.4375],"texture":"#0"},"up":{"uv":[6.5,10.21875,6.25,9],"texture":"#0"},"down":{"uv":[6.75,9,6.5,10.21875],"texture":"#0"}}},{"from":[7.55912,22.72879,5.72951],"to":[8.44088,22.86255,9.65827],"rotation":{"angle":0,"axis":"y","origin":[8,20.10342,12.83397]},"faces":{"north":{"uv":[1,10.25,1.25,10.28125],"texture":"#0"},"east":{"uv":[10,8,11.125,8.03125],"texture":"#0"},"south":{"uv":[10.25,1,10.5,1.03125],"texture":"#0"},"west":{"uv":[10,8.25,11.125,8.28125],"texture":"#0"},"up":{"uv":[9.25,7.625,9,6.5],"texture":"#0"},"down":{"uv":[7,9,6.75,10.125],"texture":"#0"}}},{"from":[7.56088,22.36009,12.51541],"to":[8.43912,24.33833,15.42865],"rotation":{"angle":-22.5,"axis":"x","origin":[8,19.88063,12.39058]},"faces":{"north":{"uv":[4,9.5,4.25,10.0625],"texture":"#0"},"east":{"uv":[4.5,8.5,5.34375,9.0625],"texture":"#0"},"south":{"uv":[9.5,4,9.75,4.5625],"texture":"#0"},"west":{"uv":[8.5,4.5,9.34375,5.0625],"texture":"#0"},"up":{"uv":[4.75,10.09375,4.5,9.25],"texture":"#0"},"down":{"uv":[5,9.25,4.75,10.09375],"texture":"#0"}}},{"from":[7.604,23.61974,11.22601],"to":[8.396,24.93974,16.49501],"rotation":{"angle":22.5,"axis":"x","origin":[8,19.30036,12.64315]},"faces":{"north":{"uv":[8.5,9.75,8.71875,10.125],"texture":"#0"},"east":{"uv":[6.5,8,8,8.375],"texture":"#0"},"south":{"uv":[9.25,9.75,9.46875,10.125],"texture":"#0"},"west":{"uv":[8,8,9.5,8.375],"texture":"#0"},"up":{"uv":[8.96875,6.75,8.75,5.25],"texture":"#0"},"down":{"uv":[8.96875,8.5,8.75,10],"texture":"#0"}}},{"from":[7.67176,19.18715,19.06796],"to":[8.33,20.80239,19.6162],"rotation":{"angle":-22.5,"axis":"x","origin":[8.00088,18.76149,13.37245]},"faces":{"north":{"uv":[9.75,8,9.9375,8.46875],"texture":"#0"},"east":{"uv":[9.5,9.75,9.65625,10.21875],"texture":"#0"},"south":{"uv":[8.25,9.75,8.4375,10.21875],"texture":"#0"},"west":{"uv":[9.75,9.5,9.90625,9.96875],"texture":"#0"},"up":{"uv":[10.1875,9.90625,10,9.75],"texture":"#0"},"down":{"uv":[10.1875,10,10,10.15625],"texture":"#0"}}},{"from":[7.67132,24.3298,13.80558],"to":[8.33044,24.97792,15.6197],"rotation":{"angle":45,"axis":"x","origin":[8.00088,19.20149,13.15245]},"faces":{"north":{"uv":[8.75,10,8.9375,10.1875],"texture":"#0"},"east":{"uv":[9.5,7.25,10.03125,7.4375],"texture":"#0"},"south":{"uv":[9,10,9.1875,10.1875],"texture":"#0"},"west":{"uv":[9.5,9,10.03125,9.1875],"texture":"#0"},"up":{"uv":[9.9375,4.53125,9.75,4],"texture":"#0"},"down":{"uv":[9.9375,4.75,9.75,5.28125],"texture":"#0"}}},{"from":[7.5005,-0.9995,11.172],"to":[8.4995,0.9995,12.171],"rotation":{"angle":0,"axis":"y","origin":[8,-0.5,11.6715]},"faces":{"north":{"uv":[4.25,9.5,4.5,10],"texture":"#0"},"east":{"uv":[9.5,4.75,9.75,5.25],"texture":"#0"},"south":{"uv":[9.5,5.25,9.75,5.75],"texture":"#0"},"west":{"uv":[9.5,5.75,9.75,6.25],"texture":"#0"},"up":{"uv":[9.25,8,9,7.75],"texture":"#0"},"down":{"uv":[10.25,2.5,10,2.75],"texture":"#0"}}},{"from":[7.499,-2.501,11.1705],"to":[8.501,0.501,12.1725],"rotation":{"angle":45,"axis":"x","origin":[8,-1,11.6715]},"faces":{"north":{"uv":[9.25,5.25,9.5,6],"texture":"#0"},"east":{"uv":[9.25,6,9.5,6.75],"texture":"#0"},"south":{"uv":[9.25,6.75,9.5,7.5],"texture":"#0"},"west":{"uv":[9,9.25,9.25,10],"texture":"#0"},"up":{"uv":[3,10.25,2.75,10],"texture":"#0"},"down":{"uv":[10.25,2.75,10,3],"texture":"#0"}}},{"from":[7.501,-2.41321,10.26539],"to":[8.499,-1.71521,10.96339],"rotation":{"angle":0,"axis":"y","origin":[8,-1.91421,10.46439]},"faces":{"north":{"uv":[10,4.25,10.25,4.4375],"texture":"#0"},"east":{"uv":[10,9.5,10.1875,9.6875],"texture":"#0"},"south":{"uv":[10,4.5,10.25,4.6875],"texture":"#0"},"west":{"uv":[9.75,10,9.9375,10.1875],"texture":"#0"},"up":{"uv":[10.25,4.9375,10,4.75],"texture":"#0"},"down":{"uv":[10.25,5,10,5.1875],"texture":"#0"}}},{"from":[8,-3.20711,11.8786],"to":[8,3.79289,14.3786],"rotation":{"angle":45,"axis":"x","origin":[8,-1.70711,12.3786]},"faces":{"north":{"uv":[0,0,0,1.75],"texture":"#0"},"east":{"uv":[0,8,0.625,9.75],"texture":"#0"},"south":{"uv":[0,0,0,1.75],"texture":"#0"},"west":{"uv":[0.75,8,1.375,9.75],"texture":"#0"},"up":{"uv":[0,0.625,0,0],"texture":"#0"},"down":{"uv":[0,0,0,0.625],"texture":"#0"}}},{"from":[8,-1.75,10.1715],"to":[8,4.75,11.1715],"rotation":{"angle":0,"axis":"y","origin":[8,-1.25,10.6715]},"faces":{"north":{"uv":[0,0,0,1.625],"texture":"#0"},"east":{"uv":[8.5,5.25,8.75,6.875],"texture":"#0"},"south":{"uv":[0,0,0,1.625],"texture":"#0"},"west":{"uv":[5.5,8.5,5.75,10.125],"texture":"#0"},"up":{"uv":[0,0.25,0,0],"texture":"#0"},"down":{"uv":[0,0,0,0.25],"texture":"#0"}}},{"from":[7.625,1,11.2965],"to":[8.375,1.25,12.0465],"rotation":{"angle":0,"axis":"y","origin":[8,1.5,11.6715]},"faces":{"north":{"uv":[0.5,10.25,0.6875,10.3125],"texture":"#0"},"east":{"uv":[10.25,0.5,10.4375,0.5625],"texture":"#0"},"south":{"uv":[0.75,10.25,0.9375,10.3125],"texture":"#0"},"west":{"uv":[10.25,0.75,10.4375,0.8125],"texture":"#0"},"up":{"uv":[10.1875,5.4375,10,5.25],"texture":"#0"},"down":{"uv":[5.9375,10,5.75,10.1875],"texture":"#0"}}},{"from":[7.5,1.25,11.1715],"to":[8.5,10.5,12.1715],"rotation":{"angle":0,"axis":"y","origin":[8,-0.5,11.6715]},"faces":{"north":{"uv":[3,8,3.25,10.3125],"texture":"#0"},"east":{"uv":[3.25,8,3.5,10.3125],"texture":"#0"},"south":{"uv":[3.5,8,3.75,10.3125],"texture":"#0"},"west":{"uv":[3.75,8,4,10.3125],"texture":"#0"},"up":{"uv":[10.25,3.75,10,3.5],"texture":"#0"},"down":{"uv":[10.25,3.75,10,4],"texture":"#0"}}},{"from":[7.625,10.5,11.2965],"to":[8.375,10.875,12.0465],"rotation":{"angle":0,"axis":"y","origin":[8,-0.75,11.6715]},"faces":{"north":{"uv":[0,10.25,0.1875,10.34375],"texture":"#0"},"east":{"uv":[10.25,0,10.4375,0.09375],"texture":"#0"},"south":{"uv":[0.25,10.25,0.4375,10.34375],"texture":"#0"},"west":{"uv":[10.25,0.25,10.4375,0.34375],"texture":"#0"},"up":{"uv":[6.1875,10.1875,6,10],"texture":"#0"},"down":{"uv":[7.6875,10,7.5,10.1875],"texture":"#0"}}},{"from":[7.86145,19.35058,-3.61319],"to":[7.86145,30.08799,19.38755],"rotation":{"angle":0,"axis":"y","origin":[7.86145,22.13235,14.74432]},"faces":{"north":{"uv":[0,0,0,3.875],"texture":"#0"},"east":{"uv":[0,10.46875,8.3125,14.34375],"texture":"#0"},"south":{"uv":[0,0,0,3.875],"texture":"#0"},"west":{"uv":[8.3125,10.46875,0,14.34375],"texture":"#0"},"up":{"uv":[0,8.3125,0,0],"texture":"#0"},"down":{"uv":[0,0,0,8.3125],"texture":"#0"}}},{"from":[8.13855,19.35058,-3.61319],"to":[8.13855,30.08799,19.38755],"rotation":{"angle":0,"axis":"y","origin":[8.13855,22.13235,14.74432]},"faces":{"north":{"uv":[0,0,0,3.875],"texture":"#0"},"east":{"uv":[0,10.46875,8.3125,14.34375],"texture":"#0"},"south":{"uv":[0,0,0,3.875],"texture":"#0"},"west":{"uv":[8.3125,10.46875,0,14.34375],"texture":"#0"},"up":{"uv":[0,8.3125,0,0],"texture":"#0"},"down":{"uv":[0,0,0,8.3125],"texture":"#0"}}}],"gui_light":"front","display":{"thirdperson_righthand":{"rotation":[10.25,0,0],"translation":[-0.5,-1.25,-4.25],"scale":[1.51758,1.51758,1.51758]},"thirdperson_lefthand":{"rotation":[-28.55,42.08,100.28],"translation":[-5,-9.25,2.25],"scale":[1.33398,1.33398,1.33398]},"firstperson_righthand":{"rotation":[17.75,0,0],"translation":[1.25,-1.5,-7],"scale":[0.88867,0.88867,0.88867]},"firstperson_lefthand":{"rotation":[18.25,0,0],"translation":[0.5,0.25,-4],"scale":[0,0,0]},"ground":{"rotation":[0.81,-0.01,34.44],"translation":[7.25,24.25,-6.75],"scale":[1.82617,1.82617,1.82617]},"gui":{"rotation":[-90,-50.5,-90],"translation":[-1.75,-3.5,0],"scale":[0.52539,0.52539,0.52539]},"head":{"rotation":[-117.01,23.61,-26.95],"translation":[5.25,-8,22.25],"scale":[3.17578,3.17578,3.17578]},"fixed":{"rotation":[150.05,-0.34,2.84],"translation":[2.75,51.5,-39.5],"scale":[4,4,4]}}}