{"credit":"Made with Blockbench","textures":{"0":"model_senjata:absolute_blade_texture/absolute_blade","1":"model_senjata:absolute_blade_texture/absolute_text","2":"model_senjata:absolute_blade_texture/absolute_handle","4":"model_senjata:absolute_blade_texture/absolute_anim","particle":"model_senjata:absolute_blade_texture/absolute_blade_e"},"elements":[{"from":[6.3,22.025,7.575],"to":[7.29,25,8.425],"rotation":{"angle":0,"axis":"y","origin":[5.3,23,7]},"faces":{"north":{"uv":[1.5,2,1.9375,3.5],"texture":"#2"},"east":{"uv":[2,2,2.4375,3.5],"texture":"#2"},"south":{"uv":[2.5,0,2.9375,1.5],"texture":"#2"},"west":{"uv":[2.5,1.5,2.9375,3],"texture":"#2"},"up":{"uv":[5.4375,1.4375,5,1],"texture":"#2"},"down":{"uv":[1.9375,5,1.5,5.4375],"texture":"#2"}}},{"from":[6.975,15.025,7.475],"to":[8.025,18.4,8.525],"rotation":{"angle":22.5,"axis":"z","origin":[7.5,17.3,8]},"faces":{"north":{"uv":[0,0,0.4375,1.5625],"texture":"#2"},"east":{"uv":[0.5,0,0.9375,1.5625],"texture":"#2"},"south":{"uv":[1,0,1.4375,1.5625],"texture":"#2"},"west":{"uv":[1.5,0,1.9375,1.5625],"texture":"#2"},"up":{"uv":[5.4375,1.9375,5,1.5],"texture":"#2"},"down":{"uv":[2.4375,5,2,5.4375],"texture":"#2"}}},{"from":[6.125,18.925,7.375],"to":[7.375,22.5,8.625],"rotation":{"angle":0,"axis":"y","origin":[6.75,21.3,8]},"faces":{"north":{"uv":[0,2,0.4375,3.5625],"texture":"#2"},"east":{"uv":[2,0,2.4375,1.5625],"texture":"#2"},"south":{"uv":[0.5,2,0.9375,3.5625],"texture":"#2"},"west":{"uv":[1,2,1.4375,3.5625],"texture":"#2"},"up":{"uv":[2.9375,5.4375,2.5,5],"texture":"#2"},"down":{"uv":[5.4375,2.5,5,2.9375],"texture":"#2"}}},{"from":[6.1,18.625,7.525],"to":[7.4,19.4,8.475],"rotation":{"angle":-22.5,"axis":"z","origin":[6.75,19.475,8]},"faces":{"north":{"uv":[6.5,7,6.9375,7.1875],"texture":"#2"},"east":{"uv":[5.5,8,5.75,8.1875],"texture":"#2"},"south":{"uv":[7,6.5,7.4375,6.6875],"texture":"#2"},"west":{"uv":[8,5.5,8.25,5.6875],"texture":"#2"},"up":{"uv":[0.4375,6.75,0,6.5],"texture":"#2"},"down":{"uv":[6.9375,0,6.5,0.25],"texture":"#2"}}},{"from":[6.1,16.75,7.325],"to":[7.45,19.8,8.675],"rotation":{"angle":0,"axis":"y","origin":[7.2,18.5,8]},"faces":{"north":{"uv":[3.5,3,3.875,3.75],"texture":"#2"},"east":{"uv":[0,4,0.375,4.75],"texture":"#2"},"south":{"uv":[4,0,4.375,0.75],"texture":"#2"},"west":{"uv":[0.5,4,0.875,4.75],"texture":"#2"},"up":{"uv":[5.875,5.875,5.5,5.5],"texture":"#2"},"down":{"uv":[6.375,0,6,0.375],"texture":"#2"}}},{"from":[6,15,7.275],"to":[7.45,17.425,8.725],"rotation":{"angle":0,"axis":"y","origin":[7,16.125,8]},"faces":{"north":{"uv":[3,0,3.4375,0.9375],"texture":"#2"},"east":{"uv":[3,1,3.4375,1.9375],"texture":"#2"},"south":{"uv":[3,2,3.4375,2.9375],"texture":"#2"},"west":{"uv":[2.5,3,2.9375,3.9375],"texture":"#2"},"up":{"uv":[3.4375,5.4375,3,5],"texture":"#2"},"down":{"uv":[5.4375,3,5,3.4375],"texture":"#2"}}},{"from":[7.25,15.15,7.55],"to":[7.85,16.925,8.45],"rotation":{"angle":-22.5,"axis":"z","origin":[8,15.625,8]},"faces":{"north":{"uv":[0,0,0,0.5625],"texture":"#2"},"east":{"uv":[2.5,7.5,2.625,8.0625],"texture":"#2"},"south":{"uv":[0,0,0,0.5625],"texture":"#2"},"west":{"uv":[7.5,2.5,7.625,3.0625],"texture":"#2"},"up":{"uv":[0,0.125,0,0],"texture":"#2"},"down":{"uv":[0,0,0,0.125],"texture":"#2"}}},{"from":[8.25,14.775,7.55],"to":[8.85,16.925,8.45],"rotation":{"angle":-22.5,"axis":"z","origin":[9,15.625,8]},"faces":{"north":{"uv":[0,0,0,0.75],"texture":"#2"},"east":{"uv":[4,6.5,4.125,7.25],"texture":"#2"},"south":{"uv":[0,0,0,0.75],"texture":"#2"},"west":{"uv":[6.5,4,6.625,4.75],"texture":"#2"},"up":{"uv":[0,0.125,0,0],"texture":"#2"},"down":{"uv":[0,0,0,0.125],"texture":"#2"}}},{"from":[8.275,16.625,7.775],"to":[8.75,18.65,8.225],"rotation":{"angle":-22.5,"axis":"z","origin":[8.9,15.625,8]},"faces":{"north":{"uv":[1,4,1.25,5],"texture":"#2"},"east":{"uv":[4,2,4.25,3],"texture":"#2"},"south":{"uv":[2.5,4,2.75,5],"texture":"#2"},"west":{"uv":[3,4,3.25,5],"texture":"#2"},"up":{"uv":[7.75,6.75,7.5,6.5],"texture":"#2"},"down":{"uv":[7.25,7.5,7,7.75],"texture":"#2"}}},{"from":[10.08484,16.09293,7.85],"to":[10.38484,17.51793,8.15],"rotation":{"angle":0,"axis":"y","origin":[10.22234,16.80543,8]},"faces":{"north":{"uv":[7,1,7.125,1.6875],"texture":"#2"},"east":{"uv":[1.5,7,1.625,7.6875],"texture":"#2"},"south":{"uv":[7,2,7.125,2.6875],"texture":"#2"},"west":{"uv":[7,3,7.125,3.6875],"texture":"#2"},"up":{"uv":[8.625,3.125,8.5,3],"texture":"#2"},"down":{"uv":[3.625,8.5,3.5,8.625],"texture":"#2"}}},{"from":[10.13484,15.16793,7.9],"to":[10.33484,16.21793,8.1],"rotation":{"angle":0,"axis":"y","origin":[10.22234,15.50543,8]},"faces":{"north":{"uv":[7.5,7,7.625,7.5],"texture":"#2"},"east":{"uv":[7.5,7.5,7.625,8],"texture":"#2"},"south":{"uv":[0,8,0.125,8.5],"texture":"#2"},"west":{"uv":[8,0,8.125,0.5],"texture":"#2"},"up":{"uv":[8.625,3.625,8.5,3.5],"texture":"#2"},"down":{"uv":[4.125,8.5,4,8.625],"texture":"#2"}}},{"from":[9.73484,17.44293,7.8],"to":[10.28484,19.31793,8.2],"rotation":{"angle":22.5,"axis":"z","origin":[10.12234,18.15543,8]},"faces":{"north":{"uv":[4,3,4.25,3.9375],"texture":"#2"},"east":{"uv":[4,5,4.1875,5.9375],"texture":"#2"},"south":{"uv":[3.5,4,3.75,4.9375],"texture":"#2"},"west":{"uv":[4.5,5,4.6875,5.9375],"texture":"#2"},"up":{"uv":[6.25,8.1875,6,8],"texture":"#2"},"down":{"uv":[8.25,6,8,6.1875],"texture":"#2"}}},{"from":[9.53484,18.26793,7.75],"to":[9.93484,19.84293,8.25],"rotation":{"angle":0,"axis":"y","origin":[9.84734,18.98043,8]},"faces":{"north":{"uv":[5.5,1.5,5.6875,2.3125],"texture":"#2"},"east":{"uv":[5,0,5.25,0.8125],"texture":"#2"},"south":{"uv":[2,5.5,2.1875,6.3125],"texture":"#2"},"west":{"uv":[1,5,1.25,5.8125],"texture":"#2"},"up":{"uv":[6.6875,8.25,6.5,8],"texture":"#2"},"down":{"uv":[8.1875,6.5,8,6.75],"texture":"#2"}}},{"from":[9.30984,19.74293,7.8],"to":[9.65984,21.31793,8.2],"rotation":{"angle":22.5,"axis":"z","origin":[9.59734,20.45543,8]},"faces":{"north":{"uv":[2.5,5.5,2.6875,6.3125],"texture":"#2"},"east":{"uv":[5.5,2.5,5.6875,3.3125],"texture":"#2"},"south":{"uv":[3,5.5,3.1875,6.3125],"texture":"#2"},"west":{"uv":[3.5,5.5,3.6875,6.3125],"texture":"#2"},"up":{"uv":[8.6875,0.1875,8.5,0],"texture":"#2"},"down":{"uv":[0.6875,8.5,0.5,8.6875],"texture":"#2"}}},{"from":[9,20.74293,7.8],"to":[9.35,22.31793,8.2],"rotation":{"angle":22.5,"axis":"z","origin":[9.59734,21.45543,8]},"faces":{"north":{"uv":[2.5,5.5,2.6875,6.3125],"texture":"#2"},"east":{"uv":[5.5,2.5,5.6875,3.3125],"texture":"#2"},"south":{"uv":[3,5.5,3.1875,6.3125],"texture":"#2"},"west":{"uv":[3.5,5.5,3.6875,6.3125],"texture":"#2"},"up":{"uv":[8.6875,0.1875,8.5,0],"texture":"#2"},"down":{"uv":[0.6875,8.5,0.5,8.6875],"texture":"#2"}}},{"from":[8.30984,21.67777,7.8],"to":[8.65984,24.25277,8.2],"rotation":{"angle":45,"axis":"z","origin":[8.59734,22.45543,8]},"faces":{"north":{"uv":[2.5,5.5,2.6875,6.3125],"texture":"#2"},"east":{"uv":[5.5,2.5,5.6875,3.3125],"texture":"#2"},"south":{"uv":[3,5.5,3.1875,6.3125],"texture":"#2"},"west":{"uv":[3.5,5.5,3.6875,6.3125],"texture":"#2"},"up":{"uv":[8.6875,0.1875,8.5,0],"texture":"#2"},"down":{"uv":[0.6875,8.5,0.5,8.6875],"texture":"#2"}}},{"from":[8.13484,17.56793,7.7],"to":[8.63484,19.49293,8.3],"rotation":{"angle":-45,"axis":"z","origin":[8.49734,18.28043,8]},"faces":{"north":{"uv":[4,4,4.25,4.9375],"texture":"#2"},"east":{"uv":[2,3.5,2.3125,4.4375],"texture":"#2"},"south":{"uv":[4.5,0,4.75,0.9375],"texture":"#2"},"west":{"uv":[3.5,2,3.8125,2.9375],"texture":"#2"},"up":{"uv":[7.75,0.3125,7.5,0],"texture":"#2"},"down":{"uv":[0.75,7.5,0.5,7.8125],"texture":"#2"}}},{"from":[8.93484,19.06793,7.775],"to":[9.43484,20.11793,8.225],"rotation":{"angle":-22.5,"axis":"z","origin":[9.29734,18.95543,8]},"faces":{"north":{"uv":[6,3,6.25,3.5],"texture":"#2"},"east":{"uv":[6,3.5,6.25,4],"texture":"#2"},"south":{"uv":[4,6,4.25,6.5],"texture":"#2"},"west":{"uv":[6,4,6.25,4.5],"texture":"#2"},"up":{"uv":[0.75,8.25,0.5,8],"texture":"#2"},"down":{"uv":[8.25,0.5,8,0.75],"texture":"#2"}}},{"from":[8.2,16.59293,7.6],"to":[8.9,18.49293,8.4],"rotation":{"angle":-22.5,"axis":"z","origin":[8.62234,18.30543,8]},"faces":{"north":{"uv":[5,4,5.375,4.4375],"texture":"#2"},"east":{"uv":[5.5,0,5.875,0.4375],"texture":"#2"},"south":{"uv":[0.5,5.5,0.875,5.9375],"texture":"#2"},"west":{"uv":[5.5,0.5,5.875,0.9375],"texture":"#2"},"up":{"uv":[0.875,6.375,0.5,6],"texture":"#2"},"down":{"uv":[6.375,0.5,6,0.875],"texture":"#2"}}},{"from":[7.04798,15.08211,7.7],"to":[8.42298,15.35711,8.3],"rotation":{"angle":22.5,"axis":"z","origin":[7.99798,15.25711,8]},"faces":{"north":{"uv":[7,4,7.6875,4.125],"texture":"#2"},"east":{"uv":[8,8,8.3125,8.125],"texture":"#2"},"south":{"uv":[4.5,7,5.1875,7.125],"texture":"#2"},"west":{"uv":[0,8.5,0.3125,8.625],"texture":"#2"},"up":{"uv":[2.1875,4.8125,1.5,4.5],"texture":"#2"},"down":{"uv":[5.1875,2,4.5,2.3125],"texture":"#2"}}},{"from":[8.14798,13.83211,7.7],"to":[8.49798,15.20711,8.3],"rotation":{"angle":0,"axis":"y","origin":[8.24798,14.78211,8]},"faces":{"north":{"uv":[1,6,1.1875,6.6875],"texture":"#2"},"east":{"uv":[4.5,2.5,4.8125,3.1875],"texture":"#2"},"south":{"uv":[6,1,6.1875,1.6875],"texture":"#2"},"west":{"uv":[4.5,3.5,4.8125,4.1875],"texture":"#2"},"up":{"uv":[8.1875,3.3125,8,3],"texture":"#2"},"down":{"uv":[3.6875,8,3.5,8.3125],"texture":"#2"}}},{"from":[7.37398,14.50811,7.701],"to":[8.42198,14.85611,8.299],"rotation":{"angle":22.5,"axis":"z","origin":[7.99798,14.75711,8]},"faces":{"north":{"uv":[6.5,5,7,5.1875],"texture":"#2"},"east":{"uv":[8,3.5,8.3125,3.6875],"texture":"#2"},"south":{"uv":[6.5,5.5,7,5.6875],"texture":"#2"},"west":{"uv":[8,4,8.3125,4.1875],"texture":"#2"},"up":{"uv":[6,1.3125,5.5,1],"texture":"#2"},"down":{"uv":[2,5.5,1.5,5.8125],"texture":"#2"}}},{"from":[6.79798,14.20711,7.775],"to":[7.49798,14.53211,8.225],"rotation":{"angle":45,"axis":"z","origin":[7.37298,14.45711,8]},"faces":{"north":{"uv":[3,7.5,3.375,7.6875],"texture":"#2"},"east":{"uv":[7,8,7.25,8.1875],"texture":"#2"},"south":{"uv":[3.5,7.5,3.875,7.6875],"texture":"#2"},"west":{"uv":[8,7,8.25,7.1875],"texture":"#2"},"up":{"uv":[6.375,6.75,6,6.5],"texture":"#2"},"down":{"uv":[6.875,6,6.5,6.25],"texture":"#2"}}},{"from":[6.17498,13.58411,7.852],"to":[6.52098,15.18011,8.148],"rotation":{"angle":22.5,"axis":"z","origin":[6.27298,14.75711,8]},"faces":{"north":{"uv":[5.5,3.5,5.6875,4.3125],"texture":"#2"},"east":{"uv":[6.5,3,6.625,3.8125],"texture":"#2"},"south":{"uv":[5.5,4.5,5.6875,5.3125],"texture":"#2"},"west":{"uv":[3.5,6.5,3.625,7.3125],"texture":"#2"},"up":{"uv":[8.6875,1.625,8.5,1.5],"texture":"#2"},"down":{"uv":[2.1875,8.5,2,8.625],"texture":"#2"}}},{"from":[6.62598,13.16011,7.853],"to":[6.89498,14.40411,8.147],"rotation":{"angle":0,"axis":"y","origin":[6.64798,13.98211,8]},"faces":{"north":{"uv":[7.5,0.5,7.625,1.125],"texture":"#2"},"east":{"uv":[1,7.5,1.125,8.125],"texture":"#2"},"south":{"uv":[7.5,1.5,7.625,2.125],"texture":"#2"},"west":{"uv":[2,7.5,2.125,8.125],"texture":"#2"},"up":{"uv":[8.625,4.125,8.5,4],"texture":"#2"},"down":{"uv":[4.625,8.5,4.5,8.625],"texture":"#2"}}},{"from":[6.72398,14.18311,7.851],"to":[7.07198,15.18111,8.149],"rotation":{"angle":-22.5,"axis":"z","origin":[6.82298,14.75711,8]},"faces":{"north":{"uv":[6.5,6.5,6.6875,7],"texture":"#2"},"east":{"uv":[8,1,8.125,1.5],"texture":"#2"},"south":{"uv":[0,7,0.1875,7.5],"texture":"#2"},"west":{"uv":[1.5,8,1.625,8.5],"texture":"#2"},"up":{"uv":[8.6875,2.125,8.5,2],"texture":"#2"},"down":{"uv":[2.6875,8.5,2.5,8.625],"texture":"#2"}}},{"from":[6.97298,13.05711,7.825],"to":[7.29798,14.23211,8.175],"rotation":{"angle":-22.5,"axis":"z","origin":[7.04798,14.00711,8]},"faces":{"north":{"uv":[2,6.5,2.1875,7.0625],"texture":"#2"},"east":{"uv":[6.5,2,6.6875,2.5625],"texture":"#2"},"south":{"uv":[2.5,6.5,2.6875,7.0625],"texture":"#2"},"west":{"uv":[3,6.5,3.1875,7.0625],"texture":"#2"},"up":{"uv":[8.6875,0.6875,8.5,0.5],"texture":"#2"},"down":{"uv":[1.1875,8.5,1,8.6875],"texture":"#2"}}},{"from":[6.64798,12.53211,7.875],"to":[6.89798,13.70711,8.125],"rotation":{"angle":0,"axis":"y","origin":[6.69798,13.48211,8]},"faces":{"north":{"uv":[4,7.5,4.125,8.0625],"texture":"#2"},"east":{"uv":[4.5,7.5,4.625,8.0625],"texture":"#2"},"south":{"uv":[7.5,4.5,7.625,5.0625],"texture":"#2"},"west":{"uv":[5,7.5,5.125,8.0625],"texture":"#2"},"up":{"uv":[8.625,4.625,8.5,4.5],"texture":"#2"},"down":{"uv":[5.125,8.5,5,8.625],"texture":"#2"}}},{"from":[7.99798,12.60711,7.775],"to":[8.34798,13.98211,8.225],"rotation":{"angle":-22.5,"axis":"z","origin":[8.09798,13.55711,8]},"faces":{"north":{"uv":[1.5,6,1.6875,6.6875],"texture":"#2"},"east":{"uv":[5,5,5.25,5.6875],"texture":"#2"},"south":{"uv":[6,2,6.1875,2.6875],"texture":"#2"},"west":{"uv":[0,5.5,0.25,6.1875],"texture":"#2"},"up":{"uv":[7.6875,8.25,7.5,8],"texture":"#2"},"down":{"uv":[8.1875,7.5,8,7.75],"texture":"#2"}}},{"from":[7.39798,12.13211,7.825],"to":[7.74798,12.90711,8.175],"rotation":{"angle":-45,"axis":"z","origin":[7.49798,12.48211,8]},"faces":{"north":{"uv":[7.5,3.5,7.6875,3.875],"texture":"#2"},"east":{"uv":[7.5,5.5,7.6875,5.875],"texture":"#2"},"south":{"uv":[7.5,6,7.6875,6.375],"texture":"#2"},"west":{"uv":[6.5,7.5,6.6875,7.875],"texture":"#2"},"up":{"uv":[8.6875,1.1875,8.5,1],"texture":"#2"},"down":{"uv":[1.6875,8.5,1.5,8.6875],"texture":"#2"}}},{"from":[7.07298,10.98211,7.85],"to":[7.37298,12.33211,8.15],"rotation":{"angle":-22.5,"axis":"z","origin":[7.14798,11.93211,8]},"faces":{"north":{"uv":[7,4.5,7.125,5.1875],"texture":"#2"},"east":{"uv":[5.5,7,5.625,7.6875],"texture":"#2"},"south":{"uv":[7,5.5,7.125,6.1875],"texture":"#2"},"west":{"uv":[6,7,6.125,7.6875],"texture":"#2"},"up":{"uv":[8.625,5.125,8.5,5],"texture":"#2"},"down":{"uv":[5.625,8.5,5.5,8.625],"texture":"#2"}}},{"from":[6.72298,9.23211,7.875],"to":[6.97298,11.13211,8.125],"rotation":{"angle":0,"axis":"y","origin":[6.77298,10.70711,8]},"faces":{"north":{"uv":[4.5,6,4.625,6.9375],"texture":"#2"},"east":{"uv":[6,4.5,6.125,5.4375],"texture":"#2"},"south":{"uv":[5,6,5.125,6.9375],"texture":"#2"},"west":{"uv":[5.5,6,5.625,6.9375],"texture":"#2"},"up":{"uv":[8.625,5.625,8.5,5.5],"texture":"#2"},"down":{"uv":[6.125,8.5,6,8.625],"texture":"#2"}}},{"from":[6.95772,14.71243,7.65],"to":[7.55772,15.53743,8.35],"rotation":{"angle":-45,"axis":"z","origin":[7.25772,15.23743,8]},"faces":{"north":{"uv":[0,0,0,0.125],"texture":"#2"},"east":{"uv":[8.5,6,8.5625,6.125],"texture":"#2"},"south":{"uv":[0,0,0,0.125],"texture":"#2"},"west":{"uv":[6.5,8.5,6.5625,8.625],"texture":"#2"},"up":{"uv":[0,0.0625,0,0],"texture":"#2"},"down":{"uv":[0,0,0,0.0625],"texture":"#2"}}},{"from":[6.28272,14.71243,7.725],"to":[7.05772,15.21243,8.275],"rotation":{"angle":0,"axis":"y","origin":[6.85772,14.98743,8]},"faces":{"north":{"uv":[7,0,7.375,0.25],"texture":"#2"},"east":{"uv":[8,1.5,8.25,1.75],"texture":"#2"},"south":{"uv":[0.5,7,0.875,7.25],"texture":"#2"},"west":{"uv":[8,2,8.25,2.25],"texture":"#2"},"up":{"uv":[7.375,0.75,7,0.5],"texture":"#2"},"down":{"uv":[1.375,7,1,7.25],"texture":"#2"}}},{"from":[5.63272,14.71243,7.775],"to":[6.48272,15.18743,8.225],"rotation":{"angle":-45,"axis":"z","origin":[6.28272,14.98743,8]},"faces":{"north":{"uv":[0.5,6.5,0.9375,6.75],"texture":"#2"},"east":{"uv":[8,2.5,8.25,2.75],"texture":"#2"},"south":{"uv":[6.5,0.5,6.9375,0.75],"texture":"#2"},"west":{"uv":[3,8,3.25,8.25],"texture":"#2"},"up":{"uv":[6.9375,1.25,6.5,1],"texture":"#2"},"down":{"uv":[6.9375,1.5,6.5,1.75],"texture":"#2"}}},{"from":[5.65772,15.18743,7.85],"to":[5.98272,16.11243,8.15],"rotation":{"angle":22.5,"axis":"z","origin":[5.85772,15.38743,8]},"faces":{"north":{"uv":[7,7,7.1875,7.4375],"texture":"#2"},"east":{"uv":[8,4.5,8.125,4.9375],"texture":"#2"},"south":{"uv":[0,7.5,0.1875,7.9375],"texture":"#2"},"west":{"uv":[8,5,8.125,5.4375],"texture":"#2"},"up":{"uv":[8.6875,2.625,8.5,2.5],"texture":"#2"},"down":{"uv":[3.1875,8.5,3,8.625],"texture":"#2"}}},{"from":[6.201,24.501,7.576],"to":[7.049,25.849,8.424],"rotation":{"angle":22.5,"axis":"z","origin":[6.625,25.5,8]},"faces":{"north":{"uv":[3,3,3.4375,3.6875],"texture":"#2"},"east":{"uv":[3.5,0,3.9375,0.6875],"texture":"#2"},"south":{"uv":[3.5,1,3.9375,1.6875],"texture":"#2"},"west":{"uv":[1.5,3.5,1.9375,4.1875],"texture":"#2"},"up":{"uv":[3.9375,5.4375,3.5,5],"texture":"#2"},"down":{"uv":[5.4375,3.5,5,3.9375],"texture":"#2"}}},{"from":[4.901,25.626,7.626],"to":[7.249,26.224,8.374],"rotation":{"angle":-22.5,"axis":"z","origin":[6.25,26,8]},"faces":{"north":{"uv":[4.5,4.5,5.1875,4.8125],"texture":"#2"},"east":{"uv":[6,5.5,6.375,5.8125],"texture":"#2"},"south":{"uv":[0,5,0.6875,5.3125],"texture":"#2"},"west":{"uv":[6,6,6.375,6.3125],"texture":"#2"},"up":{"uv":[4.6875,1.375,4,1],"texture":"#2"},"down":{"uv":[4.6875,1.5,4,1.875],"texture":"#2"}}},{"name":"blade","from":[5.27298,-16,8],"to":[9.77298,16.30711,8],"rotation":{"angle":0,"axis":"y","origin":[6.77298,10.70711,8]},"faces":{"north":{"uv":[0,0,1.125,8.07813],"texture":"#0"},"east":{"uv":[0,0,0,8.07813],"texture":"#0"},"south":{"uv":[1.125,0,0,8.07813],"texture":"#0"},"west":{"uv":[0,0,0,8.07813],"texture":"#0"},"up":{"uv":[1.125,0,0,0],"texture":"#0"},"down":{"uv":[1.125,0,0,0],"texture":"#0"}}},{"name":"blade","from":[7.27298,-10,7.925],"to":[11.77298,-0.69289,7.925],"light_emission":10,"rotation":{"angle":22.5,"axis":"z","origin":[8.77298,-6.29289,7.925]},"faces":{"north":{"uv":[0,0,1.125,8.07813],"texture":"#0"},"east":{"uv":[0,0,0,8.07813],"texture":"#0"},"south":{"uv":[1.125,0,0,8.07813],"texture":"#0"},"west":{"uv":[0,0,0,8.07813],"texture":"#0"},"up":{"uv":[1.125,0,0,0],"texture":"#0"},"down":{"uv":[1.125,0,0,0],"texture":"#0"}}},{"name":"blade","from":[7.27298,-10,8.05],"to":[11.77298,-0.69289,8.05],"light_emission":10,"rotation":{"angle":22.5,"axis":"z","origin":[8.77298,-6.29289,8.05]},"faces":{"north":{"uv":[0,0,1.125,8.07813],"texture":"#0"},"east":{"uv":[0,0,0,8.07813],"texture":"#0"},"south":{"uv":[1.125,0,0,8.07813],"texture":"#0"},"west":{"uv":[0,0,0,8.07813],"texture":"#0"},"up":{"uv":[1.125,0,0,0],"texture":"#0"},"down":{"uv":[1.125,0,0,0],"texture":"#0"}}},{"name":"blade","from":[7.27298,0,7.975],"to":[11.77298,9.30711,7.975],"light_emission":15,"rotation":{"angle":22.5,"axis":"z","origin":[8.77298,3.70711,7.975]},"faces":{"north":{"uv":[0,0,1.125,8.07813],"texture":"#0"},"east":{"uv":[0,0,0,8.07813],"texture":"#0"},"south":{"uv":[1.125,0,0,8.07813],"texture":"#0"},"west":{"uv":[0,0,0,8.07813],"texture":"#0"},"up":{"uv":[1.125,0,0,0],"texture":"#0"},"down":{"uv":[1.125,0,0,0],"texture":"#0"}}},{"name":"blade","from":[7.27298,0,8.025],"to":[11.77298,9.30711,8.025],"light_emission":15,"rotation":{"angle":22.5,"axis":"z","origin":[8.77298,3.70711,8.025]},"faces":{"north":{"uv":[0,0,1.125,8.07813],"texture":"#0"},"east":{"uv":[0,0,0,8.07813],"texture":"#0"},"south":{"uv":[1.125,0,0,8.07813],"texture":"#0"},"west":{"uv":[0,0,0,8.07813],"texture":"#0"},"up":{"uv":[1.125,0,0,0],"texture":"#0"},"down":{"uv":[1.125,0,0,0],"texture":"#0"}}},{"name":"blade","from":[7.27298,9,7.975],"to":[11.77298,16.30711,7.975],"light_emission":12,"rotation":{"angle":22.5,"axis":"z","origin":[8.77298,12.70711,7.975]},"faces":{"north":{"uv":[0,0,1.125,8.07813],"texture":"#0"},"east":{"uv":[0,0,0,8.07813],"texture":"#0"},"south":{"uv":[1.125,0,0,8.07813],"texture":"#0"},"west":{"uv":[0,0,0,8.07813],"texture":"#0"},"up":{"uv":[1.125,0,0,0],"texture":"#0"},"down":{"uv":[1.125,0,0,0],"texture":"#0"}}},{"name":"animation","from":[5.27298,-16,7.75],"to":[9.77298,16.30711,8.25],"rotation":{"angle":0,"axis":"y","origin":[6.77298,10.70711,8]},"faces":{"north":{"uv":[2.375,0,1.25,8.0625],"texture":"#4"},"east":{"uv":[2.5,0,2.65625,8.0625],"texture":"#4"},"south":{"uv":[1.25,0,2.375,8.0625],"texture":"#4"},"west":{"uv":[2.75,0,2.90625,8.0625],"texture":"#4"},"up":{"uv":[4.125,0.15625,3,0],"texture":"#4"},"down":{"uv":[4.125,0.25,3,0.40625],"texture":"#4"}}},{"name":"kanji","from":[6.9375,6.275,8.025],"to":[8.1375,12.2,8.125],"rotation":{"angle":0,"axis":"y","origin":[6.3375,5.6,7.075]},"faces":{"north":{"uv":[8.23125,0,3.8125,15.9875],"texture":"#1"},"east":{"uv":[0,0,0,2.8],"texture":"#1"},"south":{"uv":[3.75,0,8.23125,16.2375],"texture":"#1"},"west":{"uv":[0,0,0,2.8],"texture":"#1"},"up":{"uv":[0,0,0.66875,0],"texture":"#1"},"down":{"uv":[0,0,0.66875,0],"texture":"#1"}}},{"name":"kanji","from":[6.9375,6.275,7.825],"to":[8.1375,12.2,7.925],"rotation":{"angle":0,"axis":"y","origin":[6.3375,5.6,6.875]},"faces":{"north":{"uv":[8.23125,0,3.8125,15.9875],"texture":"#1"},"east":{"uv":[0,0,0,2.8],"texture":"#1"},"south":{"uv":[3.75,0,8.23125,16.2375],"texture":"#1"},"west":{"uv":[0,0,0,2.8],"texture":"#1"},"up":{"uv":[0,0,0.66875,0],"texture":"#1"},"down":{"uv":[0,0,0.66875,0],"texture":"#1"}}}],"display":{"thirdperson_righthand":{"rotation":[-11.46,-88.85,158.26],"translation":[0,12,2],"scale":[1.14648,1.14648,1.14648]},"thirdperson_lefthand":{"rotation":[68,0,-41],"translation":[-4.5,-5.5,8.75],"scale":[1.14648,1.14648,1.14648]},"firstperson_righthand":{"rotation":[149,-80.76,-46.74],"translation":[2.25,6.25,1.25],"scale":[0.67188,0.67188,0.67188]},"firstperson_lefthand":{"rotation":[180,109,-18],"translation":[-2,6.5,5.5],"scale":[0,0,0]},"ground":{"rotation":[63,27,17]},"gui":{"rotation":[0,0,130.75],"scale":[0.48438,0.48438,0.48438]},"head":{"translation":[0,-33.25,-22.75],"scale":[1.74609,1.54102,1]},"fixed":{"rotation":[-89,0,0],"translation":[0,0,-35],"scale":[2.4082,2.4082,2.4082]}}}