{"credit":"Made with Blockbench","textures":{"1":"model_senjata:sword_biru_texture/bladeh","2":"model_senjata:sword_biru_texture/aduhayyyuy","3":"model_senjata:sword_biru_texture/ganggangbru","particle":"model_senjata:sword_biru_texture/ganggangbru"},"elements":[{"from":[7.1,2.55,7.6],"to":[8.65,4,8.4],"rotation":{"angle":0,"axis":"y","origin":[7,2,7]},"faces":{"north":{"uv":[6,0,4,1.75],"texture":"#3"},"east":{"uv":[5,8,4,9.75],"texture":"#3"},"south":{"uv":[6,2,4,3.75],"texture":"#3"},"west":{"uv":[9,7,8,8.75],"texture":"#3"},"up":{"uv":[2,6,4,5],"texture":"#3"},"down":{"uv":[7,3,9,4],"texture":"#3"}}},{"from":[7.25,4,7.75],"to":[8.5,9,8.25],"rotation":{"angle":0,"axis":"y","origin":[7,4,7]},"faces":{"north":{"uv":[0,0,1.25,5],"texture":"#3"},"east":{"uv":[6,7,6.5,12],"texture":"#3"},"south":{"uv":[2,0,3.25,5],"texture":"#3"},"west":{"uv":[7,7,7.5,12],"texture":"#3"},"up":{"uv":[11.25,6.5,10,6],"texture":"#3"},"down":{"uv":[11.25,7,10,7.5],"texture":"#3"}}},{"from":[7.1,8.15,7.5],"to":[7.85,9.5,8.425],"rotation":{"angle":45,"axis":"z","origin":[6.35,8.15,7]},"faces":{"north":{"uv":[8,9,8.75,10.34375],"texture":"#3"},"east":{"uv":[9,0,9.9375,1.34375],"texture":"#3"},"south":{"uv":[9,9,9.75,10.34375],"texture":"#3"},"west":{"uv":[9,3,9.9375,4.34375],"texture":"#3"},"up":{"uv":[4.75,10.9375,4,10],"texture":"#3"},"down":{"uv":[10.75,4,10,4.9375],"texture":"#3"}}},{"from":[6.45,0.45,8],"to":[8.65,2.6,8],"rotation":{"angle":0,"axis":"y","origin":[6.65,0.6,6]},"faces":{"north":{"uv":[4,4,6,5.75],"texture":"#3"},"east":{"uv":[0,0,0,1.75],"texture":"#3"},"south":{"uv":[0,5,2,6.75],"texture":"#3"},"west":{"uv":[0,0,0,1.75],"texture":"#3"},"up":{"uv":[2,0,0,0],"texture":"#3"},"down":{"uv":[2,0,0,0],"texture":"#3"}}},{"from":[7,9.25,8],"to":[8.75,11.25,8],"rotation":{"angle":0,"axis":"y","origin":[9,9.25,6]},"faces":{"north":{"uv":[4,4,6,5.75],"rotation":90,"texture":"#3"},"east":{"uv":[2,0,0,0],"rotation":270,"texture":"#3"},"south":{"uv":[0,5,2,6.75],"rotation":270,"texture":"#3"},"west":{"uv":[2,0,0,0],"rotation":270,"texture":"#3"},"up":{"uv":[0,0,0,1.75],"rotation":270,"texture":"#3"},"down":{"uv":[0,0,0,1.75],"rotation":270,"texture":"#3"}}},{"from":[5.85,9.9,7.5],"to":[6.6,13.25,8.425],"rotation":{"angle":-22.5,"axis":"z","origin":[5.1,9.9,7]},"faces":{"north":{"uv":[0,7,0.75,10.34375],"texture":"#3"},"east":{"uv":[6,2,6.9375,5.34375],"texture":"#3"},"south":{"uv":[1,7,1.75,10.34375],"texture":"#3"},"west":{"uv":[5,6,5.9375,9.34375],"texture":"#3"},"up":{"uv":[5.75,10.9375,5,10],"texture":"#3"},"down":{"uv":[10.75,5,10,5.9375],"texture":"#3"}}},{"from":[6.75,6.25,8],"to":[8.25,7.5,8],"rotation":{"angle":45,"axis":"z","origin":[6.25,5.75,6]},"faces":{"north":{"uv":[3.5,8,2,9.25],"texture":"#3"},"east":{"uv":[0,0,0,1.25],"texture":"#3"},"south":{"uv":[2,8,3.5,9.25],"texture":"#3"},"west":{"uv":[0,0,0,1.25],"texture":"#3"},"up":{"uv":[1.5,0,0,0],"texture":"#3"},"down":{"uv":[1.5,0,0,0],"texture":"#3"}}},{"from":[6.35,8.25,8],"to":[7.85,9.25,8],"rotation":{"angle":45,"axis":"z","origin":[5.85,7.5,6]},"faces":{"north":{"uv":[3.5,8,2,9.25],"texture":"#3"},"east":{"uv":[0,0,0,1.25],"texture":"#3"},"south":{"uv":[2,8,3.5,9.25],"texture":"#3"},"west":{"uv":[0,0,0,1.25],"texture":"#3"},"up":{"uv":[1.5,0,0,0],"texture":"#3"},"down":{"uv":[1.5,0,0,0],"texture":"#3"}}},{"from":[6,7,7.5],"to":[8.7,8.25,8.45],"rotation":{"angle":45,"axis":"z","origin":[6.25,8.5,7]},"faces":{"north":{"uv":[6,0,8.6875,1.25],"texture":"#3"},"east":{"uv":[9,5,9.9375,6.25],"texture":"#3"},"south":{"uv":[2,6,4.6875,7.25],"texture":"#3"},"west":{"uv":[9,7,9.9375,8.25],"texture":"#3"},"up":{"uv":[8.6875,6.9375,6,6],"texture":"#3"},"down":{"uv":[9.6875,2,7,2.9375],"texture":"#3"}}},{"from":[7.6,9,8.05],"to":[8.6,10,9.05],"rotation":{"angle":45,"axis":"y","origin":[7.6,8,7.8]},"faces":{"north":{"uv":[10,0,11,1],"texture":"#3"},"east":{"uv":[10,1,11,2],"texture":"#3"},"south":{"uv":[2,10,3,11],"texture":"#3"},"west":{"uv":[10,2,11,3],"texture":"#3"},"up":{"uv":[4,11,3,10],"texture":"#3"},"down":{"uv":[11,3,10,4],"texture":"#3"}}},{"from":[6.75,12,8.15],"to":[9.5,15.25,8.15],"rotation":{"angle":0,"axis":"y","origin":[7.5,12.5,6.15]},"faces":{"north":{"uv":[11.4375,0,5.9375,6.5],"texture":"#2"},"east":{"uv":[0,0,0,6.5],"texture":"#2"},"south":{"uv":[5.9375,0,11.4375,6.5],"texture":"#2"},"west":{"uv":[0,0,0,6.5],"texture":"#2"},"up":{"uv":[5.5,0,0,0],"texture":"#2"},"down":{"uv":[5.5,0,0,0],"texture":"#2"}}},{"from":[6.75,12,7.75],"to":[9.5,15.25,7.75],"rotation":{"angle":0,"axis":"y","origin":[7.5,12.5,5.75]},"faces":{"north":{"uv":[11.4375,0,5.9375,6.5],"texture":"#2"},"east":{"uv":[0,0,0,6.5],"texture":"#2"},"south":{"uv":[5.9375,0,11.4375,6.5],"texture":"#2"},"west":{"uv":[0,0,0,6.5],"texture":"#2"},"up":{"uv":[5.5,0,0,0],"texture":"#2"},"down":{"uv":[5.5,0,0,0],"texture":"#2"}}},{"from":[5.25,12,8],"to":[9.75,24.25,8],"rotation":{"angle":0,"axis":"y","origin":[7.5,12.5,6]},"faces":{"north":{"uv":[9.5,0,5,12.25],"texture":"#1"},"east":{"uv":[0,0,0,12.25],"texture":"#1"},"south":{"uv":[5,0,9.5,12.25],"texture":"#1"},"west":{"uv":[0,0,0,12.25],"texture":"#1"},"up":{"uv":[4.5,0,0,0],"texture":"#1"},"down":{"uv":[4.5,0,0,0],"texture":"#1"}}},{"from":[5.25,12,7.9],"to":[9.75,24.25,7.9],"light_emission":8,"rotation":{"angle":0,"axis":"y","origin":[7.5,12.5,5.9]},"faces":{"north":{"uv":[9.5,0,5,12.25],"texture":"#1"},"east":{"uv":[0,0,0,12.25],"texture":"#1"},"south":{"uv":[5,0,9.5,12.25],"texture":"#1"},"west":{"uv":[0,0,0,12.25],"texture":"#1"},"up":{"uv":[4.5,0,0,0],"texture":"#1"},"down":{"uv":[4.5,0,0,0],"texture":"#1"}}}],"display":{"thirdperson_righthand":{"rotation":[177,90,0],"translation":[0,-2.5,1.5],"scale":[1.32031,1.04492,1]},"thirdperson_lefthand":{"rotation":[0,91,180],"translation":[-1.75,-0.75,1],"scale":[1.34,1.06,1]},"firstperson_righthand":{"rotation":[0,-99,-6],"translation":[3.5,-5.25,-0.25],"scale":[1.09,1.13,0.99]},"firstperson_lefthand":{"rotation":[0,80,139],"translation":[6,0,0]},"gui":{"rotation":[0,0,-43.5],"translation":[-2.75,-2.5,0]},"fixed":{"rotation":[97.07,-0.5,16.5],"translation":[8.75,3.75,-31.5],"scale":[2.8457,2.8457,2.8457]}}}