{"credit":"MythicMMC Team","textures":{"0":"chaos_skills:skill3_destruction_orb_magic/skill3_destruction_orb_magic_4","particle":"chaos_skills:skill3_destruction_orb_magic/skill3_destruction_orb_magic_4"},"elements":[{"from":[-3,-11,7],"to":[19,13,7],"rotation":{"angle":0,"axis":"y","origin":[7,0,7]},"faces":{"north":{"uv":[0,0,16,16],"texture":"#0"},"east":{"uv":[0,0,0,16],"texture":"#0"},"south":{"uv":[16,0,0,16],"texture":"#0"},"west":{"uv":[0,0,0,16],"texture":"#0"},"up":{"uv":[0,0,16,0],"texture":"#0"},"down":{"uv":[0,0,16,0],"texture":"#0"}}}],"gui_light":"front","display":{"gui":{"scale":[0.35,0.35,0.35]},"head":{"rotation":[90,0,0],"translation":[0,-3,14],"scale":[2.01,2.01,2.01]}}}