{"credit":"MythicMMC Team","textures":{"0":"chaos_skills:skill4_the_terminal_hit/skill4_the_terminal_hit_6","particle":"chaos_skills:skill4_the_terminal_hit/skill4_the_terminal_hit_6"},"elements":[{"from":[8,-16,-16],"to":[8,32,32],"rotation":{"angle":45,"axis":"y","origin":[8,8,8]},"faces":{"north":{"uv":[0,0,0,16],"texture":"#missing"},"east":{"uv":[16,0,0,16],"texture":"#0"},"south":{"uv":[0,0,0,16],"texture":"#missing"},"west":{"uv":[0,0,16,16],"texture":"#0"},"up":{"uv":[0,0,0,16],"texture":"#missing"},"down":{"uv":[0,0,0,16],"texture":"#missing"}}},{"from":[-16,8,-16],"to":[32,8,32],"rotation":{"angle":22.5,"axis":"x","origin":[8,8,8]},"faces":{"north":{"uv":[0,0,0,16],"rotation":90,"texture":"#missing"},"east":{"uv":[0,0,0,16],"rotation":90,"texture":"#missing"},"south":{"uv":[0,0,0,16],"rotation":90,"texture":"#missing"},"west":{"uv":[0,0,0,16],"rotation":270,"texture":"#missing"},"up":{"uv":[0,0,16,16],"texture":"#0"},"down":{"uv":[16,0,0,16],"rotation":180,"texture":"#0"}}},{"from":[-16,8,-16],"to":[32,8,32],"rotation":{"angle":-22.5,"axis":"x","origin":[8,8,8]},"faces":{"north":{"uv":[0,0,0,16],"rotation":90,"texture":"#missing"},"east":{"uv":[0,0,0,16],"rotation":90,"texture":"#missing"},"south":{"uv":[0,0,0,16],"rotation":90,"texture":"#missing"},"west":{"uv":[0,0,0,16],"rotation":270,"texture":"#missing"},"up":{"uv":[0,0,16,16],"texture":"#0"},"down":{"uv":[16,0,0,16],"rotation":180,"texture":"#0"}}},{"from":[-16,8,-16],"to":[32,8,32],"rotation":{"angle":22.5,"axis":"z","origin":[8,8,8]},"faces":{"north":{"uv":[0,0,0,16],"rotation":90,"texture":"#missing"},"east":{"uv":[0,0,0,16],"rotation":90,"texture":"#missing"},"south":{"uv":[0,0,0,16],"rotation":90,"texture":"#missing"},"west":{"uv":[0,0,0,16],"rotation":270,"texture":"#missing"},"up":{"uv":[0,0,16,16],"texture":"#0"},"down":{"uv":[16,0,0,16],"rotation":180,"texture":"#0"}}},{"from":[-16,8,-16],"to":[32,8,32],"rotation":{"angle":-22.5,"axis":"z","origin":[8,8,8]},"faces":{"north":{"uv":[0,0,0,16],"rotation":90,"texture":"#missing"},"east":{"uv":[0,0,0,16],"rotation":90,"texture":"#missing"},"south":{"uv":[0,0,0,16],"rotation":90,"texture":"#missing"},"west":{"uv":[0,0,0,16],"rotation":270,"texture":"#missing"},"up":{"uv":[0,0,16,16],"texture":"#0"},"down":{"uv":[16,0,0,16],"rotation":180,"texture":"#0"}}},{"from":[-16,-16,8],"to":[32,32,8],"rotation":{"angle":-45,"axis":"x","origin":[8,8,8]},"faces":{"north":{"uv":[16,0,0,16],"texture":"#0"},"east":{"uv":[0,0,0,16],"texture":"#missing"},"south":{"uv":[0,0,16,16],"texture":"#0"},"west":{"uv":[0,0,0,16],"texture":"#missing"},"up":{"uv":[0,0,0,16],"rotation":270,"texture":"#missing"},"down":{"uv":[0,0,0,16],"rotation":90,"texture":"#missing"}}},{"from":[-16,-16,8],"to":[32,32,8],"rotation":{"angle":45,"axis":"x","origin":[8,8,8]},"faces":{"north":{"uv":[16,0,0,16],"texture":"#0"},"east":{"uv":[0,0,0,16],"texture":"#missing"},"south":{"uv":[0,0,16,16],"texture":"#0"},"west":{"uv":[0,0,0,16],"texture":"#missing"},"up":{"uv":[0,0,0,16],"rotation":270,"texture":"#missing"},"down":{"uv":[0,0,0,16],"rotation":90,"texture":"#missing"}}},{"from":[8,-16,-16],"to":[8,32,32],"rotation":{"angle":-45,"axis":"y","origin":[8,8,8]},"faces":{"north":{"uv":[0,0,0,16],"texture":"#missing"},"east":{"uv":[16,0,0,16],"texture":"#0"},"south":{"uv":[0,0,0,16],"texture":"#missing"},"west":{"uv":[0,0,16,16],"texture":"#0"},"up":{"uv":[0,0,0,16],"texture":"#missing"},"down":{"uv":[0,0,0,16],"texture":"#missing"}}}],"gui_light":"front","display":{"thirdperson_righthand":{"translation":[-6,-2,3.5],"scale":[4,4,4]},"gui":{"scale":[0.31,0.31,0.31]},"head":{"translation":[0,-14.25,0],"scale":[4,4,4]}}}