{"credit":"Made by samus2002","textures":{"0":"bloodmoon_vampire:bloodmoon_vampire_texture/bloodmoon_orb_a","particle":"bloodmoon_vampire:bloodmoon_vampire_texture/bloodmoon_orb_a"},"elements":[{"from":[-2,8,-2],"to":[18,8,18],"rotation":{"angle":0,"axis":"y","origin":[8,8,8]},"faces":{"north":{"uv":[0,0,0,16],"rotation":90,"texture":"#0"},"east":{"uv":[0,0,16,0],"rotation":180,"texture":"#0"},"south":{"uv":[0,0,0,16],"rotation":270,"texture":"#0"},"west":{"uv":[0,0,16,0],"texture":"#0"},"up":{"uv":[3,3.125,13,13.125],"rotation":270,"texture":"#0"},"down":{"uv":[13,3.125,3,13.125],"rotation":270,"texture":"#0"}}},{"from":[-2,-2,8],"to":[18,18,8],"rotation":{"angle":0,"axis":"y","origin":[8,8,8]},"faces":{"north":{"uv":[3,3.125,13,13.125],"rotation":90,"texture":"#0"},"east":{"uv":[0,0,16,0],"rotation":270,"texture":"#0"},"south":{"uv":[13,3.125,3,13.125],"rotation":270,"texture":"#0"},"west":{"uv":[0,0,16,0],"rotation":270,"texture":"#0"},"up":{"uv":[0,0,0,16],"rotation":270,"texture":"#0"},"down":{"uv":[0,0,0,16],"rotation":270,"texture":"#0"}}}],"gui_light":"front","display":{"thirdperson_righthand":{"rotation":[34,98,0],"translation":[0,3.5,0]},"thirdperson_lefthand":{"rotation":[34,98,0],"translation":[0,3.5,0]},"firstperson_righthand":{"rotation":[11,94,2],"translation":[0,3.5,0]},"firstperson_lefthand":{"rotation":[11,94,2],"translation":[0,3.5,0]},"gui":{"translation":[0.25,-0.25,0],"scale":[1.1,1.1,1.1]},"fixed":{"translation":[0.25,-0.25,0],"scale":[1.1,1.1,1.1]}}}