{"credit":"Made by samus2002","textures":{"0":"bloodmoon_vampire:bloodmoon_vampire_texture/icon_bloodborne_blades","particle":"bloodmoon_vampire:bloodmoon_vampire_texture/icon_bloodborne_blades"},"elements":[{"from":[-8.5,-15.5,8],"to":[24.5,17.5,8],"rotation":{"angle":0,"axis":"y","origin":[8,1,8]},"faces":{"north":{"uv":[15.968,15.968,0.032,0.032],"rotation":180,"texture":"#0"},"east":{"uv":[1.032,1.032,3,3],"rotation":90,"texture":"#0"},"south":{"uv":[0.032,15.968,15.968,0.032],"rotation":180,"texture":"#0"},"west":{"uv":[1.032,1.032,3,3],"rotation":270,"texture":"#0"},"up":{"uv":[1.032,1.032,3,3],"texture":"#0"},"down":{"uv":[1.032,1.032,3,3],"rotation":180,"texture":"#0"}}}],"gui_light":"front","display":{"gui":{"rotation":[0,180,0],"translation":[0,3.5,0],"scale":[0.5,0.5,0.5]},"head":{"translation":[0,-26.5,0],"scale":[2.5,2.5,2.5]},"fixed":{"translation":[0,4.25,-0.75],"scale":[0.6,0.6,0.6]}}}