{"credit":"MythicMMC Team","textures":{"0":"chaos_skills:skill6_eful/skill6_eful_4","particle":"chaos_skills:skill6_eful/skill6_eful_4"},"elements":[{"from":[-14,4.25,-12],"to":[26,4.25,28],"rotation":{"angle":0,"axis":"y","origin":[7,0,7]},"faces":{"north":{"uv":[0,0,16,0],"texture":"#0"},"east":{"uv":[0,0,16,0],"texture":"#0"},"south":{"uv":[0,0,16,0],"texture":"#0"},"west":{"uv":[0,0,16,0],"texture":"#0"},"up":{"uv":[0,0,16,16],"rotation":90,"texture":"#0"},"down":{"uv":[0,16,16,0],"rotation":270,"texture":"#0"}}},{"from":[-16,2.25,-16],"to":[32,2.25,32],"rotation":{"angle":0,"axis":"y","origin":[7,0,7]},"faces":{"north":{"uv":[0,0,16,0],"texture":"#0"},"east":{"uv":[0,0,16,0],"texture":"#0"},"south":{"uv":[0,0,16,0],"texture":"#0"},"west":{"uv":[0,0,16,0],"texture":"#0"},"up":{"uv":[0,0,16,16],"texture":"#0"},"down":{"uv":[0,16,16,0],"texture":"#0"}}}],"display":{"head":{"rotation":[90,0,0],"translation":[0,-4.25,4.75],"scale":[1.3,1,1.5]}}}