{"credit":"Made with Blockbench","texture_size":[128,128],"textures":{"1":"monkeygod:monkeygod_ruyi/vfx_ruyijingubang_1","particle":"monkeygod:monkeygod_ruyi/vfx_ruyijingubang_1_e"},"elements":[{"from":[8.03125,12.875,8],"to":[8.53125,19.625,8.5],"rotation":{"angle":0,"axis":"y","origin":[8.28125,16.25,8.25]},"faces":{"north":{"uv":[5.125,1.5,8.5,1.75],"rotation":90,"texture":"#1"},"east":{"uv":[8.5,2.25,5.125,2.5],"rotation":270,"texture":"#1"},"south":{"uv":[5.125,1.75,8.5,2],"rotation":270,"texture":"#1"},"west":{"uv":[8.5,2.25,5.125,2],"rotation":270,"texture":"#1"}}},{"name":"cube_outline","from":[8.65625,19.75,8.625],"to":[7.90625,12.75,7.875],"rotation":{"angle":0,"axis":"y","origin":[8.53125,13.875,8.25]},"faces":{"north":{"uv":[5.125,0,8.625,0.375],"rotation":90,"texture":"#1"},"east":{"uv":[8.625,1.125,5.125,1.5],"rotation":270,"texture":"#1"},"south":{"uv":[5.125,0.375,8.625,0.75],"rotation":270,"texture":"#1"},"west":{"uv":[8.625,1.125,5.125,0.75],"rotation":270,"texture":"#1"}}},{"from":[7.90625,19.875,7.875],"to":[8.65625,21.875,8.625],"rotation":{"angle":0,"axis":"y","origin":[8.53125,22.625,8.25]},"faces":{"north":{"uv":[6.25,3.625,7.25,4],"rotation":90,"texture":"#1"},"east":{"uv":[7.25,4.75,6.25,5.125],"rotation":270,"texture":"#1"},"south":{"uv":[6.25,4,7.25,4.375],"rotation":270,"texture":"#1"},"west":{"uv":[7.25,4.75,6.25,4.375],"rotation":270,"texture":"#1"},"up":{"uv":[6.625,5.625,7,6],"rotation":270,"texture":"#1"}}},{"from":[7.96875,18.125,7.9375],"to":[8.59375,18.625,8.5625],"rotation":{"angle":0,"axis":"y","origin":[8.53125,19.375,8.25]},"faces":{"north":{"uv":[7.25,2.5,7.5,2.8125],"rotation":90,"texture":"#1"},"east":{"uv":[7.5,3.625,7.25,3.9375],"rotation":270,"texture":"#1"},"south":{"uv":[7.25,2.875,7.5,3.1875],"rotation":270,"texture":"#1"},"west":{"uv":[7.5,3.5625,7.25,3.25],"rotation":270,"texture":"#1"},"up":{"uv":[5.125,7.125,5.4375,7.4375],"rotation":270,"texture":"#1"},"down":{"uv":[7.125,5.125,7.4375,5.4375],"rotation":270,"texture":"#1"}}},{"from":[7.78125,19.625,7.75],"to":[8.78125,19.875,8.75],"rotation":{"angle":0,"axis":"y","origin":[8.53125,20.375,8.25]},"faces":{"north":{"uv":[7.375,4,7.5,4.5],"rotation":90,"texture":"#1"},"east":{"uv":[6.125,7.375,6,7.875],"rotation":270,"texture":"#1"},"south":{"uv":[7.375,4.5,7.5,5],"rotation":270,"texture":"#1"},"west":{"uv":[7.5,6,7.375,5.5],"rotation":270,"texture":"#1"},"up":{"uv":[0,6.5,0.5,7],"rotation":270,"texture":"#1"},"down":{"uv":[0.5,6.5,1,7],"rotation":270,"texture":"#1"}}},{"from":[7.78125,21.25,7.75],"to":[8.78125,21.5,8.75],"rotation":{"angle":0,"axis":"y","origin":[8.53125,22,8.25]},"faces":{"north":{"uv":[7.375,6,7.5,6.5],"rotation":90,"texture":"#1"},"east":{"uv":[6.5,7.375,6.375,7.875],"rotation":270,"texture":"#1"},"south":{"uv":[6.125,7.375,6.25,7.875],"rotation":270,"texture":"#1"},"west":{"uv":[6.375,7.875,6.25,7.375],"rotation":270,"texture":"#1"},"up":{"uv":[1,6.625,1.5,7.125],"rotation":270,"texture":"#1"},"down":{"uv":[1.5,6.625,2,7.125],"rotation":270,"texture":"#1"}}},{"name":"cube_outline","from":[8.90625,21.625,8.875],"to":[7.65625,21.125,7.625],"rotation":{"angle":0,"axis":"y","origin":[8.53125,22,8.25]},"faces":{"north":{"uv":[1.75,7.125,2,7.75],"rotation":90,"texture":"#1"},"east":{"uv":[2.75,7.125,2.5,7.75],"rotation":270,"texture":"#1"},"south":{"uv":[2,7.125,2.25,7.75],"rotation":270,"texture":"#1"},"west":{"uv":[2.5,7.75,2.25,7.125],"rotation":270,"texture":"#1"},"up":{"uv":[2.375,6,3,6.625],"rotation":270,"texture":"#1"},"down":{"uv":[3,6,3.625,6.625],"rotation":270,"texture":"#1"}}},{"name":"cube_outline","from":[8.90625,20,8.875],"to":[7.65625,19.5,7.625],"rotation":{"angle":0,"axis":"y","origin":[8.53125,20.375,8.25]},"faces":{"north":{"uv":[2.75,7.125,3,7.75],"rotation":90,"texture":"#1"},"east":{"uv":[3.75,7.125,3.5,7.75],"rotation":270,"texture":"#1"},"south":{"uv":[3,7.125,3.25,7.75],"rotation":270,"texture":"#1"},"west":{"uv":[3.5,7.75,3.25,7.125],"rotation":270,"texture":"#1"},"up":{"uv":[3.625,6,4.25,6.625],"rotation":270,"texture":"#1"},"down":{"uv":[4.25,6,4.875,6.625],"rotation":270,"texture":"#1"}}},{"name":"cube_outline","from":[8.71875,18.75,8.6875],"to":[7.84375,18,7.8125],"rotation":{"angle":0,"axis":"y","origin":[8.53125,19.375,8.25]},"faces":{"north":{"uv":[6.625,6.375,7,6.8125],"rotation":90,"texture":"#1"},"east":{"uv":[6.75,6.875,6.375,7.3125],"rotation":270,"texture":"#1"},"south":{"uv":[6.75,5.125,7.125,5.5625],"rotation":270,"texture":"#1"},"west":{"uv":[6.375,7.3125,6,6.875],"rotation":270,"texture":"#1"},"up":{"uv":[4,6.625,4.4375,7.0625],"rotation":270,"texture":"#1"},"down":{"uv":[4.5,6.625,4.9375,7.0625],"rotation":270,"texture":"#1"}}},{"from":[7.78125,11,7.75],"to":[8.78125,11.25,8.75],"rotation":{"angle":0,"axis":"y","origin":[8.53125,11.75,8.25]},"faces":{"north":{"uv":[6.5,7.375,6.625,7.875],"rotation":90,"texture":"#1"},"east":{"uv":[6.875,7.375,6.75,7.875],"rotation":270,"texture":"#1"},"south":{"uv":[7.375,6.5,7.5,7],"rotation":270,"texture":"#1"},"west":{"uv":[6.75,7.875,6.625,7.375],"rotation":270,"texture":"#1"},"up":{"uv":[2,6.625,2.5,7.125],"rotation":270,"texture":"#1"},"down":{"uv":[2.5,6.625,3,7.125],"rotation":270,"texture":"#1"}}},{"name":"cube_outline","from":[8.90625,11.375,8.875],"to":[7.65625,10.875,7.625],"rotation":{"angle":0,"axis":"y","origin":[8.53125,11.75,8.25]},"faces":{"north":{"uv":[0.75,7,1,7.625],"rotation":90,"texture":"#1"},"east":{"uv":[1.75,7.125,1.5,7.75],"rotation":270,"texture":"#1"},"south":{"uv":[1,7.125,1.25,7.75],"rotation":270,"texture":"#1"},"west":{"uv":[1.5,7.75,1.25,7.125],"rotation":270,"texture":"#1"},"up":{"uv":[1.125,6,1.75,6.625],"rotation":270,"texture":"#1"},"down":{"uv":[1.75,6,2.375,6.625],"rotation":270,"texture":"#1"}}},{"name":"cube_outline","from":[8.78125,12.75,8.75],"to":[7.78125,10.5,7.75],"rotation":{"angle":0,"axis":"y","origin":[8.53125,13.875,8.25]},"faces":{"north":{"uv":[5.125,4.5,6.25,5],"rotation":90,"texture":"#1"},"east":{"uv":[1.125,6,0,6.5],"rotation":270,"texture":"#1"},"south":{"uv":[5.125,5,6.25,5.5],"rotation":270,"texture":"#1"},"west":{"uv":[6.25,6,5.125,5.5],"rotation":270,"texture":"#1"},"up":{"uv":[3.5,6.625,4,7.125],"rotation":270,"texture":"#1"}}},{"from":[7.78125,12.625,7.75],"to":[8.78125,12.875,8.75],"rotation":{"angle":0,"axis":"y","origin":[8.53125,13.375,8.25]},"faces":{"north":{"uv":[7.25,4,7.375,4.5],"rotation":90,"texture":"#1"},"east":{"uv":[7.375,7.25,7.25,7.75],"rotation":270,"texture":"#1"},"south":{"uv":[7.25,4.5,7.375,5],"rotation":270,"texture":"#1"},"west":{"uv":[7.25,7.75,7.125,7.25],"rotation":270,"texture":"#1"},"up":{"uv":[6.25,5.125,6.75,5.625],"rotation":270,"texture":"#1"},"down":{"uv":[6.125,6.375,6.625,6.875],"rotation":270,"texture":"#1"}}},{"name":"cube_outline","from":[8.90625,13,8.875],"to":[7.65625,12.5,7.625],"rotation":{"angle":0,"axis":"y","origin":[8.53125,13.375,8.25]},"faces":{"north":{"uv":[3.75,7.125,4,7.75],"rotation":90,"texture":"#1"},"east":{"uv":[4.75,7.125,4.5,7.75],"rotation":270,"texture":"#1"},"south":{"uv":[4,7.125,4.25,7.75],"rotation":270,"texture":"#1"},"west":{"uv":[4.5,7.75,4.25,7.125],"rotation":270,"texture":"#1"},"up":{"uv":[4.875,6,5.5,6.625],"rotation":270,"texture":"#1"},"down":{"uv":[5.5,6,6.125,6.625],"rotation":270,"texture":"#1"}}},{"from":[7.90625,10.625,7.875],"to":[8.65625,12.625,8.625],"rotation":{"angle":0,"axis":"y","origin":[8.53125,13.875,8.25]},"faces":{"north":{"uv":[6.125,6,7.125,6.375],"rotation":90,"texture":"#1"},"east":{"uv":[7.25,3.25,6.25,3.625],"rotation":270,"texture":"#1"},"south":{"uv":[6.25,2.5,7.25,2.875],"rotation":270,"texture":"#1"},"west":{"uv":[7.25,3.25,6.25,2.875],"rotation":270,"texture":"#1"},"down":{"uv":[6.25,5.625,6.625,6],"rotation":270,"texture":"#1"}}},{"from":[7.96875,13.875,7.9375],"to":[8.59375,14.375,8.5625],"rotation":{"angle":0,"axis":"y","origin":[8.53125,15.125,8.25]},"faces":{"north":{"uv":[5.5,7.125,5.75,7.4375],"rotation":90,"texture":"#1"},"east":{"uv":[7.375,6.875,7.125,7.1875],"rotation":270,"texture":"#1"},"south":{"uv":[5.75,7.125,6,7.4375],"rotation":270,"texture":"#1"},"west":{"uv":[7.375,6.3125,7.125,6],"rotation":270,"texture":"#1"},"up":{"uv":[7,5.625,7.3125,5.9375],"rotation":270,"texture":"#1"},"down":{"uv":[4.75,7.125,5.0625,7.4375],"rotation":270,"texture":"#1"}}},{"name":"cube_outline","from":[8.71875,14.5,8.6875],"to":[7.84375,13.75,7.8125],"rotation":{"angle":0,"axis":"y","origin":[8.53125,15.125,8.25]},"faces":{"north":{"uv":[6.75,6.875,7.125,7.3125],"rotation":90,"texture":"#1"},"east":{"uv":[7.375,6.375,7,6.8125],"rotation":270,"texture":"#1"},"south":{"uv":[0,7,0.375,7.4375],"rotation":270,"texture":"#1"},"west":{"uv":[0.75,7.4375,0.375,7],"rotation":270,"texture":"#1"},"up":{"uv":[5,6.625,5.4375,7.0625],"rotation":270,"texture":"#1"},"down":{"uv":[5.5,6.625,5.9375,7.0625],"rotation":270,"texture":"#1"}}},{"name":"cube_outline","from":[8.78125,22,8.75],"to":[7.78125,19.75,7.75],"rotation":{"angle":0,"axis":"y","origin":[8.53125,22.625,8.25]},"faces":{"north":{"uv":[5.125,2.5,6.25,3],"rotation":90,"texture":"#1"},"east":{"uv":[6.25,4,5.125,4.5],"rotation":270,"texture":"#1"},"south":{"uv":[5.125,3,6.25,3.5],"rotation":270,"texture":"#1"},"west":{"uv":[6.25,4,5.125,3.5],"rotation":270,"texture":"#1"},"down":{"uv":[3,6.625,3.5,7.125],"rotation":270,"texture":"#1"}}}],"gui_light":"front","display":{"thirdperson_righthand":{"translation":[-0.9,-26.25,0],"scale":[3,3,3]},"thirdperson_lefthand":{"translation":[0.9,-26.25,0],"scale":[3,3,3]},"firstperson_righthand":{"rotation":[-12.5,0,0],"translation":[0,-25,0],"scale":[3,3,3]},"firstperson_lefthand":{"rotation":[-12.5,0,0],"translation":[0,-25,0],"scale":[3,3,3]},"ground":{"rotation":[0,0,-89.5],"translation":[-25,-3,0],"scale":[3,3,3]},"gui":{"rotation":[0,0,-45],"translation":[-12.25,-11.25,0],"scale":[2,2,2]}}}