{"credit":"Made with Blockbench","texture_size":[64,64],"textures":{"2":"ruby_aspirant:ruby_aspirant_texture/ruby_aspirant_cosmetic/refarpg_hatruby_aspirant","particle":"ruby_aspirant:ruby_aspirant_texture/ruby_aspirant_cosmetic/refarpg_hatruby_aspirant"},"elements":[{"from":[5.9269,7.26039,12.7081],"to":[6.2819,16.94139,13.0991],"rotation":{"angle":45,"axis":"x","origin":[8,7.33269,8]},"faces":{"north":{"uv":[3.0625,6.5,3,8.875],"texture":"#2"},"east":{"uv":[2.8125,6.5,2.75,8.875],"texture":"#2"},"south":{"uv":[2.5625,6.5,2.5,8.875],"texture":"#2"},"west":{"uv":[3.3125,6.5,3.25,8.875],"texture":"#2"},"up":{"uv":[7.8125,6.5,7.75,6.5625],"texture":"#2"},"down":{"uv":[7.8125,6.8125,7.75,6.75],"texture":"#2"}}},{"from":[5.9279,2.13784,13.7611],"to":[6.2809,14.75684,16.3901],"rotation":{"angle":22.5,"axis":"x","origin":[8,7.33269,8]},"faces":{"north":{"uv":[1.0625,6,1,9.0625],"texture":"#2"},"east":{"uv":[3.5,0,4.125,3.0625],"texture":"#2"},"south":{"uv":[0.8125,6,0.75,9.0625],"texture":"#2"},"west":{"uv":[4.125,0,3.5,3.0625],"texture":"#2"},"up":{"uv":[7.8125,0.75,7.75,1.375],"texture":"#2"},"down":{"uv":[7.8125,2.125,7.75,1.5],"texture":"#2"}}},{"from":[6.30783,2.16078,12.68723],"to":[6.60148,5.1809,16.60252],"rotation":{"angle":22.5,"axis":"x","origin":[8,7.33269,8]},"faces":{"north":{"uv":[7,7.5,7.0625,8.375],"rotation":180,"texture":"#2"},"east":{"uv":[4.25,2.4375,5.125,1.25],"rotation":90,"texture":"#2"},"south":{"uv":[6.75,8.375,6.8125,7.5],"texture":"#2"},"west":{"uv":[5.125,2.4375,4.25,1.25],"rotation":270,"texture":"#2"},"up":{"uv":[6.8125,2.25,6.75,3.4375],"rotation":180,"texture":"#2"},"down":{"uv":[7.0625,2.25,7,3.4375],"texture":"#2"}}},{"from":[6.30699,-0.40447,11.92444],"to":[6.60231,0.54005,18.38216],"rotation":{"angle":0,"axis":"y","origin":[8,7.33269,8]},"faces":{"north":{"uv":[7.75,1.5,7.8125,2.125],"rotation":180,"texture":"#2"},"east":{"uv":[8.125,3.125,8.75,0.0625],"rotation":90,"texture":"#2"},"south":{"uv":[7.75,1.375,7.8125,0.75],"texture":"#2"},"west":{"uv":[8.75,3.125,8.125,0.0625],"rotation":270,"texture":"#2"},"up":{"uv":[0.9375,6.125,0.875,9.1875],"rotation":180,"texture":"#2"},"down":{"uv":[1.1875,6.1875,1.125,9.25],"texture":"#2"}}},{"from":[6.30616,-2.43348,10.39963],"to":[6.60315,-2.10637,18.49875],"rotation":{"angle":-22.5,"axis":"x","origin":[8,7.33269,8]},"faces":{"north":{"uv":[7.8125,6.8125,7.75,6.75],"texture":"#2"},"east":{"uv":[3.25,8.875,3.3125,6.5],"rotation":90,"texture":"#2"},"south":{"uv":[7.8125,6.5,7.75,6.5625],"rotation":180,"texture":"#2"},"west":{"uv":[2.75,8.875,2.8125,6.5],"rotation":270,"texture":"#2"},"up":{"uv":[2.5,8.875,2.5625,6.5],"texture":"#2"},"down":{"uv":[3,8.875,3.0625,6.5],"rotation":180,"texture":"#2"}}},{"from":[6.30699,0.43213,11.1715],"to":[6.60231,2.63155,21.72856],"rotation":{"angle":0,"axis":"y","origin":[8,7.33269,8]},"faces":{"north":{"uv":[7.75,1.5,7.8125,2.125],"rotation":180,"texture":"#2"},"east":{"uv":[3.5,3.0625,4.125,0],"rotation":90,"texture":"#2"},"south":{"uv":[7.75,1.375,7.8125,0.75],"texture":"#2"},"west":{"uv":[4.125,3.0625,3.5,0],"rotation":270,"texture":"#2"},"up":{"uv":[0.8125,6,0.75,9.0625],"rotation":180,"texture":"#2"},"down":{"uv":[1.0625,6,1,9.0625],"texture":"#2"}}},{"from":[5.9279,3.03784,12.7611],"to":[6.2809,10.75684,13.8901],"rotation":{"angle":22.5,"axis":"x","origin":[8,7.33269,8]},"faces":{"north":{"uv":[1.1875,6.1875,1.125,9.25],"texture":"#2"},"east":{"uv":[8.125,0.0625,8.75,3.125],"texture":"#2"},"south":{"uv":[0.9375,6.125,0.875,9.1875],"texture":"#2"},"west":{"uv":[8.75,0.0625,8.125,3.125],"texture":"#2"},"up":{"uv":[7.8125,0.75,7.75,1.375],"texture":"#2"},"down":{"uv":[7.8125,2.125,7.75,1.5],"texture":"#2"}}},{"from":[5.9289,-0.72757,11.32226],"to":[6.2799,3.95243,14.93226],"rotation":{"angle":0,"axis":"y","origin":[8,7.33269,8]},"faces":{"north":{"uv":[7.0625,2.25,7,3.4375],"texture":"#2"},"east":{"uv":[4.25,1.25,5.125,2.4375],"texture":"#2"},"south":{"uv":[6.8125,2.25,6.75,3.4375],"texture":"#2"},"west":{"uv":[5.125,1.25,4.25,2.4375],"texture":"#2"},"up":{"uv":[6.8125,7.5,6.75,8.375],"texture":"#2"},"down":{"uv":[7.0625,8.375,7,7.5],"texture":"#2"}}},{"from":[6.8269,4.64658,1.45982],"to":[7.1819,11.62758,1.95082],"rotation":{"angle":22.5,"axis":"x","origin":[7.2,7.42592,0.12952]},"faces":{"north":{"uv":[6.8125,4,6.75,5.75],"texture":"#2"},"east":{"uv":[5.625,0,5.5,1.75],"texture":"#2"},"south":{"uv":[6.8125,0.5,6.75,2.25],"texture":"#2"},"west":{"uv":[3.875,5.5,3.75,7.25],"texture":"#2"},"up":{"uv":[2.0625,3,2,3.125],"texture":"#2"},"down":{"uv":[2.3125,3.125,2.25,3],"texture":"#2"}}},{"from":[6.8279,9.10809,3.89757],"to":[7.1809,16.08709,4.38657],"rotation":{"angle":-22.5,"axis":"x","origin":[7.2,7.42592,0.12952]},"faces":{"north":{"uv":[7.0625,0.5,7,2.25],"texture":"#2"},"east":{"uv":[4.125,5.5,4,7.25],"texture":"#2"},"south":{"uv":[6.8125,5.75,6.75,7.5],"texture":"#2"},"west":{"uv":[4.375,5.5,4.25,7.25],"texture":"#2"},"up":{"uv":[6.5625,3.25,6.5,3.375],"texture":"#2"},"down":{"uv":[7.8125,2.375,7.75,2.25],"texture":"#2"}}},{"from":[6.8279,4.19123,0.29657],"to":[7.1809,16.87023,0.78557],"rotation":{"angle":0,"axis":"y","origin":[7.2,7.42592,0.12952]},"faces":{"north":{"uv":[6.0625,0,6,3.1875],"texture":"#2"},"east":{"uv":[5.375,0,5.25,3.1875],"texture":"#2"},"south":{"uv":[0.0625,6,0,9.1875],"texture":"#2"},"west":{"uv":[4.875,5.25,4.75,8.4375],"texture":"#2"},"up":{"uv":[7.8125,2.5,7.75,2.625],"texture":"#2"},"down":{"uv":[7.8125,2.875,7.75,2.75],"texture":"#2"}}},{"from":[7.2552,0.7454,-5.11511],"to":[7.536,11.079,-0.49351],"rotation":{"angle":-45,"axis":"x","origin":[7.2,7.42592,0.12952]},"faces":{"north":{"uv":[6.5625,0.5,6.5,3.0625],"texture":"#2"},"east":{"uv":[1.1875,0,0,2.5625],"texture":"#2"},"south":{"uv":[6.3125,5.25,6.25,7.8125],"texture":"#2"},"west":{"uv":[2.4375,0,1.25,2.5625],"texture":"#2"},"up":{"uv":[6.5625,7.25,6.5,8.4375],"texture":"#2"},"down":{"uv":[7.3125,8.1875,7.25,7],"texture":"#2"}}},{"from":[7.2544,6.09432,-4.24946],"to":[7.5368,6.48552,1.33374],"rotation":{"angle":22.5,"axis":"x","origin":[7.2,7.42592,0.12952]},"faces":{"north":{"uv":[7.8125,4.75,7.75,4.875],"texture":"#2"},"east":{"uv":[7.625,0,6.25,0.125],"texture":"#2"},"south":{"uv":[7.8125,4.5,7.75,4.625],"texture":"#2"},"west":{"uv":[7.625,0.25,6.25,0.375],"texture":"#2"},"up":{"uv":[7.3125,0.5,7.25,1.875],"texture":"#2"},"down":{"uv":[7.3125,3.375,7.25,2],"texture":"#2"}}},{"from":[7.2544,0.32704,-0.07546],"to":[7.5368,5.91024,0.31574],"rotation":{"angle":-22.5,"axis":"x","origin":[7.2,7.42592,0.12952]},"faces":{"north":{"uv":[4.0625,7.25,4,8.625],"texture":"#2"},"east":{"uv":[5.625,1.75,5.5,3.125],"texture":"#2"},"south":{"uv":[3.8125,7.25,3.75,8.625],"texture":"#2"},"west":{"uv":[5.875,1.75,5.75,3.125],"texture":"#2"},"up":{"uv":[7.8125,5,7.75,5.125],"texture":"#2"},"down":{"uv":[7.8125,5.375,7.75,5.25],"texture":"#2"}}},{"from":[7.2544,4.08909,-4.07863],"to":[7.5368,9.67229,-3.68743],"rotation":{"angle":-22.5,"axis":"x","origin":[7.2,7.42592,0.12952]},"faces":{"north":{"uv":[4.3125,7.25,4.25,8.625],"texture":"#2"},"east":{"uv":[6.375,0.5,6.25,1.875],"texture":"#2"},"south":{"uv":[7.3125,4,7.25,5.375],"texture":"#2"},"west":{"uv":[6.375,2,6.25,3.375],"texture":"#2"},"up":{"uv":[7.8125,5.5,7.75,5.625],"texture":"#2"},"down":{"uv":[7.8125,5.875,7.75,5.75],"texture":"#2"}}},{"from":[7.2544,2.09115,-0.4874],"to":[7.5368,2.48235,5.0958],"rotation":{"angle":22.5,"axis":"x","origin":[7.2,7.42592,0.12952]},"faces":{"north":{"uv":[7.8125,6.25,7.75,6.375],"texture":"#2"},"east":{"uv":[7.625,3.5,6.25,3.625],"texture":"#2"},"south":{"uv":[7.8125,6,7.75,6.125],"texture":"#2"},"west":{"uv":[7.625,3.75,6.25,3.875],"texture":"#2"},"up":{"uv":[4.5625,7.25,4.5,8.625],"texture":"#2"},"down":{"uv":[7.3125,6.875,7.25,5.5],"texture":"#2"}}},{"from":[7.1289,1.38101,-1.63634],"to":[7.4799,13.59801,1.99066],"rotation":{"angle":-22.5,"axis":"x","origin":[7.2,7.42592,0.12952]},"faces":{"north":{"uv":[1.5625,6,1.5,9.0625],"texture":"#2"},"east":{"uv":[3.4375,0,2.5,3.0625],"texture":"#2"},"south":{"uv":[1.3125,6,1.25,9.0625],"texture":"#2"},"west":{"uv":[0.9375,2.75,0,5.8125],"texture":"#2"},"up":{"uv":[7.5625,2.5,7.5,3.4375],"texture":"#2"},"down":{"uv":[7.5625,4.9375,7.5,4],"texture":"#2"}}},{"from":[7.1269,1.67656,1.5914],"to":[7.4819,8.65756,2.0824],"rotation":{"angle":0,"axis":"y","origin":[7.2,7.42592,0.12952]},"faces":{"north":{"uv":[6.8125,4,6.75,5.75],"texture":"#2"},"east":{"uv":[5.625,0,5.5,1.75],"texture":"#2"},"south":{"uv":[6.8125,0.5,6.75,2.25],"texture":"#2"},"west":{"uv":[3.875,5.5,3.75,7.25],"texture":"#2"},"up":{"uv":[2.0625,3,2,3.125],"texture":"#2"},"down":{"uv":[2.3125,3.125,2.25,3],"texture":"#2"}}},{"from":[7.1279,6.91492,1.89049],"to":[7.4809,13.89392,2.37949],"rotation":{"angle":-45,"axis":"x","origin":[7.2,7.42592,0.12952]},"faces":{"north":{"uv":[7.0625,0.5,7,2.25],"texture":"#2"},"east":{"uv":[4.125,5.5,4,7.25],"texture":"#2"},"south":{"uv":[6.8125,5.75,6.75,7.5],"texture":"#2"},"west":{"uv":[4.375,5.5,4.25,7.25],"texture":"#2"},"up":{"uv":[6.5625,3.25,6.5,3.375],"texture":"#2"},"down":{"uv":[7.8125,2.375,7.75,2.25],"texture":"#2"}}},{"from":[7.1279,1.39693,-0.71845],"to":[7.4809,14.07593,-0.22945],"rotation":{"angle":-22.5,"axis":"x","origin":[7.2,7.42592,0.12952]},"faces":{"north":{"uv":[6.0625,0,6,3.1875],"texture":"#2"},"east":{"uv":[5.375,0,5.25,3.1875],"texture":"#2"},"south":{"uv":[0.0625,6,0,9.1875],"texture":"#2"},"west":{"uv":[4.875,5.25,4.75,8.4375],"texture":"#2"},"up":{"uv":[7.8125,2.5,7.75,2.625],"texture":"#2"},"down":{"uv":[7.8125,2.875,7.75,2.75],"texture":"#2"}}},{"from":[6.8289,4.17531,-0.62132],"to":[7.1799,16.39231,3.00568],"rotation":{"angle":0,"axis":"y","origin":[7.2,7.42592,0.12952]},"faces":{"north":{"uv":[1.5625,6,1.5,9.0625],"texture":"#2"},"east":{"uv":[3.4375,0,2.5,3.0625],"texture":"#2"},"south":{"uv":[1.3125,6,1.25,9.0625],"texture":"#2"},"west":{"uv":[0.9375,2.75,0,5.8125],"texture":"#2"},"up":{"uv":[7.5625,2.5,7.5,3.4375],"texture":"#2"},"down":{"uv":[7.5625,4.9375,7.5,4],"texture":"#2"}}}],"gui_light":"front","display":{"thirdperson_righthand":{"rotation":[70.89,28.16,-92.88],"translation":[2.5,-0.25,0.75],"scale":[0.48633,0.48633,0.48633]},"thirdperson_lefthand":{"rotation":[70.89,28.16,-92.88],"translation":[2.5,-0.25,0.75],"scale":[0.48633,0.48633,0.48633]},"firstperson_righthand":{"rotation":[-23.25,0,0],"translation":[-0.5,3,0],"scale":[0.48438,0.48438,0.48438]},"firstperson_lefthand":{"rotation":[-23.25,0,0],"translation":[-0.5,3,0],"scale":[0.48438,0.48438,0.48438]},"ground":{"translation":[0,7,0],"scale":[0.4707,0.4707,0.4707]},"gui":{"rotation":[0,90,0],"translation":[0,0.75,0],"scale":[0.54102,0.54102,0.54102]},"head":{"rotation":[-18.15,-108,-16.67],"translation":[0.5,3.5,-4.5],"scale":[0.9793,0.9793,0.9793]},"fixed":{"rotation":[0,-90,0],"translation":[0,2,1],"scale":[1.13281,1.13281,1.13281]}}}