{"credit":"Made with Blockbench","texture_size":[64,64],"textures":{"2":"ruby_aspirant:ruby_aspirant_texture/ruby_aspirant_cosmetic/refarpg_hatruby_aspirant","particle":"ruby_aspirant:ruby_aspirant_texture/ruby_aspirant_cosmetic/refarpg_hatruby_aspirant"},"elements":[{"from":[5.9269,7.26039,2.9009],"to":[6.2819,16.94139,3.2919],"rotation":{"angle":-45,"axis":"x","origin":[8,7.33269,8]},"faces":{"north":{"uv":[2.5,6.5,2.5625,8.875],"texture":"#2"},"east":{"uv":[2.75,6.5,2.8125,8.875],"texture":"#2"},"south":{"uv":[3,6.5,3.0625,8.875],"texture":"#2"},"west":{"uv":[3.25,6.5,3.3125,8.875],"texture":"#2"},"up":{"uv":[7.8125,6.5625,7.75,6.5],"texture":"#2"},"down":{"uv":[7.8125,6.75,7.75,6.8125],"texture":"#2"}}},{"from":[5.9279,2.13784,-0.3901],"to":[6.2809,14.75684,2.2389],"rotation":{"angle":-22.5,"axis":"x","origin":[8,7.33269,8]},"faces":{"north":{"uv":[0.75,6,0.8125,9.0625],"texture":"#2"},"east":{"uv":[4.125,0,3.5,3.0625],"texture":"#2"},"south":{"uv":[1,6,1.0625,9.0625],"texture":"#2"},"west":{"uv":[3.5,0,4.125,3.0625],"texture":"#2"},"up":{"uv":[7.8125,1.375,7.75,0.75],"texture":"#2"},"down":{"uv":[7.8125,1.5,7.75,2.125],"texture":"#2"}}},{"from":[6.30783,2.16078,-0.60252],"to":[6.60148,5.1809,3.31277],"rotation":{"angle":-22.5,"axis":"x","origin":[8,7.33269,8]},"faces":{"north":{"uv":[6.8125,8.375,6.75,7.5],"texture":"#2"},"east":{"uv":[4.25,1.25,5.125,2.4375],"rotation":90,"texture":"#2"},"south":{"uv":[7.0625,7.5,7,8.375],"rotation":180,"texture":"#2"},"west":{"uv":[5.125,1.25,4.25,2.4375],"rotation":270,"texture":"#2"},"up":{"uv":[6.8125,3.4375,6.75,2.25],"rotation":180,"texture":"#2"},"down":{"uv":[7.0625,3.4375,7,2.25],"texture":"#2"}}},{"from":[6.30699,-0.40447,-2.38216],"to":[6.60231,0.54005,4.07556],"rotation":{"angle":0,"axis":"y","origin":[8,7.33269,8]},"faces":{"north":{"uv":[7.8125,1.375,7.75,0.75],"texture":"#2"},"east":{"uv":[8.125,0.0625,8.75,3.125],"rotation":90,"texture":"#2"},"south":{"uv":[7.8125,1.5,7.75,2.125],"rotation":180,"texture":"#2"},"west":{"uv":[8.75,0.0625,8.125,3.125],"rotation":270,"texture":"#2"},"up":{"uv":[0.9375,9.1875,0.875,6.125],"rotation":180,"texture":"#2"},"down":{"uv":[1.1875,9.25,1.125,6.1875],"texture":"#2"}}},{"from":[6.30616,-2.43348,-2.49875],"to":[6.60315,-2.10637,5.60037],"rotation":{"angle":22.5,"axis":"x","origin":[8,7.33269,8]},"faces":{"north":{"uv":[7.75,6.5,7.8125,6.5625],"rotation":180,"texture":"#2"},"east":{"uv":[3.25,6.5,3.3125,8.875],"rotation":90,"texture":"#2"},"south":{"uv":[7.75,6.8125,7.8125,6.75],"texture":"#2"},"west":{"uv":[2.75,6.5,2.8125,8.875],"rotation":270,"texture":"#2"},"up":{"uv":[2.5,6.5,2.5625,8.875],"texture":"#2"},"down":{"uv":[3,6.5,3.0625,8.875],"rotation":180,"texture":"#2"}}},{"from":[6.30699,0.43213,-5.72856],"to":[6.60231,2.63155,4.8285],"rotation":{"angle":0,"axis":"y","origin":[8,7.33269,8]},"faces":{"north":{"uv":[7.8125,1.375,7.75,0.75],"texture":"#2"},"east":{"uv":[3.5,0,4.125,3.0625],"rotation":90,"texture":"#2"},"south":{"uv":[7.8125,1.5,7.75,2.125],"rotation":180,"texture":"#2"},"west":{"uv":[4.125,0,3.5,3.0625],"rotation":270,"texture":"#2"},"up":{"uv":[0.8125,9.0625,0.75,6],"rotation":180,"texture":"#2"},"down":{"uv":[1.0625,9.0625,1,6],"texture":"#2"}}},{"from":[5.9279,3.03784,2.1099],"to":[6.2809,10.75684,3.2389],"rotation":{"angle":-22.5,"axis":"x","origin":[8,7.33269,8]},"faces":{"north":{"uv":[0.875,6.125,0.9375,9.1875],"texture":"#2"},"east":{"uv":[8.75,0.0625,8.125,3.125],"texture":"#2"},"south":{"uv":[1.125,6.1875,1.1875,9.25],"texture":"#2"},"west":{"uv":[8.125,0.0625,8.75,3.125],"texture":"#2"},"up":{"uv":[7.8125,1.375,7.75,0.75],"texture":"#2"},"down":{"uv":[7.8125,1.5,7.75,2.125],"texture":"#2"}}},{"from":[5.9289,-0.72757,1.06774],"to":[6.2799,3.95243,4.67774],"rotation":{"angle":0,"axis":"y","origin":[8,7.33269,8]},"faces":{"north":{"uv":[6.75,2.25,6.8125,3.4375],"texture":"#2"},"east":{"uv":[5.125,1.25,4.25,2.4375],"texture":"#2"},"south":{"uv":[7,2.25,7.0625,3.4375],"texture":"#2"},"west":{"uv":[4.25,1.25,5.125,2.4375],"texture":"#2"},"up":{"uv":[6.8125,8.375,6.75,7.5],"texture":"#2"},"down":{"uv":[7.0625,7.5,7,8.375],"texture":"#2"}}},{"from":[6.8269,4.64658,14.04918],"to":[7.1819,11.62758,14.54018],"rotation":{"angle":-22.5,"axis":"x","origin":[7.2,7.42592,15.87048]},"faces":{"north":{"uv":[6.75,0.5,6.8125,2.25],"texture":"#2"},"east":{"uv":[5.5,0,5.625,1.75],"texture":"#2"},"south":{"uv":[6.75,4,6.8125,5.75],"texture":"#2"},"west":{"uv":[3.75,5.5,3.875,7.25],"texture":"#2"},"up":{"uv":[2.0625,3.125,2,3],"texture":"#2"},"down":{"uv":[2.3125,3,2.25,3.125],"texture":"#2"}}},{"from":[6.8279,9.10809,11.61343],"to":[7.1809,16.08709,12.10243],"rotation":{"angle":22.5,"axis":"x","origin":[7.2,7.42592,15.87048]},"faces":{"north":{"uv":[6.75,5.75,6.8125,7.5],"texture":"#2"},"east":{"uv":[4,5.5,4.125,7.25],"texture":"#2"},"south":{"uv":[7,0.5,7.0625,2.25],"texture":"#2"},"west":{"uv":[4.25,5.5,4.375,7.25],"texture":"#2"},"up":{"uv":[6.5625,3.375,6.5,3.25],"texture":"#2"},"down":{"uv":[7.8125,2.25,7.75,2.375],"texture":"#2"}}},{"from":[6.8279,4.19123,15.21443],"to":[7.1809,16.87023,15.70343],"rotation":{"angle":0,"axis":"y","origin":[7.2,7.42592,15.87048]},"faces":{"north":{"uv":[0,6,0.0625,9.1875],"texture":"#2"},"east":{"uv":[5.25,0,5.375,3.1875],"texture":"#2"},"south":{"uv":[6,0,6.0625,3.1875],"texture":"#2"},"west":{"uv":[4.75,5.25,4.875,8.4375],"texture":"#2"},"up":{"uv":[7.8125,2.625,7.75,2.5],"texture":"#2"},"down":{"uv":[7.8125,2.75,7.75,2.875],"texture":"#2"}}},{"from":[7.2552,0.7454,16.49351],"to":[7.536,11.079,21.11511],"rotation":{"angle":45,"axis":"x","origin":[7.2,7.42592,15.87048]},"faces":{"north":{"uv":[6.25,5.25,6.3125,7.8125],"texture":"#2"},"east":{"uv":[0,0,1.1875,2.5625],"texture":"#2"},"south":{"uv":[6.5,0.5,6.5625,3.0625],"texture":"#2"},"west":{"uv":[1.25,0,2.4375,2.5625],"texture":"#2"},"up":{"uv":[6.5625,8.4375,6.5,7.25],"texture":"#2"},"down":{"uv":[7.3125,7,7.25,8.1875],"texture":"#2"}}},{"from":[7.2544,6.09432,14.66626],"to":[7.5368,6.48552,20.24946],"rotation":{"angle":-22.5,"axis":"x","origin":[7.2,7.42592,15.87048]},"faces":{"north":{"uv":[7.75,4.5,7.8125,4.625],"texture":"#2"},"east":{"uv":[6.25,0,7.625,0.125],"texture":"#2"},"south":{"uv":[7.75,4.75,7.8125,4.875],"texture":"#2"},"west":{"uv":[6.25,0.25,7.625,0.375],"texture":"#2"},"up":{"uv":[7.3125,1.875,7.25,0.5],"texture":"#2"},"down":{"uv":[7.3125,2,7.25,3.375],"texture":"#2"}}},{"from":[7.2544,0.32704,15.68426],"to":[7.5368,5.91024,16.07546],"rotation":{"angle":22.5,"axis":"x","origin":[7.2,7.42592,15.87048]},"faces":{"north":{"uv":[3.75,7.25,3.8125,8.625],"texture":"#2"},"east":{"uv":[5.5,1.75,5.625,3.125],"texture":"#2"},"south":{"uv":[4,7.25,4.0625,8.625],"texture":"#2"},"west":{"uv":[5.75,1.75,5.875,3.125],"texture":"#2"},"up":{"uv":[7.8125,5.125,7.75,5],"texture":"#2"},"down":{"uv":[7.8125,5.25,7.75,5.375],"texture":"#2"}}},{"from":[7.2544,4.08909,19.68743],"to":[7.5368,9.67229,20.07863],"rotation":{"angle":22.5,"axis":"x","origin":[7.2,7.42592,15.87048]},"faces":{"north":{"uv":[7.25,4,7.3125,5.375],"texture":"#2"},"east":{"uv":[6.25,0.5,6.375,1.875],"texture":"#2"},"south":{"uv":[4.25,7.25,4.3125,8.625],"texture":"#2"},"west":{"uv":[6.25,2,6.375,3.375],"texture":"#2"},"up":{"uv":[7.8125,5.625,7.75,5.5],"texture":"#2"},"down":{"uv":[7.8125,5.75,7.75,5.875],"texture":"#2"}}},{"from":[7.2544,2.09115,10.9042],"to":[7.5368,2.48235,16.4874],"rotation":{"angle":-22.5,"axis":"x","origin":[7.2,7.42592,15.87048]},"faces":{"north":{"uv":[7.75,6,7.8125,6.125],"texture":"#2"},"east":{"uv":[6.25,3.5,7.625,3.625],"texture":"#2"},"south":{"uv":[7.75,6.25,7.8125,6.375],"texture":"#2"},"west":{"uv":[6.25,3.75,7.625,3.875],"texture":"#2"},"up":{"uv":[4.5625,8.625,4.5,7.25],"texture":"#2"},"down":{"uv":[7.3125,5.5,7.25,6.875],"texture":"#2"}}},{"from":[7.1289,1.38101,14.00934],"to":[7.4799,13.59801,17.63634],"rotation":{"angle":22.5,"axis":"x","origin":[7.2,7.42592,15.87048]},"faces":{"north":{"uv":[1.25,6,1.3125,9.0625],"texture":"#2"},"east":{"uv":[2.5,0,3.4375,3.0625],"texture":"#2"},"south":{"uv":[1.5,6,1.5625,9.0625],"texture":"#2"},"west":{"uv":[0,2.75,0.9375,5.8125],"texture":"#2"},"up":{"uv":[7.5625,3.4375,7.5,2.5],"texture":"#2"},"down":{"uv":[7.5625,4,7.5,4.9375],"texture":"#2"}}},{"from":[7.1269,1.67656,13.9176],"to":[7.4819,8.65756,14.4086],"rotation":{"angle":0,"axis":"y","origin":[7.2,7.42592,15.87048]},"faces":{"north":{"uv":[6.75,0.5,6.8125,2.25],"texture":"#2"},"east":{"uv":[5.5,0,5.625,1.75],"texture":"#2"},"south":{"uv":[6.75,4,6.8125,5.75],"texture":"#2"},"west":{"uv":[3.75,5.5,3.875,7.25],"texture":"#2"},"up":{"uv":[2.0625,3.125,2,3],"texture":"#2"},"down":{"uv":[2.3125,3,2.25,3.125],"texture":"#2"}}},{"from":[7.1279,6.91492,13.62051],"to":[7.4809,13.89392,14.10951],"rotation":{"angle":45,"axis":"x","origin":[7.2,7.42592,15.87048]},"faces":{"north":{"uv":[6.75,5.75,6.8125,7.5],"texture":"#2"},"east":{"uv":[4,5.5,4.125,7.25],"texture":"#2"},"south":{"uv":[7,0.5,7.0625,2.25],"texture":"#2"},"west":{"uv":[4.25,5.5,4.375,7.25],"texture":"#2"},"up":{"uv":[6.5625,3.375,6.5,3.25],"texture":"#2"},"down":{"uv":[7.8125,2.25,7.75,2.375],"texture":"#2"}}},{"from":[7.1279,1.39693,16.22945],"to":[7.4809,14.07593,16.71845],"rotation":{"angle":22.5,"axis":"x","origin":[7.2,7.42592,15.87048]},"faces":{"north":{"uv":[0,6,0.0625,9.1875],"texture":"#2"},"east":{"uv":[5.25,0,5.375,3.1875],"texture":"#2"},"south":{"uv":[6,0,6.0625,3.1875],"texture":"#2"},"west":{"uv":[4.75,5.25,4.875,8.4375],"texture":"#2"},"up":{"uv":[7.8125,2.625,7.75,2.5],"texture":"#2"},"down":{"uv":[7.8125,2.75,7.75,2.875],"texture":"#2"}}},{"from":[6.8289,4.17531,12.99432],"to":[7.1799,16.39231,16.62132],"rotation":{"angle":0,"axis":"y","origin":[7.2,7.42592,15.87048]},"faces":{"north":{"uv":[1.25,6,1.3125,9.0625],"texture":"#2"},"east":{"uv":[2.5,0,3.4375,3.0625],"texture":"#2"},"south":{"uv":[1.5,6,1.5625,9.0625],"texture":"#2"},"west":{"uv":[0,2.75,0.9375,5.8125],"texture":"#2"},"up":{"uv":[7.5625,3.4375,7.5,2.5],"texture":"#2"},"down":{"uv":[7.5625,4,7.5,4.9375],"texture":"#2"}}}],"gui_light":"front","display":{"thirdperson_righthand":{"rotation":[70.89,28.16,-92.88],"translation":[2.5,-0.25,0.75],"scale":[0.48633,0.48633,0.48633]},"thirdperson_lefthand":{"rotation":[70.89,28.16,-92.88],"translation":[2.5,-0.25,0.75],"scale":[0.48633,0.48633,0.48633]},"firstperson_righthand":{"rotation":[-23.25,0,0],"translation":[-0.5,3,0],"scale":[0.48438,0.48438,0.48438]},"firstperson_lefthand":{"rotation":[-23.25,0,0],"translation":[-0.5,3,0],"scale":[0.48438,0.48438,0.48438]},"ground":{"translation":[0,7,0],"scale":[0.4707,0.4707,0.4707]},"gui":{"rotation":[0,90,0],"translation":[0,0.75,0],"scale":[0.54102,0.54102,0.54102]},"head":{"rotation":[-18.15,-68.78,-16.67],"translation":[-0.25,4,-3.75],"scale":[0.9793,0.9793,0.9793]},"fixed":{"rotation":[-180,-85.75,-180],"translation":[0,2,1],"scale":[1.13281,1.13281,1.13281]}}}