{"credit":"MythicMMC Team","textures":{"0":"chaos_skills:skill2_aura_impact/skill2_aura_impact_1","particle":"chaos_skills:skill2_aura_impact/skill2_aura_impact_1"},"elements":[{"from":[-16,5,-16],"to":[32,5,32],"rotation":{"angle":22.5,"axis":"x","origin":[8,5,8]},"faces":{"north":{"uv":[0,0,16,0],"texture":"#missing"},"east":{"uv":[0,0,16,0],"texture":"#missing"},"south":{"uv":[0,0,16,0],"texture":"#missing"},"west":{"uv":[0,0,16,0],"texture":"#missing"},"up":{"uv":[0,0,16,16],"texture":"#0"},"down":{"uv":[0,16,16,0],"texture":"#0"}}},{"from":[-16,5,-16],"to":[32,5,32],"rotation":{"angle":-22.5,"axis":"z","origin":[8,5,8]},"faces":{"north":{"uv":[0,0,16,0],"texture":"#missing"},"east":{"uv":[0,0,16,0],"texture":"#missing"},"south":{"uv":[0,0,16,0],"texture":"#missing"},"west":{"uv":[0,0,16,0],"texture":"#missing"},"up":{"uv":[0,0,16,16],"texture":"#0"},"down":{"uv":[0,16,16,0],"texture":"#0"}}},{"from":[-16,5,-16],"to":[32,5,32],"rotation":{"angle":22.5,"axis":"z","origin":[8,5,8]},"faces":{"north":{"uv":[0,0,16,0],"texture":"#missing"},"east":{"uv":[0,0,16,0],"texture":"#missing"},"south":{"uv":[0,0,16,0],"texture":"#missing"},"west":{"uv":[0,0,16,0],"texture":"#missing"},"up":{"uv":[0,0,16,16],"texture":"#0"},"down":{"uv":[0,16,16,0],"texture":"#0"}}},{"from":[-16,5,-16],"to":[32,5,32],"rotation":{"angle":-22.5,"axis":"x","origin":[8,5,8]},"faces":{"north":{"uv":[0,0,16,0],"texture":"#missing"},"east":{"uv":[0,0,16,0],"texture":"#missing"},"south":{"uv":[0,0,16,0],"texture":"#missing"},"west":{"uv":[0,0,16,0],"texture":"#missing"},"up":{"uv":[0,0,16,16],"texture":"#0"},"down":{"uv":[0,16,16,0],"texture":"#0"}}}],"gui_light":"front","display":{"gui":{"scale":[0.24,0.24,0.24]},"head":{"translation":[0,-27,0],"scale":[4,2,4]}}}