{"credit":"Made with Blockbench","texture_size":[24,24],"textures":{"1":"blackflame_skills:sword_effect","2":"blackflame_skills:sword"},"elements":[{"from":[7.3925,-14.44781,7.3925],"to":[8.6075,-7.15781,8.6075],"rotation":{"angle":-45,"axis":"y","origin":[8,-2.84063,8]},"faces":{"north":{"uv":[1.33333,4,2,9],"texture":"#2"},"east":{"uv":[4.66667,4,5.33333,9],"texture":"#2"},"south":{"uv":[5.33333,4,6,9],"texture":"#2"},"west":{"uv":[6,4,6.66667,9],"texture":"#2"},"up":{"uv":[4.66667,7.33333,4,6.66667],"texture":"#2"},"down":{"uv":[4.66667,7.33333,4,8],"texture":"#2"}}},{"from":[8,-5.53781,-10.6625],"to":[8,32,26.6625],"rotation":{"angle":0,"axis":"y","origin":[8,13.23109,8]},"faces":{"north":{"uv":[0,0,0,15],"texture":"#1"},"east":{"uv":[0.21622,0,16,16],"texture":"#1"},"south":{"uv":[0,0,0,15],"texture":"#1"},"west":{"uv":[16,0,0.21622,16],"texture":"#1"},"up":{"uv":[0,2.4,0,0],"texture":"#1"},"down":{"uv":[0,0,0,2.4],"texture":"#1"}}},{"from":[7.19,-8.57531,7.19],"to":[8.81,-6.95531,8.81],"rotation":{"angle":-45,"axis":"y","origin":[8,-2.84063,8]},"faces":{"north":{"uv":[13.33333,0,14.33333,1],"texture":"#2"},"east":{"uv":[1.33333,13.33333,2.33333,14.33333],"texture":"#2"},"south":{"uv":[2.66667,13.33333,3.66667,14.33333],"texture":"#2"},"west":{"uv":[13.33333,6,14.33333,7],"texture":"#2"},"up":{"uv":[14.33333,9,13.33333,8],"texture":"#2"},"down":{"uv":[11,13.33333,10,14.33333],"texture":"#2"}}},{"from":[7.19,-15.86531,7.19],"to":[8.81,-14.24531,8.81],"rotation":{"angle":-45,"axis":"y","origin":[8,-2.84063,8]},"faces":{"north":{"uv":[14,1.33333,15,2.33333],"texture":"#2"},"east":{"uv":[14,2.66667,15,3.66667],"texture":"#2"},"south":{"uv":[4,14,5,15],"texture":"#2"},"west":{"uv":[14,4,15,5],"texture":"#2"},"up":{"uv":[6.33333,15,5.33333,14],"texture":"#2"},"down":{"uv":[7.66667,14,6.66667,15],"texture":"#2"}}},{"from":[6.9875,-6.6542,4.18642],"to":[9.0125,-3.4142,7.42642],"rotation":{"angle":-45,"axis":"x","origin":[8,-2.84063,8]},"faces":{"north":{"uv":[6.66667,4,8,6],"texture":"#2"},"east":{"uv":[0,0,2,2],"texture":"#2"},"south":{"uv":[6.66667,6,8,8],"texture":"#2"},"west":{"uv":[0,2,2,4],"texture":"#2"},"up":{"uv":[9.33333,2,8,0],"texture":"#2"},"down":{"uv":[9.33333,4,8,6],"texture":"#2"}}},{"from":[6.5825,-6.0467,4.79392],"to":[9.4175,-4.0217,6.81892],"rotation":{"angle":-45,"axis":"x","origin":[8,-2.84063,8]},"faces":{"north":{"uv":[8,6,10,7.33333],"texture":"#2"},"east":{"uv":[6,12.66667,7.33333,14],"texture":"#2"},"south":{"uv":[6.66667,8,8.66667,9.33333],"texture":"#2"},"west":{"uv":[7.33333,12.66667,8.66667,14],"texture":"#2"},"up":{"uv":[4,10,2,8.66667],"texture":"#2"},"down":{"uv":[10.66667,7.33333,8.66667,8.66667],"texture":"#2"}}},{"from":[6.5825,-12.94435,-2.10372],"to":[9.4175,-11.72935,-0.88872],"rotation":{"angle":-45,"axis":"x","origin":[8,-2.84063,8]},"faces":{"north":{"uv":[6,2,8,2.66667],"texture":"#2"},"east":{"uv":[4,8.66667,4.66667,9.33333],"texture":"#2"},"south":{"uv":[8,2,10,2.66667],"texture":"#2"},"west":{"uv":[1.33333,9.33333,2,10],"texture":"#2"},"up":{"uv":[14.66667,6,12.66667,5.33333],"texture":"#2"},"down":{"uv":[14.66667,7.33333,12.66667,8],"texture":"#2"}}},{"from":[6.9875,-13.55185,-2.71122],"to":[9.0125,-11.12185,-0.28122],"rotation":{"angle":-45,"axis":"x","origin":[8,-2.84063,8]},"faces":{"north":{"uv":[8.66667,8.66667,10,10.33333],"texture":"#2"},"east":{"uv":[6,0,7.66667,1.66667],"texture":"#2"},"south":{"uv":[9.33333,0,10.66667,1.66667],"texture":"#2"},"west":{"uv":[2,6.66667,3.66667,8.33333],"texture":"#2"},"up":{"uv":[5.33333,11,4,9.33333],"texture":"#2"},"down":{"uv":[10.66667,4,9.33333,5.66667],"texture":"#2"}}},{"from":[6.9875,-2.61016,1.35738],"to":[9.0125,-0.58516,3.38238],"rotation":{"angle":-45,"axis":"x","origin":[8,-2.84063,8]},"faces":{"north":{"uv":[6.66667,11.33333,8,12.66667],"texture":"#2"},"east":{"uv":[11.33333,10,12.66667,11.33333],"texture":"#2"},"south":{"uv":[11.33333,11.33333,12.66667,12.66667],"texture":"#2"},"west":{"uv":[12,0,13.33333,1.33333],"texture":"#2"},"up":{"uv":[2.66667,13.33333,1.33333,12],"texture":"#2"},"down":{"uv":[13.33333,6,12,7.33333],"texture":"#2"}}},{"from":[6.9875,-2.61016,12.61762],"to":[9.0125,-0.58516,14.64262],"rotation":{"angle":45,"axis":"x","origin":[8,-2.84063,8]},"faces":{"north":{"uv":[12,8.66667,13.33333,10],"texture":"#2"},"east":{"uv":[10,12,11.33333,13.33333],"texture":"#2"},"south":{"uv":[12.66667,1.33333,14,2.66667],"texture":"#2"},"west":{"uv":[12.66667,2.66667,14,4],"texture":"#2"},"up":{"uv":[14,5.33333,12.66667,4],"texture":"#2"},"down":{"uv":[6,12.66667,4.66667,14],"texture":"#2"}}},{"from":[7.19,-6.75281,4.9625],"to":[8.81,-5.13281,11.0375],"rotation":{"angle":0,"axis":"x","origin":[8,-2.84063,8]},"faces":{"north":{"uv":[8.66667,12.66667,9.66667,13.66667],"texture":"#2"},"east":{"uv":[2,0,6,1],"texture":"#2"},"south":{"uv":[12.66667,10,13.66667,11],"texture":"#2"},"west":{"uv":[2,1.33333,6,2.33333],"texture":"#2"},"up":{"uv":[3,6.66667,2,2.66667],"texture":"#2"},"down":{"uv":[4.33333,2.66667,3.33333,6.66667],"texture":"#2"}}},{"from":[7.69,-4.73031,6.815],"to":[8.31,-0.30531,9.185],"rotation":{"angle":0,"axis":"x","origin":[8.5,-2.50152,7.875]},"faces":{"north":{"uv":[8.60333,16,8.40333,13.8],"rotation":180,"texture":"#1"},"east":{"uv":[7.6,13.8,8.6,16],"texture":"#1"},"south":{"uv":[8.6,13.8,8.4,16],"texture":"#1"},"west":{"uv":[7.6,13.80333,8.6,15.99333],"texture":"#1"},"up":{"uv":[7.59667,13.79667,8.59667,13.99667],"rotation":90,"texture":"#1"},"down":{"uv":[4.26667,14,5.26667,15],"texture":"#1"}}},{"from":[7.69,14.61969,6.815],"to":[8.31,20.79469,9.185],"rotation":{"angle":0,"axis":"x","origin":[8.5,16.84848,7.875]},"faces":{"north":{"uv":[8.6,7.39667,8.4,4.79667],"texture":"#1"},"east":{"uv":[7.6,4.8,8.6,7.4],"texture":"#1"},"south":{"uv":[8.6,7.39667,8.4,4.79667],"texture":"#1"},"west":{"uv":[7.6,4.80333,8.6,7.40333],"texture":"#1"},"up":{"uv":[7.59667,4.79667,8.59667,4.99667],"rotation":90,"texture":"#1"},"down":{"uv":[7.59667,7.2,8.59667,7.4],"texture":"#1"}}},{"from":[7.69,-0.30531,7.315],"to":[8.31,14.61969,8.685],"rotation":{"angle":0,"axis":"x","origin":[8,7.15719,8]},"faces":{"north":{"uv":[8.40333,13.79667,8.20333,7.39667],"rotation":180,"texture":"#1"},"east":{"uv":[7.8,7.4,8.4,13.8],"texture":"#1"},"south":{"uv":[8.4,7.39667,8.2,13.79667],"texture":"#1"},"west":{"uv":[7.8,7.40333,8.4,13.80333],"texture":"#1"},"up":{"uv":[10.46667,12.26667,11.46667,13.26667],"rotation":180,"texture":"#1"},"down":{"uv":[12.66667,10,13.66667,11],"texture":"#1"}}},{"from":[7.69,20.79469,7.315],"to":[8.31,23.51969,8.685],"rotation":{"angle":0,"axis":"x","origin":[8,16.15719,8]},"faces":{"north":{"uv":[8.4,4.79667,8.2,3.59667],"texture":"#1"},"east":{"uv":[7.8,3.6,8.39333,4.79667],"texture":"#1"},"south":{"uv":[8.4,4.79667,8.2,3.59667],"texture":"#1"},"west":{"uv":[7.8,3.6,8.39333,4.79667],"texture":"#1"},"up":{"uv":[8.4,4.79667,8.2,3.59667],"texture":"#1"},"down":{"uv":[12.66667,10,13.66667,11],"texture":"#1"}}},{"from":[7.69,23.51969,7.74],"to":[8.31,25.84469,8.26],"rotation":{"angle":0,"axis":"x","origin":[8,18.48219,8.175]},"faces":{"north":{"uv":[8.4,4.79667,8.2,3.59667],"texture":"#1"},"east":{"uv":[8.4,4.79667,8.2,3.59667],"texture":"#1"},"south":{"uv":[8.4,4.79667,8.2,3.59667],"texture":"#1"},"west":{"uv":[8.4,4.79667,8.2,3.59667],"texture":"#1"},"up":{"uv":[8.4,4.79667,8.2,3.59667],"texture":"#1"},"down":{"uv":[12.66667,10,13.66667,11],"texture":"#2"}}},{"from":[7.3925,-6.55031,3.545],"to":[8.6075,-5.33531,12.455],"rotation":{"angle":0,"axis":"x","origin":[8,-2.84063,8]},"faces":{"north":{"uv":[4,8,4.66667,8.66667],"texture":"#2"},"east":{"uv":[4.66667,2.66667,10.66667,3.33333],"texture":"#2"},"south":{"uv":[8,7.33333,8.66667,8],"texture":"#2"},"west":{"uv":[4.66667,3.33333,10.66667,4],"texture":"#2"},"up":{"uv":[0.66667,10,0,4],"texture":"#2"},"down":{"uv":[1.33333,4,0.66667,10],"texture":"#2"}}},{"from":[7.271,-5.54649,4.59889],"to":[8.729,-3.92649,7.43389],"rotation":{"angle":-22.5,"axis":"x","origin":[8,-2.84063,8]},"faces":{"north":{"uv":[11.33333,12.66667,12.33333,13.66667],"texture":"#2"},"east":{"uv":[5.33333,9.33333,7.33333,10.33333],"texture":"#2"},"south":{"uv":[12.66667,11.33333,13.66667,12.33333],"texture":"#2"},"west":{"uv":[0,10,2,11],"texture":"#2"},"up":{"uv":[8.33333,11.33333,7.33333,9.33333],"texture":"#2"},"down":{"uv":[3,10,2,12],"texture":"#2"}}},{"from":[7.271,-7.36401,7.1415],"to":[8.729,-5.74401,9.9765],"rotation":{"angle":22.5,"axis":"x","origin":[8,-2.84063,8]},"faces":{"north":{"uv":[8,14,9,15],"texture":"#2"},"east":{"uv":[10.66667,2,12.66667,3],"texture":"#2"},"south":{"uv":[14,9.33333,15,10.33333],"texture":"#2"},"west":{"uv":[10.66667,3.33333,12.66667,4.33333],"texture":"#2"},"up":{"uv":[6.33333,12.66667,5.33333,10.66667],"texture":"#2"},"down":{"uv":[9.66667,10.66667,8.66667,12.66667],"texture":"#2"}}},{"from":[7.271,-7.36401,6.0235],"to":[8.729,-5.74401,8.8585],"rotation":{"angle":-22.5,"axis":"x","origin":[8,-2.84063,8]},"faces":{"north":{"uv":[14,10.66667,15,11.66667],"texture":"#2"},"east":{"uv":[10.66667,4.66667,12.66667,5.66667],"texture":"#2"},"south":{"uv":[11.33333,14,12.33333,15],"texture":"#2"},"west":{"uv":[10.66667,7.33333,12.66667,8.33333],"texture":"#2"},"up":{"uv":[1,13.33333,0,11.33333],"texture":"#2"},"down":{"uv":[4.33333,11.33333,3.33333,13.33333],"texture":"#2"}}},{"from":[7.271,-5.54649,8.56611],"to":[8.729,-3.92649,11.40111],"rotation":{"angle":22.5,"axis":"x","origin":[8,-2.84063,8]},"faces":{"north":{"uv":[12.66667,12.66667,13.66667,13.66667],"texture":"#2"},"east":{"uv":[10,6,12,7],"texture":"#2"},"south":{"uv":[0,13.33333,1,14.33333],"texture":"#2"},"west":{"uv":[10,8.66667,12,9.66667],"texture":"#2"},"up":{"uv":[11,12,10,10],"texture":"#2"},"down":{"uv":[11.66667,0,10.66667,2],"texture":"#2"}}},{"from":[7.426,-3.32358,6.03949],"to":[8.574,-2.51358,7.65949],"rotation":{"angle":-22.5,"axis":"x","origin":[8,-2.50152,8]},"faces":{"north":{"uv":[13.33333,9.33333,13.66667,10],"texture":"#2"},"east":{"uv":[14,12.66667,15,13.33333],"texture":"#2"},"south":{"uv":[10,14.66667,10.33333,15.33333],"texture":"#2"},"west":{"uv":[14,13.33333,15,14],"texture":"#2"},"up":{"uv":[2.33333,15.66667,2,14.66667],"texture":"#2"},"down":{"uv":[3,14.66667,2.66667,15.66667],"texture":"#2"}}},{"from":[7.1425,-3.52756,6.97396],"to":[8.8575,-2.31256,8.18896],"rotation":{"angle":-45,"axis":"x","origin":[8,-2.50152,8]},"faces":{"north":{"uv":[10,2,10.66667,2.66667],"texture":"#2"},"east":{"uv":[3.33333,10,4,10.66667],"texture":"#2"},"south":{"uv":[3.33333,10.66667,4,11.33333],"texture":"#2"},"west":{"uv":[6.66667,10.66667,7.33333,11.33333],"texture":"#2"},"up":{"uv":[2,12,1.33333,11.33333],"texture":"#2"},"down":{"uv":[5.33333,11.33333,4.66667,12],"texture":"#2"}}},{"from":[7.426,-3.32358,8.34051],"to":[8.574,-2.51358,9.96051],"rotation":{"angle":22.5,"axis":"x","origin":[8,-2.50152,8]},"faces":{"north":{"uv":[12.66667,8,13,8.66667],"texture":"#2"},"east":{"uv":[14,12,15,12.66667],"texture":"#2"},"south":{"uv":[4,13.33333,4.33333,14],"texture":"#2"},"west":{"uv":[12.66667,14,13.66667,14.66667],"texture":"#2"},"up":{"uv":[9.66667,15,9.33333,14],"texture":"#2"},"down":{"uv":[1.66667,14.66667,1.33333,15.66667],"texture":"#2"}}},{"from":[7.6285,-2.01398,7.79806],"to":[8.3715,-1.20398,9.41806],"rotation":{"angle":22.5,"axis":"x","origin":[8,-2.50152,8]},"faces":{"north":{"uv":[13.33333,14.66667,13.66667,15.33333],"texture":"#2"},"east":{"uv":[14.66667,0,15.66667,0.66667],"texture":"#2"},"south":{"uv":[14,14.66667,14.33333,15.33333],"texture":"#2"},"west":{"uv":[14.66667,0.66667,15.66667,1.33333],"texture":"#2"},"up":{"uv":[15,7.66667,14.66667,6.66667],"texture":"#2"},"down":{"uv":[15,8,14.66667,9],"texture":"#2"}}},{"from":[7.345,-2.52523,7.97629],"to":[8.655,-1.31023,9.19129],"rotation":{"angle":-45,"axis":"x","origin":[8,-2.50152,8]},"faces":{"north":{"uv":[8,11.33333,8.66667,12],"texture":"#2"},"east":{"uv":[12,1.33333,12.66667,2],"texture":"#2"},"south":{"uv":[2.66667,12,3.33333,12.66667],"texture":"#2"},"west":{"uv":[4.66667,12,5.33333,12.66667],"texture":"#2"},"up":{"uv":[8.66667,12.66667,8,12],"texture":"#2"},"down":{"uv":[3.33333,12.66667,2.66667,13.33333],"texture":"#2"}}},{"from":[7.6285,-2.01398,6.58194],"to":[8.3715,-1.20398,8.20194],"rotation":{"angle":-22.5,"axis":"x","origin":[8,-2.50152,8]},"faces":{"north":{"uv":[10.66667,14.66667,11,15.33333],"texture":"#2"},"east":{"uv":[14,14,15,14.66667],"texture":"#2"},"south":{"uv":[12.66667,14.66667,13,15.33333],"texture":"#2"},"west":{"uv":[0,14.66667,1,15.33333],"texture":"#2"},"up":{"uv":[3.66667,15.66667,3.33333,14.66667],"texture":"#2"},"down":{"uv":[15,5.33333,14.66667,6.33333],"texture":"#2"}}}],"gui_light":"front","display":{"thirdperson_righthand":{"translation":[0,11.75,2],"scale":[0.72,0.72,0.72]},"thirdperson_lefthand":{"rotation":[173.2,37.27,71.02],"translation":[-5.75,-9.25,6.5],"scale":[0.72,0.72,0.72]},"firstperson_righthand":{"rotation":[-18.75,0,0],"translation":[10,9.5,-11.5]},"firstperson_lefthand":{"rotation":[-18.75,0,0],"translation":[10,5,-11.25]},"ground":{"rotation":[0,0,-86],"translation":[0,-0.5,0],"scale":[0.64,0.64,0.64]},"gui":{"rotation":[-90,45,90],"translation":[-0.25,0,0],"scale":[0.38,0.38,0.38]},"head":{"scale":[0,0,0]},"fixed":{"rotation":[-90,90,90],"translation":[0,0.75,0]}}}