{"credit":"HelloWorldTeam","textures":{"0":"blackflame_skills:blackflame_protection/blackflame_protection_2","particle":"blackflame_skills:blackflame_protection/blackflame_protection_2"},"elements":[{"from":[2,0,8],"to":[14,32,8],"rotation":{"angle":0,"axis":"y","origin":[7,0,8]},"faces":{"north":{"uv":[4.25,0,11.5,16],"texture":"#0"},"east":{"uv":[0,0,0,16],"texture":"#missing"},"south":{"uv":[4.25,0,11.5,16],"texture":"#0"},"west":{"uv":[0,0,0,16],"texture":"#missing"},"up":{"uv":[0,0,16,0],"texture":"#missing"},"down":{"uv":[0,0,16,0],"texture":"#missing"}}},{"from":[-10.50522,0,10.48744],"to":[2.49478,32,10.48744],"rotation":{"angle":22.5,"axis":"y","origin":[-4.00522,16,10.48744]},"faces":{"north":{"uv":[11.5,0,16,16],"texture":"#0"},"east":{"uv":[0,0,0,16],"texture":"#missing"},"south":{"uv":[16,0,11.5,16],"texture":"#0"},"west":{"uv":[0,0,0,16],"texture":"#missing"},"up":{"uv":[0,0,16,0],"texture":"#missing"},"down":{"uv":[0,0,16,0],"texture":"#missing"}}},{"from":[13.50522,0,10.48744],"to":[26.50522,32,10.48744],"rotation":{"angle":-22.5,"axis":"y","origin":[20.00522,16,10.48744]},"faces":{"north":{"uv":[0,0,4.5,16],"texture":"#0"},"east":{"uv":[0,0,0,16],"texture":"#missing"},"south":{"uv":[4.5,0,0,16],"texture":"#0"},"west":{"uv":[0,0,0,16],"texture":"#missing"},"up":{"uv":[16,0,0,0],"texture":"#missing"},"down":{"uv":[16,0,0,0],"texture":"#missing"}}}],"gui_light":"front","display":{"gui":{"scale":[0.27,0.27,0.27]},"head":{"translation":[0,-23.5,-10.75],"scale":[3.83008,4,3.01]}}}