{"credit":"HelloWorldTeam","textures":{"0":"blackflame_skills:blackflame_cross/blackflame_cross_3","particle":"blackflame_skills:blackflame_cross/blackflame_cross_3"},"elements":[{"from":[8,0,-9],"to":[8,32,26],"rotation":{"angle":-45,"axis":"z","origin":[8,16,8.5]},"faces":{"north":{"uv":[0,0,0,16],"texture":"#missing"},"east":{"uv":[16,0,0.5,16],"texture":"#0"},"south":{"uv":[0,0,0,16],"texture":"#missing"},"west":{"uv":[0.5,0,16,15.75],"texture":"#0"},"up":{"uv":[0,0,0,16],"texture":"#missing"},"down":{"uv":[0,0,0,16],"texture":"#missing"}}},{"from":[8,0,-9],"to":[8,32,26],"rotation":{"angle":45,"axis":"z","origin":[8,16,8.5]},"faces":{"north":{"uv":[0,0,0,16],"texture":"#missing"},"east":{"uv":[16,0,0.5,16],"texture":"#0"},"south":{"uv":[0,0,0,16],"texture":"#missing"},"west":{"uv":[0.5,0,16,15.75],"texture":"#0"},"up":{"uv":[0,0,0,16],"texture":"#missing"},"down":{"uv":[0,0,0,16],"texture":"#missing"}}}],"gui_light":"front","display":{"gui":{"rotation":[90,1,0],"scale":[0.27,0.27,0.27]},"head":{"translation":[-0.25,-31.25,20.5],"scale":[3.04,3.04,2]}}}