{"providers":[{"file":"char/black.png","chars":[""],"height":1,"ascent":-5000,"type":"bitmap"},{"file":"char/black.png","chars":[""],"height":2,"ascent":-5000,"type":"bitmap"},{"file":"char/black.png","chars":[""],"height":3,"ascent":-5000,"type":"bitmap"},{"file":"char/black.png","chars":[""],"height":4,"ascent":-5000,"type":"bitmap"},{"file":"char/black.png","chars":[""],"height":5,"ascent":-5000,"type":"bitmap"},{"file":"char/black.png","chars":[""],"height":6,"ascent":-5000,"type":"bitmap"},{"file":"char/black.png","chars":[""],"height":7,"ascent":-5000,"type":"bitmap"},{"file":"char/black.png","chars":[""],"height":15,"ascent":-5000,"type":"bitmap"},{"file":"char/black.png","chars":[""],"height":31,"ascent":-5000,"type":"bitmap"},{"file":"char/black.png","chars":[""],"height":63,"ascent":-5000,"type":"bitmap"},{"file":"char/black.png","chars":[""],"height":127,"ascent":-5000,"type":"bitmap"},{"file":"char/black.png","chars":[""],"height":256,"ascent":-5000,"type":"bitmap"},{"file":"char/black.png","chars":[""],"height":512,"ascent":-5000,"type":"bitmap"},{"file":"char/black.png","chars":[""],"height":1024,"ascent":-5000,"type":"bitmap"},{"file":"char/black.png","chars":[""],"height":-3,"ascent":-5000,"type":"bitmap"},{"file":"char/black.png","chars":[""],"height":-4,"ascent":-5000,"type":"bitmap"},{"file":"char/black.png","chars":[""],"height":-5,"ascent":-5000,"type":"bitmap"},{"file":"char/black.png","chars":[""],"height":-6,"ascent":-5000,"type":"bitmap"},{"file":"char/black.png","chars":[""],"height":-7,"ascent":-5000,"type":"bitmap"},{"file":"char/black.png","chars":[""],"height":-8,"ascent":-5000,"type":"bitmap"},{"file":"char/black.png","chars":[""],"height":-9,"ascent":-5000,"type":"bitmap"},{"file":"char/black.png","chars":[""],"height":-10,"ascent":-5000,"type":"bitmap"},{"file":"char/black.png","chars":[""],"height":-18,"ascent":-5000,"type":"bitmap"},{"file":"char/black.png","chars":[""],"height":-34,"ascent":-5000,"type":"bitmap"},{"file":"char/black.png","chars":[""],"height":-66,"ascent":-5000,"type":"bitmap"},{"file":"char/black.png","chars":[""],"height":-130,"ascent":-5000,"type":"bitmap"},{"file":"char/black.png","chars":[""],"height":-259,"ascent":-5000,"type":"bitmap"},{"file":"char/black.png","chars":[""],"height":-515,"ascent":-5000,"type":"bitmap"},{"file":"char/black.png","chars":[""],"height":-1027,"ascent":-5000,"type":"bitmap"},{"file":"_iainternal:gui/no_recipe.png","chars":[""],"height":170,"ascent":47,"type":"bitmap"},{"file":"_iainternal:gui/crafting.png","chars":[""],"height":170,"ascent":47,"type":"bitmap"},{"file":"_iainternal:gui/cooking.png","chars":[""],"height":170,"ascent":47,"type":"bitmap"},{"file":"_iainternal:gui/blank_menu.png","chars":[""],"height":170,"ascent":47,"type":"bitmap"},{"file":"_iainternal:gui/anvil_repair.png","chars":[""],"height":170,"ascent":47,"type":"bitmap"},{"file":"_iainternal:gui/smithing.png","chars":[""],"height":170,"ascent":47,"type":"bitmap"},{"file":"death_knight:death_knight_texture/vfx_death_impact_1.png","chars":["Ⰰ"],"ascent":85,"height":180,"type":"bitmap"},{"file":"death_knight:death_knight_texture/vfx_death_impact_2.png","chars":["Ⰱ"],"ascent":85,"height":180,"type":"bitmap"},{"file":"death_knight:death_knight_texture/vfx_death_impact_3.png","chars":["Ⰲ"],"ascent":85,"height":180,"type":"bitmap"},{"file":"death_knight:death_knight_texture/vfx_death_impact_4.png","chars":["Ⰳ"],"ascent":85,"height":180,"type":"bitmap"},{"file":"death_knight:death_knight_texture/vfx_death_impact_5.png","chars":["Ⰴ"],"ascent":85,"height":180,"type":"bitmap"},{"file":"death_knight:death_knight_texture/vfx_death_impact_6.png","chars":["Ⰵ"],"ascent":85,"height":180,"type":"bitmap"},{"file":"death_knight:death_knight_texture/vfx_death_impact_7.png","chars":["Ⰶ"],"ascent":85,"height":180,"type":"bitmap"},{"file":"death_knight:death_knight_texture/vfx_death_impact_8.png","chars":["Ⰷ"],"ascent":85,"height":180,"type":"bitmap"},{"file":"death_knight:death_knight_texture/vfx_death_mark_1.png","chars":["Ⰹ"],"ascent":85,"height":180,"type":"bitmap"},{"file":"death_knight:death_knight_texture/vfx_death_mark_2.png","chars":["Ⰺ"],"ascent":85,"height":180,"type":"bitmap"},{"file":"death_knight:death_knight_texture/vfx_death_mark_3.png","chars":["Ⰻ"],"ascent":85,"height":180,"type":"bitmap"},{"file":"death_knight:death_knight_texture/vfx_death_mark_4.png","chars":["Ⰼ"],"ascent":85,"height":180,"type":"bitmap"},{"file":"death_knight:death_knight_texture/vfx_death_sentence_1.png","chars":["Ⰽ"],"ascent":85,"height":180,"type":"bitmap"},{"file":"death_knight:death_knight_texture/vfx_death_sentence_2.png","chars":["Ⰾ"],"ascent":85,"height":180,"type":"bitmap"},{"file":"death_knight:death_knight_texture/vfx_death_sentence_3.png","chars":["Ⰿ"],"ascent":85,"height":180,"type":"bitmap"},{"file":"death_knight:death_knight_texture/vfx_death_sentence_4.png","chars":["Ⱀ"],"ascent":85,"height":180,"type":"bitmap"},{"file":"death_knight:death_knight_texture/vfx_death_sentence_5.png","chars":["Ⱁ"],"ascent":85,"height":180,"type":"bitmap"},{"file":"death_knight:death_knight_texture/vfx_death_sentence_6.png","chars":["Ⱂ"],"ascent":85,"height":180,"type":"bitmap"}]}