{"credit":"Made with Blockbench","texture_size":[64,64],"textures":{"4":"magic:magic_texture/apa"},"elements":[{"from":[10.4,4,-1],"to":[21.4,5,17],"rotation":{"angle":22.5,"axis":"z","origin":[12.4,3,1]},"faces":{"north":{"uv":[10,5,12.5,5.5],"texture":"#4"},"east":{"uv":[9.75,8.5,13.25,9],"texture":"#4"},"south":{"uv":[10,5.5,12.5,6],"texture":"#4"},"west":{"uv":[9.75,9,13.25,9.5],"texture":"#4"},"up":{"uv":[2.5,3.5,0,0],"texture":"#4"},"down":{"uv":[5,0,2.5,3.5],"texture":"#4"}}},{"from":[-5.3,4,-1],"to":[5.7,5,17],"rotation":{"angle":-22.5,"axis":"z","origin":[3.7,3,1]},"faces":{"north":{"uv":[9.75,10,12.25,10.5],"texture":"#4"},"east":{"uv":[9.75,9.5,13.25,10],"texture":"#4"},"south":{"uv":[0,10.5,2.5,11],"texture":"#4"},"west":{"uv":[10,3.5,13.5,4],"texture":"#4"},"up":{"uv":[2.5,7,0,3.5],"texture":"#4"},"down":{"uv":[5,3.5,2.5,7],"texture":"#4"}}},{"from":[-3.9,5,-0.6],"to":[7.6,6.5,16.6],"rotation":{"angle":-22.5,"axis":"z","origin":[4.7,3,1]},"faces":{"north":{"uv":[10.5,1.5,13.125,1.75],"texture":"#4"},"east":{"uv":[10.5,0.5,13.79688,0.75],"texture":"#4"},"south":{"uv":[10.5,1.75,13.125,2],"texture":"#4"},"west":{"uv":[10.5,0.75,13.79688,1],"texture":"#4"},"up":{"uv":[2.625,10.29688,0,7],"texture":"#4"},"down":{"uv":[5.375,7,2.75,10.29688],"texture":"#4"}}},{"from":[-3.9,6.8,2.4],"to":[5.6,6.8,12.6],"rotation":{"angle":-22.5,"axis":"z","origin":[3.7,-0.5,1]},"faces":{"north":{"uv":[0,0,2.125,0],"texture":"#4"},"east":{"uv":[0,0,2.29688,0],"texture":"#4"},"south":{"uv":[0,0,2.125,0],"texture":"#4"},"west":{"uv":[10.5,0.75,13.79688,1],"texture":"#4"},"up":{"uv":[9.875,5.79688,7.75,3.5],"texture":"#4"},"down":{"uv":[10.375,6,8.25,8.29688],"texture":"#4"}}},{"from":[8.5,5,-0.6],"to":[20,6,16.6],"rotation":{"angle":22.5,"axis":"z","origin":[11.4,3,1]},"faces":{"north":{"uv":[10.5,1,13.125,1.25],"texture":"#4"},"east":{"uv":[10.5,0,13.79688,0.25],"texture":"#4"},"south":{"uv":[10.5,1.25,13.125,1.5],"texture":"#4"},"west":{"uv":[10.5,0.25,13.79688,0.5],"texture":"#4"},"up":{"uv":[7.625,3.29688,5,0],"texture":"#4"},"down":{"uv":[7.625,3.5,5,6.79688],"texture":"#4"}}},{"from":[7.5,6.2,-0.6],"to":[20,6.2,16.6],"rotation":{"angle":45,"axis":"z","origin":[10.4,4.2,1]},"faces":{"north":{"uv":[0,0,2.625,0],"texture":"#4"},"east":{"uv":[0,0,3.29688,0],"texture":"#4"},"south":{"uv":[0,0,2.625,0],"texture":"#4"},"west":{"uv":[0,0,3.29688,0],"texture":"#4"},"up":{"uv":[8.125,10.29688,5.5,7],"texture":"#4"},"down":{"uv":[10.375,0,7.75,3.29688],"texture":"#4"}}},{"from":[5.55324,3.23563,-0.999],"to":[10.55124,4.23363,16.999],"rotation":{"angle":0,"axis":"y","origin":[7.55224,2.23463,1]},"faces":{"north":{"uv":[10.5,2,11.25,2.5],"texture":"#4"},"east":{"uv":[10,4,13.5,4.5],"texture":"#4"},"south":{"uv":[10.5,2,11.25,2.5],"texture":"#4"},"west":{"uv":[10,4.5,13.5,5],"texture":"#4"},"up":{"uv":[9,12,8.25,8.5],"texture":"#4"},"down":{"uv":[9.75,8.5,9,12],"texture":"#4"}}}],"display":{"thirdperson_righthand":{"rotation":[87.13,3.87,5.3],"translation":[0,5,2.5],"scale":[0.57219,0.58,0.58781]},"thirdperson_lefthand":{"rotation":[88.48,-0.79,-6.82],"translation":[0,4.25,1.75],"scale":[0.58,0.58,0.58]},"firstperson_righthand":{"rotation":[37.19,-1.79,16.51],"translation":[0.25,3.75,0],"scale":[0.62305,1,0.55664]},"firstperson_lefthand":{"rotation":[-18.5,0,0],"translation":[0,-3.75,0]},"ground":{"translation":[0,6.5,0]},"gui":{"rotation":[41.25,31.75,0],"translation":[0,0.25,0],"scale":[0.5,0.5,0.5]},"head":{"scale":[0,0,0]},"fixed":{"rotation":[-70.75,0,0],"translation":[0,0,-22.25],"scale":[2.49,2.49,2.49]}}}