{"credit":"Made with Blockbench","texture_size":[64,64],"textures":{"7":"model_senjata:mediasl_texture/mediasl"},"elements":[{"from":[7.175,-3.35,7.15],"to":[8.825,5.35,8.85],"rotation":{"angle":0,"axis":"y","origin":[7,0,7]},"faces":{"north":{"uv":[3.5,6,3.90625,8.1875],"texture":"#7"},"east":{"uv":[6,0,6.4375,2.1875],"texture":"#7"},"south":{"uv":[4,6,4.40625,8.1875],"texture":"#7"},"west":{"uv":[6,2.25,6.4375,4.4375],"texture":"#7"},"up":{"uv":[7.40625,0.4375,7,0],"texture":"#7"},"down":{"uv":[7.40625,0.5,7,0.9375],"texture":"#7"}}},{"from":[6.999,4.999,6.999],"to":[9.001,8.376,9.001],"rotation":{"angle":0,"axis":"y","origin":[7,5,7]},"faces":{"north":{"uv":[4.5,6,5,6.84375],"texture":"#7"},"east":{"uv":[6,4.5,6.5,5.34375],"texture":"#7"},"south":{"uv":[5,6,5.5,6.84375],"texture":"#7"},"west":{"uv":[5.5,6,6,6.84375],"texture":"#7"},"up":{"uv":[7,2,6.5,1.5],"texture":"#7"},"down":{"uv":[7,2,6.5,2.5],"texture":"#7"}}},{"from":[6.999,-5.601,6.999],"to":[9.001,-3.024,9.001],"rotation":{"angle":0,"axis":"y","origin":[7,-6,7]},"faces":{"north":{"uv":[6.5,0,7,0.65625],"texture":"#7"},"east":{"uv":[6.5,0,7,0.65625],"texture":"#7"},"south":{"uv":[6.5,0.75,7,1.40625],"texture":"#7"},"west":{"uv":[6.5,0,7,0.65625],"texture":"#7"},"up":{"uv":[7,4,6.5,3.5],"texture":"#7"},"down":{"uv":[7,4,6.5,4.5],"texture":"#7"}}},{"from":[7.025,6.35,7],"to":[9.025,9.725,9],"rotation":{"angle":45,"axis":"z","origin":[9.025,6.35,7]},"faces":{"north":{"uv":[6,5.5,6.5,6.34375],"texture":"#7"},"east":{"uv":[0,6.25,0.5,7.09375],"texture":"#7"},"south":{"uv":[0.5,6.25,1,7.09375],"texture":"#7"},"west":{"uv":[1,6.25,1.5,7.09375],"texture":"#7"},"up":{"uv":[7,3,6.5,2.5],"texture":"#7"},"down":{"uv":[7,3,6.5,3.5],"texture":"#7"}}},{"from":[5.425,7.1,7.275],"to":[7.025,8.975,8.725],"rotation":{"angle":45,"axis":"z","origin":[7.225,6.35,7]},"faces":{"north":{"uv":[6.5,5.5,6.90625,5.96875],"texture":"#7"},"east":{"uv":[7,1,7.375,1.46875],"texture":"#7"},"south":{"uv":[6,6.5,6.40625,6.96875],"texture":"#7"},"west":{"uv":[7,1.5,7.375,1.96875],"texture":"#7"},"up":{"uv":[7.40625,4.875,7,4.5],"texture":"#7"},"down":{"uv":[5.40625,7,5,7.375],"texture":"#7"}}},{"from":[4.926,7.426,7.276],"to":[6.499,9.024,8.724],"rotation":{"angle":22.5,"axis":"z","origin":[7.55,9.225,7]},"faces":{"north":{"uv":[7,3,7.40625,3.40625],"texture":"#7"},"east":{"uv":[7,5,7.375,5.40625],"texture":"#7"},"south":{"uv":[7,3.5,7.40625,3.90625],"texture":"#7"},"west":{"uv":[5.5,7,5.875,7.40625],"texture":"#7"},"up":{"uv":[7.40625,5.875,7,5.5],"texture":"#7"},"down":{"uv":[6.40625,7,6,7.375],"texture":"#7"}}},{"from":[5.525,-9.675,8],"to":[10.475,-1.675,8],"rotation":{"angle":0,"axis":"y","origin":[7,-6.675,7]},"faces":{"north":{"uv":[3.5,0,4.75,2],"texture":"#7"},"east":{"uv":[0,0,0,2],"texture":"#7"},"south":{"uv":[3.5,2,4.75,4],"texture":"#7"},"west":{"uv":[0,0,0,2],"texture":"#7"},"up":{"uv":[1.25,0,0,0],"texture":"#7"},"down":{"uv":[1.25,0,0,0],"texture":"#7"}}},{"from":[6.975,6.35,7],"to":[8.975,9.725,9],"rotation":{"angle":-45,"axis":"z","origin":[6.975,6.35,7]},"faces":{"north":{"uv":[1.5,6.25,2,7.09375],"texture":"#7"},"east":{"uv":[2,6.25,2.5,7.09375],"texture":"#7"},"south":{"uv":[2.5,6.25,3,7.09375],"texture":"#7"},"west":{"uv":[3,6.25,3.5,7.09375],"texture":"#7"},"up":{"uv":[7,5,6.5,4.5],"texture":"#7"},"down":{"uv":[7,5,6.5,5.5],"texture":"#7"}}},{"from":[8.975,7.1,7.275],"to":[10.575,8.975,8.725],"rotation":{"angle":-45,"axis":"z","origin":[8.775,6.35,7]},"faces":{"north":{"uv":[6.5,6,6.90625,6.46875],"texture":"#7"},"east":{"uv":[7,2,7.375,2.46875],"texture":"#7"},"south":{"uv":[6.5,6.5,6.90625,6.96875],"texture":"#7"},"west":{"uv":[7,2.5,7.375,2.96875],"texture":"#7"},"up":{"uv":[7.40625,6.375,7,6],"texture":"#7"},"down":{"uv":[6.90625,7,6.5,7.375],"texture":"#7"}}},{"from":[9.501,7.426,7.276],"to":[11.074,9.024,8.724],"rotation":{"angle":-22.5,"axis":"z","origin":[8.45,9.225,7]},"faces":{"north":{"uv":[7,4,7.40625,4.40625],"texture":"#7"},"east":{"uv":[7,6.5,7.375,6.90625],"texture":"#7"},"south":{"uv":[4.5,7,4.90625,7.40625],"texture":"#7"},"west":{"uv":[7,7,7.375,7.40625],"texture":"#7"},"up":{"uv":[0.40625,7.625,0,7.25],"texture":"#7"},"down":{"uv":[0.90625,7.25,0.5,7.625],"texture":"#7"}}},{"from":[6.5,5.975,6.825],"to":[7.5,6.975,9.175],"rotation":{"angle":-45,"axis":"z","origin":[8,5.475,7]},"faces":{"north":{"uv":[3,7.25,3.25,7.5],"texture":"#7"},"east":{"uv":[1,7.25,1.59375,7.5],"texture":"#7"},"south":{"uv":[3.25,7.25,3.5,7.5],"texture":"#7"},"west":{"uv":[1.75,7.25,2.34375,7.5],"texture":"#7"},"up":{"uv":[2.75,7.84375,2.5,7.25],"texture":"#7"},"down":{"uv":[3,7.25,2.75,7.84375],"texture":"#7"}}},{"from":[2.35,3.125,8],"to":[7.2,10.325,8],"rotation":{"angle":-45,"axis":"z","origin":[4.275,6.725,7]},"faces":{"north":{"uv":[3.5,4,4.71875,5.8125],"texture":"#7"},"east":{"uv":[0,0,0,1.8125],"texture":"#7"},"south":{"uv":[4.75,0,5.96875,1.8125],"texture":"#7"},"west":{"uv":[0,0,0,1.8125],"texture":"#7"},"up":{"uv":[1.21875,0,0,0],"texture":"#7"},"down":{"uv":[1.21875,0,0,0],"texture":"#7"}}},{"from":[8.8,3.125,8],"to":[13.65,10.325,8],"rotation":{"angle":45,"axis":"z","origin":[11.725,6.725,7]},"faces":{"north":{"uv":[4.75,2,5.96875,3.8125],"texture":"#7"},"east":{"uv":[0,0,0,1.8125],"texture":"#7"},"south":{"uv":[4.75,4,5.96875,5.8125],"texture":"#7"},"west":{"uv":[0,0,0,1.8125],"texture":"#7"},"up":{"uv":[1.21875,0,0,0],"texture":"#7"},"down":{"uv":[1.21875,0,0,0],"texture":"#7"}}},{"from":[4.75,7,7.85],"to":[11.25,32,7.85],"rotation":{"angle":0,"axis":"y","origin":[7,7,6.85]},"faces":{"north":{"uv":[0,0,1.625,6.25],"texture":"#7"},"east":{"uv":[0,0,0,6.25],"texture":"#7"},"south":{"uv":[1.75,0,3.375,6.25],"texture":"#7"},"west":{"uv":[0,0,0,6.25],"texture":"#7"},"up":{"uv":[1.625,0,0,0],"texture":"#7"},"down":{"uv":[1.625,0,0,0],"texture":"#7"}}}],"display":{"thirdperson_righthand":{"rotation":[0,90,0],"translation":[0,4.75,1.5]},"thirdperson_lefthand":{"rotation":[0,90,0],"translation":[0,4.75,1.5]},"firstperson_righthand":{"rotation":[0,90,0],"translation":[-0.25,3.25,1]},"firstperson_lefthand":{"rotation":[0,90,0],"translation":[-0.25,3.25,1]},"ground":{"rotation":[39,-5,53],"translation":[0,2,0]},"gui":{"rotation":[0,0,-38],"translation":[-1,-1.25,0],"scale":[0.45,0.45,0.45]},"head":{"rotation":[0,0,152.75],"translation":[-1.5,-11.5,6],"scale":[1.45,1.45,1.45]},"fixed":{"rotation":[0,90,51],"translation":[0,-11.25,-14.25],"scale":[1.45,1.45,1.45]}}}