{"credit":"HelloWorldTeam","textures":{"0":"blackflame_skills:blackflame_hit/blackflame_hit_5"},"elements":[{"from":[8,-6,-3],"to":[8,32,19],"rotation":{"angle":-45,"axis":"y","origin":[8,1,8]},"faces":{"north":{"uv":[0,0,0,16],"texture":"#missing"},"east":{"uv":[5.5,0,10.5,16],"texture":"#0"},"south":{"uv":[0,0,0,16],"texture":"#missing"},"west":{"uv":[10.5,0,5.5,16],"texture":"#0"},"up":{"uv":[0,0,0,16],"texture":"#missing"},"down":{"uv":[0,0,0,16],"texture":"#missing"}}},{"from":[8,-6,-3],"to":[8,32,19],"rotation":{"angle":45,"axis":"y","origin":[8,19,8]},"faces":{"north":{"uv":[0,0,0,16],"texture":"#missing"},"east":{"uv":[5.5,0,10.5,16],"texture":"#0"},"south":{"uv":[0,0,0,16],"texture":"#missing"},"west":{"uv":[5.5,0,10.5,16],"texture":"#0"},"up":{"uv":[0,0,0,16],"texture":"#missing"},"down":{"uv":[0,0,0,16],"texture":"#missing"}}}],"gui_light":"front","display":{"thirdperson_righthand":{"rotation":[90,0,0],"translation":[-6,-2,1.25],"scale":[0.58,0.58,0.58]},"gui":{"scale":[0.2,0.2,0.2]},"head":{"translation":[0,-15.75,0],"scale":[2.16,2.16,2.16]}}}