{"credit":"MythicMMC Team","textures":{"0":"chaos_skills:skill6_ultimate_dlf_ef/skill6_ultimate_dlf_ef_3","particle":"chaos_skills:skill6_ultimate_dlf_ef/skill6_ultimate_dlf_ef_3"},"elements":[{"from":[8,-14.4,-13.6],"to":[8,28.8,29.6],"rotation":{"angle":45,"axis":"y","origin":[8,7.2,8]},"faces":{"north":{"uv":[0,0,0,16],"texture":"#missing"},"east":{"uv":[16,0,0,16],"texture":"#0"},"south":{"uv":[0,0,0,16],"texture":"#missing"},"west":{"uv":[0,0,16,16],"texture":"#0"},"up":{"uv":[0,0,0,16],"texture":"#missing"},"down":{"uv":[0,0,0,16],"texture":"#missing"}}},{"from":[-13.6,7.2,-13.6],"to":[29.6,7.2,29.6],"rotation":{"angle":22.5,"axis":"x","origin":[8,7.2,8]},"faces":{"north":{"uv":[0,0,0,16],"rotation":90,"texture":"#missing"},"east":{"uv":[0,0,0,16],"rotation":90,"texture":"#missing"},"south":{"uv":[0,0,0,16],"rotation":90,"texture":"#missing"},"west":{"uv":[0,0,0,16],"rotation":270,"texture":"#missing"},"up":{"uv":[0,0,16,16],"texture":"#0"},"down":{"uv":[16,0,0,16],"rotation":180,"texture":"#0"}}},{"from":[-13.6,7.2,-13.6],"to":[29.6,7.2,29.6],"rotation":{"angle":-22.5,"axis":"x","origin":[8,7.2,8]},"faces":{"north":{"uv":[0,0,0,16],"rotation":90,"texture":"#missing"},"east":{"uv":[0,0,0,16],"rotation":90,"texture":"#missing"},"south":{"uv":[0,0,0,16],"rotation":90,"texture":"#missing"},"west":{"uv":[0,0,0,16],"rotation":270,"texture":"#missing"},"up":{"uv":[0,0,16,16],"texture":"#0"},"down":{"uv":[16,0,0,16],"rotation":180,"texture":"#0"}}},{"from":[-13.6,7.2,-13.6],"to":[29.6,7.2,29.6],"rotation":{"angle":22.5,"axis":"z","origin":[8,7.2,8]},"faces":{"north":{"uv":[0,0,0,16],"rotation":90,"texture":"#missing"},"east":{"uv":[0,0,0,16],"rotation":90,"texture":"#missing"},"south":{"uv":[0,0,0,16],"rotation":90,"texture":"#missing"},"west":{"uv":[0,0,0,16],"rotation":270,"texture":"#missing"},"up":{"uv":[0,0,16,16],"texture":"#0"},"down":{"uv":[16,0,0,16],"rotation":180,"texture":"#0"}}},{"from":[-13.6,7.2,-13.6],"to":[29.6,7.2,29.6],"rotation":{"angle":-22.5,"axis":"z","origin":[8,7.2,8]},"faces":{"north":{"uv":[0,0,0,16],"rotation":90,"texture":"#missing"},"east":{"uv":[0,0,0,16],"rotation":90,"texture":"#missing"},"south":{"uv":[0,0,0,16],"rotation":90,"texture":"#missing"},"west":{"uv":[0,0,0,16],"rotation":270,"texture":"#missing"},"up":{"uv":[0,0,16,16],"texture":"#0"},"down":{"uv":[16,0,0,16],"rotation":180,"texture":"#0"}}},{"from":[-13.6,-14.4,8],"to":[29.6,28.8,8],"rotation":{"angle":-45,"axis":"x","origin":[8,7.2,8]},"faces":{"north":{"uv":[16,0,0,16],"texture":"#0"},"east":{"uv":[0,0,0,16],"texture":"#missing"},"south":{"uv":[0,0,16,16],"texture":"#0"},"west":{"uv":[0,0,0,16],"texture":"#missing"},"up":{"uv":[0,0,0,16],"rotation":270,"texture":"#missing"},"down":{"uv":[0,0,0,16],"rotation":90,"texture":"#missing"}}},{"from":[-13.6,-14.4,8],"to":[29.6,28.8,8],"rotation":{"angle":45,"axis":"x","origin":[8,7.2,8]},"faces":{"north":{"uv":[16,0,0,16],"texture":"#0"},"east":{"uv":[0,0,0,16],"texture":"#missing"},"south":{"uv":[0,0,16,16],"texture":"#0"},"west":{"uv":[0,0,0,16],"texture":"#missing"},"up":{"uv":[0,0,0,16],"rotation":270,"texture":"#missing"},"down":{"uv":[0,0,0,16],"rotation":90,"texture":"#missing"}}},{"from":[8,-14.4,-13.6],"to":[8,28.8,29.6],"rotation":{"angle":-45,"axis":"y","origin":[8,7.2,8]},"faces":{"north":{"uv":[0,0,0,16],"texture":"#missing"},"east":{"uv":[16,0,0,16],"texture":"#0"},"south":{"uv":[0,0,0,16],"texture":"#missing"},"west":{"uv":[0,0,16,16],"texture":"#0"},"up":{"uv":[0,0,0,16],"texture":"#missing"},"down":{"uv":[0,0,0,16],"texture":"#missing"}}}],"gui_light":"front","display":{"thirdperson_righthand":{"translation":[-6,1.25,6.25],"scale":[4,4,4]},"gui":{"scale":[0.22,0.22,0.22]},"head":{"translation":[0,-14.25,0],"scale":[2.21,2.21,2.21]}}}