{"credit":"HelloWorldTeam","texture_size":[24,24],"textures":{"0":"blackflame_skills:blackflame_pursuers","1":"blackflame_skills:blackflame_pursuers/blackflame_pursuers_2","particle":"blackflame_skills:blackflame_pursuers"},"elements":[{"from":[5.75,5.75,6],"to":[10.25,10.25,11],"rotation":{"angle":0,"axis":"y","origin":[7,0,7]},"faces":{"north":{"uv":[7.33333,3.33333,10.33333,6.33333],"texture":"#0"},"east":{"uv":[4,0,7.33333,3],"texture":"#0"},"south":{"uv":[7.33333,6.66667,10.33333,9.66667],"texture":"#0"},"west":{"uv":[4,3.33333,7.33333,6.33333],"texture":"#0"},"up":{"uv":[7,10,4,6.66667],"texture":"#0"},"down":{"uv":[10.33333,0,7.33333,3.33333],"texture":"#0"}}},{"from":[5.25,5.25,6.75],"to":[10.75,10.75,10.25],"rotation":{"angle":0,"axis":"y","origin":[7,0,7]},"faces":{"north":{"uv":[0,0,3.66667,3.66667],"texture":"#0"},"east":{"uv":[0,8,2.33333,11.66667],"texture":"#0"},"south":{"uv":[0,4,3.66667,7.66667],"texture":"#0"},"west":{"uv":[2.66667,10,5,13.66667],"texture":"#0"},"up":{"uv":[9,12.33333,5.33333,10],"texture":"#0"},"down":{"uv":[13,10,9.33333,12.33333],"texture":"#0"}}},{"from":[1,1,8.5],"to":[15,15,8.5],"rotation":{"angle":0,"axis":"y","origin":[7,0,8]},"faces":{"north":{"uv":[0,0,16,16],"texture":"#1"},"east":{"uv":[0,0,0,6.66667],"texture":"#missing"},"south":{"uv":[0,0,16,16],"texture":"#1"},"west":{"uv":[0,0,0,6.66667],"texture":"#missing"},"up":{"uv":[0,0,6.66667,0],"texture":"#missing"},"down":{"uv":[0,0,6.66667,0],"texture":"#missing"}}},{"from":[2,2,7.75],"to":[14,14,7.75],"rotation":{"angle":-45,"axis":"z","origin":[8,8,7.5]},"faces":{"north":{"uv":[0,0,16,16],"texture":"#1"},"east":{"uv":[0,0,0,6.66667],"texture":"#missing"},"south":{"uv":[0,0,16,16],"texture":"#1"},"west":{"uv":[0,0,0,6.66667],"texture":"#missing"},"up":{"uv":[0,0,6.66667,0],"texture":"#missing"},"down":{"uv":[0,0,6.66667,0],"texture":"#missing"}}},{"from":[2,2,9.25],"to":[14,14,9.25],"rotation":{"angle":-45,"axis":"z","origin":[8,8,8.5]},"faces":{"north":{"uv":[16,0,0,16],"texture":"#1"},"east":{"uv":[0,0,0,6.66667],"texture":"#missing"},"south":{"uv":[16,0,0,16],"texture":"#1"},"west":{"uv":[0,0,0,6.66667],"texture":"#missing"},"up":{"uv":[0,0,6.66667,0],"texture":"#missing"},"down":{"uv":[0,0,6.66667,0],"texture":"#missing"}}}],"gui_light":"front","display":{"gui":{"rotation":[180,7.25,180],"scale":[0.67,0.67,0.67]},"head":{"translation":[0,-7.25,-0.5],"scale":[2,2,2]}}}