{"credit":"Made with Blockbench","textures":{"6":"model_senjata:doombringer_hitam_texture/atas_hitam","11":"model_senjata:doombringer_hitam_texture/main1_hitam","13":"model_senjata:doombringer_hitam_texture/texture_1_hitam","14":"model_senjata:doombringer_hitam_texture/main2_hitam","15":"model_senjata:doombringer_hitam_texture/mata_hitam","16":"model_senjata:doombringer_hitam_texture/nyerap_hitam","particle":"nyerap_hitam"},"elements":[{"from":[7.53813,14.89241,7.2305],"to":[8.69238,16.43141,8.7695],"rotation":{"angle":0,"axis":"y","origin":[8.11525,11.3907,8]},"faces":{"north":{"uv":[11.25,3.75,11.625,4.25],"texture":"#11"},"east":{"uv":[10,10.5,10.5,11],"texture":"#11"},"south":{"uv":[4,11.25,4.375,11.75],"texture":"#11"},"west":{"uv":[10.5,10,11,10.5],"texture":"#11"},"up":{"uv":[4.875,11.75,4.5,11.25],"texture":"#11"},"down":{"uv":[5.375,11.25,5,11.75],"texture":"#11"}}},{"from":[6.65,15.5,6.5],"to":[9.35,16.5,9.5],"rotation":{"angle":0,"axis":"y","origin":[8,0.94936,8]},"faces":{"north":{"uv":[10,1.75,10.6875,2.25],"texture":"#11"},"east":{"uv":[7.25,9.75,8,10.25],"texture":"#11"},"south":{"uv":[10,2.25,10.6875,2.75],"texture":"#11"},"west":{"uv":[9.75,7.25,10.5,7.75],"texture":"#11"},"up":{"uv":[7.4375,8.75,6.75,8],"texture":"#11"},"down":{"uv":[7.4375,8,6.75,8.75],"texture":"#11"}}},{"from":[7.53813,11.81441,7.2305],"to":[8.69238,13.35341,8.7695],"rotation":{"angle":0,"axis":"y","origin":[8.11525,11.3907,8]},"faces":{"north":{"uv":[11.25,3.75,11.625,4.25],"texture":"#11"},"east":{"uv":[10,10.5,10.5,11],"texture":"#11"},"south":{"uv":[4,11.25,4.375,11.75],"texture":"#11"},"west":{"uv":[10.5,10,11,10.5],"texture":"#11"},"up":{"uv":[4.875,11.75,4.5,11.25],"texture":"#11"},"down":{"uv":[5.375,11.25,5,11.75],"texture":"#11"}}},{"from":[7.53813,9.50591,7.2305],"to":[8.69238,11.04491,8.7695],"rotation":{"angle":0,"axis":"y","origin":[8.11525,11.3907,8]},"faces":{"north":{"uv":[11.25,1.75,11.625,2.25],"texture":"#11"},"east":{"uv":[10.5,7,11,7.5],"texture":"#11"},"south":{"uv":[2,11.25,2.375,11.75],"texture":"#11"},"west":{"uv":[7.75,10.5,8.25,11],"texture":"#11"},"up":{"uv":[11.625,2.75,11.25,2.25],"texture":"#11"},"down":{"uv":[2.875,11.25,2.5,11.75],"texture":"#11"}}},{"from":[8.1,2.3,8],"to":[8.1,3.9,8],"rotation":{"angle":0,"axis":"y","origin":[8.1,11.45949,8]},"color":0,"faces":{"north":{"uv":[10.5,10.5,11,11],"texture":"#missing"},"east":{"uv":[0.5,10.75,1,11.25],"texture":"#missing"},"south":{"uv":[1,10.75,1.5,11.25],"texture":"#missing"},"west":{"uv":[1.5,10.75,2,11.25],"texture":"#missing"},"up":{"uv":[11.25,2.25,10.75,1.75],"texture":"#missing"},"down":{"uv":[2,11.125,1.5,11.25],"texture":"#missing"}}},{"from":[7.49663,22.2139,17.63321],"to":[8.50337,23.3983,18.81761],"rotation":{"angle":-45,"axis":"x","origin":[8.23688,12.45462,8.25125]},"faces":{"north":{"uv":[10.25,7.75,10.875,8.25],"texture":"#14"},"east":{"uv":[4.25,10.75,4.75,11.25],"texture":"#14"},"south":{"uv":[10.25,8.25,10.875,8.75],"texture":"#14"},"west":{"uv":[4.75,10.75,5.25,11.25],"texture":"#14"},"up":{"uv":[10.875,9.25,10.25,8.75],"texture":"#14"},"down":{"uv":[10.875,9.25,10.25,9.75],"texture":"#14"}}},{"from":[7.49663,0.8139,-4.40149],"to":[8.50337,1.9983,-3.21709],"rotation":{"angle":-45,"axis":"x","origin":[8.23688,11.05462,13.21655]},"faces":{"north":{"uv":[10.25,7.75,10.875,8.25],"texture":"#14"},"east":{"uv":[4.25,10.75,4.75,11.25],"texture":"#14"},"south":{"uv":[10.25,8.25,10.875,8.75],"texture":"#14"},"west":{"uv":[4.75,10.75,5.25,11.25],"texture":"#14"},"up":{"uv":[10.875,9.25,10.25,8.75],"texture":"#14"},"down":{"uv":[10.875,9.25,10.25,9.75],"texture":"#14"}}},{"from":[7.63757,18.99401,18.29858],"to":[8.36243,19.84678,19.15135],"rotation":{"angle":-45,"axis":"x","origin":[8.17055,8.96733,7.34357]},"faces":{"north":{"uv":[10.25,7.75,10.875,8.25],"texture":"#14"},"east":{"uv":[4.25,10.75,4.75,11.25],"texture":"#14"},"south":{"uv":[10.25,8.25,10.875,8.75],"texture":"#14"},"west":{"uv":[4.75,10.75,5.25,11.25],"texture":"#14"},"up":{"uv":[10.875,9.25,10.25,8.75],"texture":"#14"},"down":{"uv":[10.875,9.25,10.25,9.75],"texture":"#14"}}},{"from":[7.01889,-6.60825,6.41921],"to":[8.94264,-5.06925,7.95821],"rotation":{"angle":45,"axis":"x","origin":[7.98076,-6.60825,8.05821]},"faces":{"north":{"uv":[10.5,0,11.125,0.5],"texture":"#11"},"east":{"uv":[5.25,10.75,5.75,11.25],"texture":"#11"},"south":{"uv":[10.5,1.25,11.125,1.75],"texture":"#11"},"west":{"uv":[6.25,10.75,6.75,11.25],"texture":"#11"},"up":{"uv":[11.125,5.75,10.5,5.25],"texture":"#11"},"down":{"uv":[11.125,6.5,10.5,7],"texture":"#11"}}},{"from":[7.3125,-6.11813,7.2875],"to":[8.7375,-1.84313,8.7125],"rotation":{"angle":0,"axis":"y","origin":[8.025,13.00564,8]},"faces":{"north":{"uv":[1.5,8.75,1.875,10],"texture":"#11"},"east":{"uv":[2,8.75,2.375,10],"texture":"#11"},"south":{"uv":[2.5,8.75,2.875,10],"texture":"#11"},"west":{"uv":[3,8.75,3.375,10],"texture":"#11"},"up":{"uv":[11.875,10.375,11.5,10],"texture":"#11"},"down":{"uv":[10.625,11.5,10.25,11.875],"texture":"#11"}}},{"from":[7.53813,4.60035,7.42288],"to":[8.69238,7.96691,8.57713],"rotation":{"angle":0,"axis":"y","origin":[8.11525,13.31445,8]},"faces":{"north":{"uv":[2,8.75,2.375,10],"texture":"#11"},"east":{"uv":[2,8.75,2.375,10],"texture":"#11"},"south":{"uv":[2,8.75,2.375,10],"texture":"#11"},"west":{"uv":[2,8.75,2.375,10],"texture":"#11"},"up":{"uv":[11.875,10.375,11.5,10],"rotation":270,"texture":"#11"},"down":{"uv":[16,15.625,15.625,16],"rotation":90,"texture":"#11"}}},{"from":[7.53813,1.23379,7.42288],"to":[8.69238,4.60035,8.57713],"rotation":{"angle":0,"axis":"y","origin":[8.11525,13.31445,8]},"faces":{"north":{"uv":[2,8.75,2.375,10],"texture":"#11"},"east":{"uv":[2,8.75,2.375,10],"texture":"#11"},"south":{"uv":[2,8.75,2.375,10],"texture":"#11"},"west":{"uv":[2,8.75,2.375,10],"texture":"#11"},"up":{"uv":[11.875,10.375,11.5,10],"rotation":270,"texture":"#11"},"down":{"uv":[16,15.625,15.625,16],"rotation":90,"texture":"#11"}}},{"from":[7.53813,-2.1225,7.42288],"to":[8.69238,1.24406,8.57713],"rotation":{"angle":0,"axis":"y","origin":[8.11525,13.31445,8]},"faces":{"north":{"uv":[2,8.75,2.375,10],"texture":"#11"},"east":{"uv":[2,8.75,2.375,10],"texture":"#11"},"south":{"uv":[2,8.75,2.375,10],"texture":"#11"},"west":{"uv":[2,8.75,2.375,10],"texture":"#11"},"up":{"uv":[11.875,10.375,11.5,10],"rotation":270,"texture":"#11"},"down":{"uv":[16,15.625,15.625,16],"rotation":90,"texture":"#11"}}},{"from":[7.49965,7.96691,7.2305],"to":[8.73085,8.73641,8.7695],"rotation":{"angle":0,"axis":"y","origin":[8.11525,11.3907,8]},"faces":{"north":{"uv":[6.75,10.75,7.25,11.25],"texture":"#11"},"east":{"uv":[7.25,10.75,7.75,11.25],"texture":"#11"},"south":{"uv":[11,4.25,11.5,4.75],"texture":"#11"},"west":{"uv":[11,4.75,11.5,5.25],"texture":"#11"},"up":{"uv":[6.25,11.5,5.75,11],"texture":"#11"},"down":{"uv":[11.5,5.125,11,5.25],"texture":"#11"}}},{"from":[7.36516,-2.28234,7.31515],"to":[8.59636,-1.51284,8.70025],"rotation":{"angle":0,"axis":"y","origin":[7.98076,8.06695,8]},"faces":{"north":{"uv":[6.75,10.75,7.25,11.25],"texture":"#11"},"east":{"uv":[7.25,10.75,7.75,11.25],"texture":"#11"},"south":{"uv":[11,4.25,11.5,4.75],"texture":"#11"},"west":{"uv":[11,4.75,11.5,5.25],"texture":"#11"},"up":{"uv":[6.25,11.5,5.75,11],"texture":"#11"},"down":{"uv":[11.5,5.125,11,5.25],"texture":"#11"}}},{"from":[7.8844,-7.08234,7.90745],"to":[8.1156,-6.31284,8.09255],"rotation":{"angle":0,"axis":"y","origin":[7.5,8.06695,7.99231]},"faces":{"north":{"uv":[6.75,10.75,7.25,11.25],"texture":"#11"},"east":{"uv":[7.25,10.75,7.75,11.25],"texture":"#11"},"south":{"uv":[11,4.25,11.5,4.75],"texture":"#11"},"west":{"uv":[11,4.75,11.5,5.25],"texture":"#11"},"up":{"uv":[6.25,11.5,5.75,11],"texture":"#11"},"down":{"uv":[11.5,5.125,11,5.25],"texture":"#11"}}},{"from":[7.05736,-3.31284,7.03813],"to":[8.98111,-1.77384,8.96187],"rotation":{"angle":0,"axis":"y","origin":[7.98076,3.95845,8]},"faces":{"north":{"uv":[6.75,10.75,7.25,11.25],"texture":"#11"},"east":{"uv":[7.25,10.75,7.75,11.25],"texture":"#11"},"south":{"uv":[11,4.25,11.5,4.75],"texture":"#11"},"west":{"uv":[11,4.75,11.5,5.25],"texture":"#11"},"up":{"uv":[6.25,11.5,5.75,11],"texture":"#11"},"down":{"uv":[11.5,5.125,11,5.25],"texture":"#11"}}},{"from":[7.34575,8.73641,7.03813],"to":[8.88475,10.27541,8.96187],"rotation":{"angle":0,"axis":"y","origin":[8.11525,11.3907,8]},"faces":{"north":{"uv":[8.75,11,9.25,11.5],"texture":"#11"},"east":{"uv":[11,9,11.5,9.5],"texture":"#11"},"south":{"uv":[9.25,11,9.75,11.5],"texture":"#11"},"west":{"uv":[9.75,11,10.25,11.5],"texture":"#11"},"up":{"uv":[11.5,10.5,11,10],"texture":"#11"},"down":{"uv":[10.25,11.40625,9.75,11.5],"texture":"#11"}}},{"from":[7.27834,10.96994,6.98195],"to":[8.90722,12.59881,9.01805],"rotation":{"angle":0,"axis":"y","origin":[8.09278,12.05591,8]},"faces":{"north":{"uv":[8.75,11,9.25,11.5],"texture":"#11"},"east":{"uv":[11,9,11.5,9.5],"texture":"#11"},"south":{"uv":[9.25,11,9.75,11.5],"texture":"#11"},"west":{"uv":[9.75,11,10.25,11.5],"texture":"#11"},"up":{"uv":[11.5,10.5,11,10],"texture":"#11"},"down":{"uv":[10.25,11.40625,9.75,11.5],"texture":"#11"}}},{"from":[7.27834,13.29325,6.98195],"to":[8.90722,14.92213,9.01805],"rotation":{"angle":0,"axis":"y","origin":[8.09278,12.05591,8]},"faces":{"north":{"uv":[8.75,11,9.25,11.5],"texture":"#11"},"east":{"uv":[11,9,11.5,9.5],"texture":"#11"},"south":{"uv":[9.25,11,9.75,11.5],"texture":"#11"},"west":{"uv":[9.75,11,10.25,11.5],"texture":"#11"},"up":{"uv":[11.5,10.5,11,10],"texture":"#11"},"down":{"uv":[10.25,11.40625,9.75,11.5],"texture":"#11"}}},{"from":[7.67933,23.078,16.02],"to":[8.34201,24.18878,16.66052],"rotation":{"angle":0,"axis":"y","origin":[7.95533,7.48612,9.6]},"faces":{"north":{"uv":[11.875,8.375,11.75,8],"texture":"#11"},"east":{"uv":[12,9.5,11.75,9.875],"texture":"#11"},"south":{"uv":[7.9375,12,7.75,12.375],"texture":"#11"},"west":{"uv":[12,9.5,11.75,9.875],"texture":"#11"},"up":{"uv":[4.9375,12.25,4.75,12.5],"texture":"#11"},"down":{"uv":[12.4375,5,12.25,4.75],"texture":"#11"}}},{"from":[7.67933,16.28347,15.13948],"to":[8.34201,17.39425,15.78],"rotation":{"angle":0,"axis":"y","origin":[7.95533,7.48612,9.6]},"faces":{"north":{"uv":[7.9375,12,7.75,12.375],"rotation":180,"texture":"#11"},"east":{"uv":[12,9.5,11.75,9.875],"rotation":180,"texture":"#11"},"south":{"uv":[11.875,8.375,11.75,8],"rotation":180,"texture":"#11"},"west":{"uv":[12,9.5,11.75,9.875],"rotation":180,"texture":"#11"},"up":{"uv":[12.4375,5,12.25,4.75],"texture":"#11"},"down":{"uv":[4.9375,12.25,4.75,12.5],"texture":"#11"}}},{"from":[7.57933,13.42122,24.33604],"to":[8.43827,14.23579,25.5579],"rotation":{"angle":-45,"axis":"x","origin":[7.92205,7.6159,9.6]},"faces":{"north":{"uv":[12.3125,2.75,12,3],"rotation":180,"texture":"#11"},"east":{"uv":[12,3.75,11.75,4.125],"rotation":90,"texture":"#11"},"south":{"uv":[12.3125,3.25,12,3],"texture":"#11"},"west":{"uv":[4.25,11.75,4,12.125],"rotation":270,"texture":"#11"},"up":{"uv":[1.8125,11.75,1.5,12.125],"texture":"#11"},"down":{"uv":[12.0625,1.75,11.75,2.125],"rotation":180,"texture":"#11"}}},{"from":[7.57933,18.12122,5.93604],"to":[8.43827,18.93579,7.1579],"rotation":{"angle":45,"axis":"x","origin":[7.92205,7.6159,9.6]},"faces":{"north":{"uv":[12.3125,2.75,12,3],"rotation":180,"texture":"#11"},"east":{"uv":[12,3.75,11.75,4.125],"rotation":90,"texture":"#11"},"south":{"uv":[12.3125,3.25,12,3],"texture":"#11"},"west":{"uv":[4.25,11.75,4,12.125],"rotation":270,"texture":"#11"},"up":{"uv":[1.8125,11.75,1.5,12.125],"texture":"#11"},"down":{"uv":[12.0625,1.75,11.75,2.125],"rotation":180,"texture":"#11"}}},{"from":[7.1,20.5,5.5],"to":[9.1,21.5,10.5],"rotation":{"angle":0,"axis":"y","origin":[8,8.94936,8]},"faces":{"north":{"uv":[8,1.75,8.5,2],"texture":"#14"},"east":{"uv":[10.25,9.75,11.5,10],"texture":"#14"},"south":{"uv":[9.25,6.75,9.75,7],"texture":"#14"},"west":{"uv":[10.5,0.5,11.75,0.75],"texture":"#14"},"up":{"uv":[8,6.25,7.5,5],"texture":"#14"},"down":{"uv":[8,6.25,7.5,7.5],"texture":"#14"}}},{"from":[6.6,20.5,6.5],"to":[9.6,22.5,9.5],"rotation":{"angle":0,"axis":"y","origin":[8,8.94936,8]},"faces":{"north":{"uv":[9.75,1.25,10.5,1.75],"texture":"#14"},"east":{"uv":[9.75,5.25,10.5,5.75],"texture":"#14"},"south":{"uv":[6.5,9.75,7.25,10.25],"texture":"#14"},"west":{"uv":[9.75,6.75,10.5,7.25],"texture":"#14"},"up":{"uv":[3,8.75,2.25,8],"texture":"#14"},"down":{"uv":[3.75,8,3,8.75],"texture":"#14"}}},{"name":"eye","from":[6,16.5,5.25],"to":[6,20.5,10.75],"rotation":{"angle":0,"axis":"y","origin":[8,8.94936,8]},"faces":{"east":{"uv":[0,0,11,8],"texture":"#15"},"west":{"uv":[0,0,11,8],"texture":"#15"}}},{"from":[5.5,18,7.75],"to":[6,19.5,8.25],"rotation":{"angle":0,"axis":"y","origin":[8,8.94936,8]},"faces":{"north":{"uv":[10.25,12,10.375,12.375],"texture":"#14"},"east":{"uv":[10.5,12,10.625,12.375],"texture":"#14"},"south":{"uv":[12,10.5,12.125,10.875],"texture":"#14"},"west":{"uv":[10.75,12,10.875,12.375],"texture":"#14"},"up":{"uv":[5.625,12.625,5.5,12.5],"texture":"#14"},"down":{"uv":[12.625,5.5,12.5,5.625],"texture":"#14"}}},{"from":[5.5,17.5,7.25],"to":[6,18,8.75],"rotation":{"angle":0,"axis":"y","origin":[8,8.94936,8]},"faces":{"north":{"uv":[5.75,12.5,5.875,12.625],"texture":"#14"},"east":{"uv":[12,6.25,12.375,6.375],"texture":"#14"},"south":{"uv":[12.5,5.75,12.625,5.875],"texture":"#14"},"west":{"uv":[11,12,11.375,12.125],"texture":"#14"},"up":{"uv":[12.125,11.375,12,11],"texture":"#14"},"down":{"uv":[11.625,12,11.5,12.375],"texture":"#14"}}},{"from":[5.5,16.5,5.25],"to":[6,17.5,10.75],"rotation":{"angle":0,"axis":"y","origin":[8,8.94936,8]},"faces":{"north":{"uv":[12.25,10.25,12.375,10.5],"texture":"#14"},"east":{"uv":[9.75,5.75,11.125,6],"texture":"#14"},"south":{"uv":[12.25,10.5,12.375,10.75],"texture":"#14"},"west":{"uv":[10,0.75,11.375,1],"texture":"#14"},"up":{"uv":[6.125,12.875,6,11.5],"texture":"#14"},"down":{"uv":[11.625,8.5,11.5,9.875],"texture":"#14"}}},{"from":[5.5,17.5,10.25],"to":[6,19,10.75],"rotation":{"angle":0,"axis":"y","origin":[8,8.94936,8]},"faces":{"north":{"uv":[12,11.5,12.125,11.875],"texture":"#14"},"east":{"uv":[11.75,12,11.875,12.375],"texture":"#14"},"south":{"uv":[12,12,12.125,12.375],"texture":"#14"},"west":{"uv":[0,12.25,0.125,12.625],"texture":"#14"},"up":{"uv":[12.625,6.125,12.5,6],"texture":"#14"},"down":{"uv":[6.375,12.5,6.25,12.625],"texture":"#14"}}},{"from":[5.5,17.5,5.25],"to":[6,19,5.75],"rotation":{"angle":0,"axis":"y","origin":[8,8.94936,8]},"faces":{"north":{"uv":[12.25,0,12.375,0.375],"texture":"#14"},"east":{"uv":[0.25,12.25,0.375,12.625],"texture":"#14"},"south":{"uv":[0.5,12.25,0.625,12.625],"texture":"#14"},"west":{"uv":[12.25,0.5,12.375,0.875],"texture":"#14"},"up":{"uv":[12.625,6.375,12.5,6.25],"texture":"#14"},"down":{"uv":[6.625,12.5,6.5,12.625],"texture":"#14"}}},{"from":[6,16.5,5.25],"to":[10,20.5,10.75],"rotation":{"angle":0,"axis":"y","origin":[8,8.94936,8]},"faces":{"north":{"uv":[6.5,5,7.5,6],"texture":"#11"},"east":{"uv":[6.5,0,7.875,1],"texture":"#11"},"south":{"uv":[6.5,6,7.5,7],"texture":"#11"},"west":{"uv":[6.5,1,7.875,2],"texture":"#11"},"up":{"uv":[7.5,3.375,6.5,2],"texture":"#11"},"down":{"uv":[7.5,2,6.5,3.375],"texture":"#11"}}},{"from":[10,17.5,10.25],"to":[10.5,19,10.75],"rotation":{"angle":0,"axis":"y","origin":[8,8.94936,8]},"faces":{"north":{"uv":[0.75,12.25,0.875,12.625],"texture":"#14"},"east":{"uv":[1,12.25,1.125,12.625],"texture":"#14"},"south":{"uv":[12.25,1,12.375,1.375],"texture":"#14"},"west":{"uv":[1.25,12.25,1.375,12.625],"texture":"#14"},"up":{"uv":[12.625,6.625,12.5,6.5],"texture":"#14"},"down":{"uv":[6.875,12.5,6.75,12.625],"texture":"#14"}}},{"from":[10,16.5,5.25],"to":[10.5,17.5,10.75],"rotation":{"angle":0,"axis":"y","origin":[8,8.94936,8]},"faces":{"north":{"uv":[12.25,10.75,12.375,11],"texture":"#14"},"east":{"uv":[10,1,11.375,1.25],"texture":"#14"},"south":{"uv":[11,12.25,11.125,12.5],"texture":"#14"},"west":{"uv":[1.75,10,3.125,10.25],"texture":"#14"},"up":{"uv":[8.875,12.875,8.75,11.5],"texture":"#14"},"down":{"uv":[8.875,11.5,8.75,12.875],"texture":"#14"}}},{"from":[10,18,7.75],"to":[10.5,19.5,8.25],"rotation":{"angle":0,"axis":"y","origin":[8,8.94936,8]},"faces":{"north":{"uv":[1.5,12.25,1.625,12.625],"texture":"#14"},"east":{"uv":[12.25,1.5,12.375,1.875],"texture":"#14"},"south":{"uv":[1.75,12.25,1.875,12.625],"texture":"#14"},"west":{"uv":[2,12.25,2.125,12.625],"texture":"#14"},"up":{"uv":[12.625,6.875,12.5,6.75],"texture":"#14"},"down":{"uv":[7.125,12.5,7,12.625],"texture":"#14"}}},{"from":[10,17.5,5.25],"to":[10.5,19,5.75],"rotation":{"angle":0,"axis":"y","origin":[8,8.94936,8]},"faces":{"north":{"uv":[12.25,2,12.375,2.375],"texture":"#14"},"east":{"uv":[2.25,12.25,2.375,12.625],"texture":"#14"},"south":{"uv":[2.5,12.25,2.625,12.625],"texture":"#14"},"west":{"uv":[2.75,12.25,2.875,12.625],"texture":"#14"},"up":{"uv":[12.625,7.125,12.5,7],"texture":"#14"},"down":{"uv":[7.375,12.5,7.25,12.625],"texture":"#14"}}},{"from":[10,17.5,7.25],"to":[10.5,18,8.75],"rotation":{"angle":0,"axis":"y","origin":[8,8.94936,8]},"faces":{"north":{"uv":[12.5,7.25,12.625,7.375],"texture":"#14"},"east":{"uv":[12.25,2.5,12.625,2.625],"texture":"#14"},"south":{"uv":[7.5,12.5,7.625,12.625],"texture":"#14"},"west":{"uv":[3,12.25,3.375,12.375],"texture":"#14"},"up":{"uv":[3.625,12.625,3.5,12.25],"texture":"#14"},"down":{"uv":[3.875,12.25,3.75,12.625],"texture":"#14"}}},{"from":[6.65,16.5,6.5],"to":[9.35,18.5,9.5],"rotation":{"angle":0,"axis":"y","origin":[8,8.94936,8]},"color":5,"faces":{"north":{"uv":[10,1.75,10.6875,2.25],"texture":"#missing"},"east":{"uv":[7.25,9.75,8,10.25],"texture":"#missing"},"south":{"uv":[10,2.25,10.6875,2.75],"texture":"#missing"},"west":{"uv":[9.75,7.25,10.5,7.75],"texture":"#missing"},"up":{"uv":[7.4375,8.75,6.75,8],"texture":"#missing"},"down":{"uv":[7.4375,8,6.75,8.75],"texture":"#missing"}}},{"from":[7.6,18.99901,9.19961],"to":[8.4,19.99901,10.69961],"rotation":{"angle":0,"axis":"y","origin":[8,8.94936,8]},"color":1,"faces":{"north":{"uv":[7.75,10.25,7.9375,10.5],"texture":"#missing"},"east":{"uv":[10,6.5,10.375,6.75],"texture":"#missing"},"south":{"uv":[5.5,11.25,5.6875,11.5],"texture":"#missing"},"west":{"uv":[10.5,7.5,10.875,7.75],"texture":"#missing"},"up":{"uv":[5.6875,12.375,5.5,12],"texture":"#missing"},"down":{"uv":[5.9375,12,5.75,12.375],"texture":"#missing"}}},{"from":[7.13933,17.95022,9.84547],"to":[8.83933,20.33022,12.56547],"rotation":{"angle":0,"axis":"y","origin":[7.98933,12.38556,9.6]},"faces":{"north":{"uv":[6,8,6.625,8.875],"texture":"#14"},"east":{"uv":[7.5,3,8.5,3.875],"texture":"#14"},"south":{"uv":[8,6,8.625,6.875],"texture":"#14"},"west":{"uv":[7.5,4,8.5,4.875],"texture":"#14"},"up":{"uv":[9.8125,1,9.25,0],"texture":"#14"},"down":{"uv":[1.375,8,0.75,9],"texture":"#14"}}},{"from":[7.20733,18.50059,11.61447],"to":[8.77133,20.54059,13.65447],"rotation":{"angle":0,"axis":"y","origin":[7.98933,12.38556,9.6]},"faces":{"north":{"uv":[9.5625,9.125,9,8.5],"texture":"#11"},"east":{"uv":[8.75,1,8,1.75],"texture":"#11"},"south":{"uv":[9.5625,7,9,7.75],"texture":"#11"},"west":{"uv":[8.75,1,8,1.75],"texture":"#11"},"up":{"uv":[9,9.25,9.5625,8.5],"texture":"#11"},"down":{"uv":[9.8125,0.75,9.25,0],"texture":"#11"}}},{"from":[7.27533,19.54548,12.19906],"to":[8.70333,21.58548,13.89906],"rotation":{"angle":0,"axis":"y","origin":[7.98933,12.38556,9.6]},"faces":{"north":{"uv":[0,9.5,0.53125,10.25],"texture":"#11"},"east":{"uv":[4.25,8.75,4.875,9.5],"texture":"#11"},"south":{"uv":[3.5,9.5,3.96875,10.25],"texture":"#11"},"west":{"uv":[4.875,8.75,4.25,9.5],"texture":"#11"},"up":{"uv":[4.78125,10.625,4.25,10],"texture":"#11"},"down":{"uv":[5.5,10,5,10.625],"texture":"#11"}}},{"from":[7.6,18.99901,5.30039],"to":[8.4,19.99901,6.80039],"rotation":{"angle":0,"axis":"y","origin":[8,8.94936,8]},"color":2,"faces":{"north":{"uv":[4,12.25,4.1875,12.5],"texture":"#missing"},"east":{"uv":[11,9.5,11.375,9.75],"texture":"#missing"},"south":{"uv":[12.25,4,12.4375,4.25],"texture":"#missing"},"west":{"uv":[11.5,6.25,11.875,6.5],"texture":"#missing"},"up":{"uv":[12.1875,6.125,12,5.75],"texture":"#missing"},"down":{"uv":[12.1875,7,12,7.375],"texture":"#missing"}}},{"from":[8,4.8,-5.95],"to":[8,30.1,9.55],"rotation":{"angle":0,"axis":"y","origin":[8,10.95949,11]},"faces":{"north":{"uv":[0,0,0,0],"texture":"#13"},"east":{"uv":[2.98378,0,11.94298,16],"texture":"#13"},"south":{"uv":[0,0,0,0],"texture":"#13"},"west":{"uv":[11.94299,0,2.98378,16],"texture":"#13"},"up":{"uv":[0,0,0,0],"texture":"#13"},"down":{"uv":[0,0,0,0],"texture":"#13"}}},{"from":[8,4.8,6.45],"to":[8,30.1,21.95],"rotation":{"angle":0,"axis":"y","origin":[8,10.95949,5]},"faces":{"north":{"uv":[0,0,0,0],"texture":"#13"},"east":{"uv":[11.94298,0,2.98378,16],"texture":"#13"},"south":{"uv":[0,0,0,0],"texture":"#13"},"west":{"uv":[2.98378,0,11.94299,16],"texture":"#13"},"up":{"uv":[0,0,0,0],"texture":"#13"},"down":{"uv":[0,0,0,0],"texture":"#13"}}},{"from":[7.47933,21.86574,13.69982],"to":[8.49933,22.88574,16.07982],"rotation":{"angle":0,"axis":"y","origin":[7.98933,12.11356,9.6]},"faces":{"north":{"uv":[11.25,11.5,11.625,11.875],"texture":"#11"},"east":{"uv":[9.5,10,10.375,10.375],"texture":"#11"},"south":{"uv":[0,11.75,0.375,12.125],"texture":"#11"},"west":{"uv":[1.75,10.25,2.625,10.625],"texture":"#11"},"up":{"uv":[0.375,11.125,0,10.25],"texture":"#11"},"down":{"uv":[0.375,10.25,0,11.125],"texture":"#11"}}},{"from":[7.47933,17.26574,12.89982],"to":[8.49933,18.28574,15.27982],"rotation":{"angle":0,"axis":"y","origin":[7.98933,12.11356,9.6]},"faces":{"north":{"uv":[11.25,11.5,11.625,11.875],"texture":"#11"},"east":{"uv":[9.5,10,10.375,10.375],"texture":"#11"},"south":{"uv":[0,11.75,0.375,12.125],"texture":"#11"},"west":{"uv":[1.75,10.25,2.625,10.625],"texture":"#11"},"up":{"uv":[0.375,11.125,0,10.25],"texture":"#11"},"down":{"uv":[0.375,10.25,0,11.125],"texture":"#11"}}},{"from":[7.34333,20.62455,12.47482],"to":[8.63533,22.66455,13.83482],"rotation":{"angle":45,"axis":"x","origin":[7.98933,21.30455,13.49482]},"faces":{"north":{"uv":[1.71875,10,1.25,10.75],"texture":"#11"},"east":{"uv":[9,9.75,8.5,10.5],"texture":"#11"},"south":{"uv":[1.21875,10,0.75,10.75],"texture":"#11"},"west":{"uv":[8.5,9.75,9,10.5],"texture":"#11"},"up":{"uv":[11.71875,1.25,11.25,1.75],"texture":"#11"},"down":{"uv":[1.96875,11.75,1.5,11.25],"texture":"#11"}}},{"from":[7.34333,17.96455,14.11482],"to":[8.63533,19.32455,16.15482],"rotation":{"angle":45,"axis":"x","origin":[7.98933,21.30455,13.49482]},"faces":{"north":{"uv":[1.96875,11.75,1.5,11.25],"rotation":180,"texture":"#11"},"east":{"uv":[9,9.75,8.5,10.5],"rotation":270,"texture":"#11"},"south":{"uv":[11.71875,1.25,11.25,1.75],"texture":"#11"},"west":{"uv":[8.5,9.75,9,10.5],"rotation":90,"texture":"#11"},"up":{"uv":[1.71875,10,1.25,10.75],"rotation":180,"texture":"#11"},"down":{"uv":[1.21875,10,0.75,10.75],"texture":"#11"}}},{"from":[7.34333,17.96455,-0.15482],"to":[8.63533,19.32455,1.88518],"rotation":{"angle":-45,"axis":"x","origin":[7.98933,21.30455,2.50518]},"faces":{"north":{"uv":[11.25,1.25,11.71875,1.75],"texture":"#11"},"east":{"uv":[9,10.5,8.5,9.75],"rotation":270,"texture":"#11"},"south":{"uv":[1.5,11.75,1.96875,11.25],"rotation":180,"texture":"#11"},"west":{"uv":[8.5,10.5,9,9.75],"rotation":90,"texture":"#11"},"up":{"uv":[1.71875,10.75,1.25,10],"rotation":180,"texture":"#11"},"down":{"uv":[1.21875,10.75,0.75,10],"texture":"#11"}}},{"from":[7.47933,17.26574,0.72018],"to":[8.49933,18.28574,3.10018],"rotation":{"angle":0,"axis":"y","origin":[7.98933,12.11356,6.4]},"faces":{"north":{"uv":[0.375,11.75,0,12.125],"texture":"#11"},"east":{"uv":[10.375,10,9.5,10.375],"texture":"#11"},"south":{"uv":[11.625,11.5,11.25,11.875],"texture":"#11"},"west":{"uv":[2.625,10.25,1.75,10.625],"texture":"#11"},"up":{"uv":[0.375,10.25,0,11.125],"texture":"#11"},"down":{"uv":[0.375,11.125,0,10.25],"texture":"#11"}}},{"from":[7.57933,18.12122,8.8421],"to":[8.43827,18.93579,10.06396],"rotation":{"angle":-45,"axis":"x","origin":[7.92205,7.6159,6.4]},"faces":{"north":{"uv":[12,3.25,12.3125,3],"texture":"#11"},"east":{"uv":[12,4.125,11.75,3.75],"rotation":90,"texture":"#11"},"south":{"uv":[12,2.75,12.3125,3],"rotation":180,"texture":"#11"},"west":{"uv":[4.25,12.125,4,11.75],"rotation":270,"texture":"#11"},"up":{"uv":[1.8125,12.125,1.5,11.75],"texture":"#11"},"down":{"uv":[12.0625,2.125,11.75,1.75],"rotation":180,"texture":"#11"}}},{"from":[7.67933,16.28347,0.22],"to":[8.34201,17.39425,0.86052],"rotation":{"angle":0,"axis":"y","origin":[7.95533,7.48612,6.4]},"faces":{"north":{"uv":[11.75,8.375,11.875,8],"rotation":180,"texture":"#11"},"east":{"uv":[11.75,9.5,12,9.875],"rotation":180,"texture":"#11"},"south":{"uv":[7.75,12,7.9375,12.375],"rotation":180,"texture":"#11"},"west":{"uv":[11.75,9.5,12,9.875],"rotation":180,"texture":"#11"},"up":{"uv":[12.4375,4.75,12.25,5],"texture":"#11"},"down":{"uv":[4.9375,12.5,4.75,12.25],"texture":"#11"}}},{"from":[7.13933,17.95022,3.43453],"to":[8.83933,20.33022,6.15453],"rotation":{"angle":0,"axis":"y","origin":[7.98933,12.38556,6.4]},"faces":{"north":{"uv":[8.625,6,8,6.875],"texture":"#14"},"east":{"uv":[8.5,3,7.5,3.875],"texture":"#14"},"south":{"uv":[6.625,8,6,8.875],"texture":"#14"},"west":{"uv":[8.5,4,7.5,4.875],"texture":"#14"},"up":{"uv":[9.8125,0,9.25,1],"texture":"#14"},"down":{"uv":[1.375,9,0.75,8],"texture":"#14"}}},{"from":[7.27533,19.54548,2.10094],"to":[8.70333,21.58548,3.80094],"rotation":{"angle":0,"axis":"y","origin":[7.98933,12.38556,6.4]},"faces":{"north":{"uv":[3.96875,9.5,3.5,10.25],"texture":"#11"},"east":{"uv":[4.875,8.75,4.25,9.5],"texture":"#11"},"south":{"uv":[0.53125,9.5,0,10.25],"texture":"#11"},"west":{"uv":[4.25,8.75,4.875,9.5],"texture":"#11"},"up":{"uv":[4.78125,10,4.25,10.625],"texture":"#11"},"down":{"uv":[5.5,10.625,5,10],"texture":"#11"}}},{"from":[7.20733,18.50059,2.34553],"to":[8.77133,20.54059,4.38553],"rotation":{"angle":0,"axis":"y","origin":[7.98933,12.38556,6.4]},"faces":{"north":{"uv":[9,7,9.5625,7.75],"texture":"#11"},"east":{"uv":[8,1,8.75,1.75],"texture":"#11"},"south":{"uv":[9,9.125,9.5625,8.5],"texture":"#11"},"west":{"uv":[8,1,8.75,1.75],"texture":"#11"},"up":{"uv":[9,8.5,9.5625,9.25],"texture":"#11"},"down":{"uv":[9.8125,0,9.25,0.75],"texture":"#11"}}},{"from":[7.34333,20.62455,2.16518],"to":[8.63533,22.66455,3.52518],"rotation":{"angle":-45,"axis":"x","origin":[7.98933,21.30455,2.50518]},"faces":{"north":{"uv":[0.75,10,1.21875,10.75],"texture":"#11"},"east":{"uv":[8.5,9.75,9,10.5],"texture":"#11"},"south":{"uv":[1.25,10,1.71875,10.75],"texture":"#11"},"west":{"uv":[9,9.75,8.5,10.5],"texture":"#11"},"up":{"uv":[11.71875,1.75,11.25,1.25],"texture":"#11"},"down":{"uv":[1.96875,11.25,1.5,11.75],"texture":"#11"}}},{"from":[7.47933,21.86574,-0.07982],"to":[8.49933,22.88574,2.30018],"rotation":{"angle":0,"axis":"y","origin":[7.98933,12.11356,6.4]},"faces":{"north":{"uv":[0.375,11.75,0,12.125],"texture":"#11"},"east":{"uv":[10.375,10,9.5,10.375],"texture":"#11"},"south":{"uv":[11.625,11.5,11.25,11.875],"texture":"#11"},"west":{"uv":[2.625,10.25,1.75,10.625],"texture":"#11"},"up":{"uv":[0.375,10.25,0,11.125],"texture":"#11"},"down":{"uv":[0.375,11.125,0,10.25],"texture":"#11"}}},{"from":[7.67933,23.078,-0.66052],"to":[8.34201,24.18878,-0.02],"rotation":{"angle":0,"axis":"y","origin":[7.95533,7.48612,6.4]},"faces":{"north":{"uv":[7.75,12,7.9375,12.375],"texture":"#11"},"east":{"uv":[11.75,9.5,12,9.875],"texture":"#11"},"south":{"uv":[11.75,8.375,11.875,8],"texture":"#11"},"west":{"uv":[11.75,9.5,12,9.875],"texture":"#11"},"up":{"uv":[4.9375,12.5,4.75,12.25],"texture":"#11"},"down":{"uv":[12.4375,4.75,12.25,5],"texture":"#11"}}},{"from":[7.57933,13.42122,-9.5579],"to":[8.43827,14.23579,-8.33604],"rotation":{"angle":45,"axis":"x","origin":[7.92205,7.6159,6.4]},"faces":{"north":{"uv":[12,3.25,12.3125,3],"texture":"#11"},"east":{"uv":[12,4.125,11.75,3.75],"rotation":90,"texture":"#11"},"south":{"uv":[12,2.75,12.3125,3],"rotation":180,"texture":"#11"},"west":{"uv":[4.25,12.125,4,11.75],"rotation":270,"texture":"#11"},"up":{"uv":[1.8125,12.125,1.5,11.75],"texture":"#11"},"down":{"uv":[12.0625,2.125,11.75,1.75],"rotation":180,"texture":"#11"}}},{"from":[7.21126,-6.24274,7.2305],"to":[8.75026,-4.70374,8.7695],"rotation":{"angle":0,"axis":"y","origin":[7.98076,3.33704,8]},"faces":{"north":{"uv":[1.5,1.75,2,2.25],"texture":"#11"},"east":{"uv":[1.5,1.75,2,2.25],"texture":"#11"},"south":{"uv":[1.5,1.75,2,2.25],"texture":"#11"},"west":{"uv":[1.5,1.75,2,2.25],"texture":"#11"},"up":{"uv":[0,3.5,0.5,4],"rotation":90,"texture":"#11"},"down":{"uv":[0,3.5,0.5,4],"rotation":270,"texture":"#11"}}},{"from":[7.2305,-3.54274,7.2305],"to":[8.7695,-2.00374,8.7695],"rotation":{"angle":0,"axis":"y","origin":[8,3.33704,8]},"faces":{"north":{"uv":[1.5,1.75,2,2.25],"texture":"#11"},"east":{"uv":[1.5,1.75,2,2.25],"texture":"#11"},"south":{"uv":[1.5,1.75,2,2.25],"texture":"#11"},"west":{"uv":[1.5,1.75,2,2.25],"texture":"#11"},"up":{"uv":[0,3.5,0.5,4],"rotation":90,"texture":"#11"},"down":{"uv":[0,3.5,0.5,4],"rotation":270,"texture":"#11"}}},{"from":[6,16.5,5.25],"to":[6,20.5,10.75],"rotation":{"angle":0,"axis":"y","origin":[8,8.94936,8]},"faces":{"east":{"uv":[0,0,11,8],"texture":"#15"},"west":{"uv":[0,0,11,8],"texture":"#15"}}},{"name":"eye","from":[10,16.5,5.25],"to":[10,20.5,10.75],"rotation":{"angle":0,"axis":"y","origin":[8,8.94936,8]},"faces":{"east":{"uv":[0,0,11,8],"texture":"#15"},"west":{"uv":[0,0,11,8],"texture":"#15"}}},{"from":[8,24.2,8],"to":[8,28.8,12.7],"rotation":{"angle":0,"axis":"y","origin":[8,-2.5,6]},"faces":{"north":{"uv":[0,0,0,4.4],"texture":"#6"},"east":{"uv":[5.625,11.0125,0,16],"texture":"#6"},"south":{"uv":[0,0,0,4.4],"texture":"#6"},"west":{"uv":[0,11.0125,5.625,16],"texture":"#6"},"up":{"uv":[0,0,0,4],"texture":"#6"},"down":{"uv":[0,0,0,4],"texture":"#6"}}},{"from":[8,24.2,3.3],"to":[8,28.8,8],"rotation":{"angle":0,"axis":"y","origin":[8,-2.5,10]},"faces":{"north":{"uv":[0,0,0,4.4],"texture":"#6"},"east":{"uv":[0,11.0125,5.625,16],"texture":"#6"},"south":{"uv":[0,0,0,4.4],"texture":"#6"},"west":{"uv":[5.625,11.0125,0,16],"texture":"#6"},"up":{"uv":[0,4,0,0],"texture":"#6"},"down":{"uv":[0,4,0,0],"texture":"#6"}}},{"from":[8,-8.108,2.832],"to":[8,-4.06,7.968],"rotation":{"angle":0,"axis":"y","origin":[8,-3.6,13.088]},"faces":{"north":{"uv":[0,0,0,4.4],"texture":"#6"},"east":{"uv":[0,11.0125,5.625,16],"texture":"#6"},"south":{"uv":[0,0,0,4.4],"texture":"#6"},"west":{"uv":[5.625,11.0125,0,16],"texture":"#6"},"up":{"uv":[0,4,0,0],"texture":"#6"},"down":{"uv":[0,4,0,0],"texture":"#6"}}},{"from":[8,-8.108,8.032],"to":[8,-4.06,13.168],"rotation":{"angle":0,"axis":"y","origin":[8,-3.6,-1.088]},"faces":{"north":{"uv":[0,0,0,4.4],"texture":"#6"},"east":{"uv":[5.625,11.0125,0,16],"texture":"#6"},"south":{"uv":[0,0,0,4.4],"texture":"#6"},"west":{"uv":[0,11.0125,5.625,16],"texture":"#6"},"up":{"uv":[0,0,0,4],"texture":"#6"},"down":{"uv":[0,0,0,4],"texture":"#6"}}},{"from":[7.7,14.75085,9.3554],"to":[8.3,15.75085,9.8554],"rotation":{"angle":-45,"axis":"x","origin":[8,8.94936,8]},"faces":{"north":{"uv":[6.40625,12.25,6.25,12.5],"texture":"#14"},"east":{"uv":[12.375,9.25,12.25,9.5],"texture":"#14"},"south":{"uv":[12.40625,6,12.25,6.25],"texture":"#14"},"west":{"uv":[12.375,9.5,12.25,9.75],"texture":"#14"},"up":{"uv":[3.40625,12.5,3.25,12.625],"texture":"#14"},"down":{"uv":[12.65625,3.375,12.5,3.25],"texture":"#14"}}},{"from":[7.6,14.7,3.6],"to":[8.4,16.2,4.6],"rotation":{"angle":0,"axis":"y","origin":[8,8.94936,8]},"faces":{"north":{"uv":[12,3.75,12.1875,4.125],"texture":"#14"},"east":{"uv":[3.5,11.75,3.75,12.125],"texture":"#14"},"south":{"uv":[12,4.25,12.1875,4.625],"texture":"#14"},"west":{"uv":[3.5,11.75,3.75,12.125],"texture":"#14"},"up":{"uv":[9.6875,5.5,9.5,5.25],"texture":"#14"},"down":{"uv":[6.6875,9.5,6.5,9.75],"texture":"#14"}}},{"from":[7.5,16.05085,9.9554],"to":[8.5,17.55085,11.9554],"rotation":{"angle":-45,"axis":"x","origin":[8,8.94936,8]},"faces":{"north":{"uv":[3.25,11.75,3.5,12.125],"texture":"#14"},"east":{"uv":[11.25,6.5,11.75,6.875],"texture":"#14"},"south":{"uv":[11.75,3.25,12,3.625],"texture":"#14"},"west":{"uv":[6.75,11.25,7.25,11.625],"texture":"#14"},"up":{"uv":[6.75,9.5,6.5,9],"texture":"#14"},"down":{"uv":[7.5,9.25,7.25,9.75],"texture":"#14"}}},{"from":[7,16,4.7],"to":[9,18,8.2],"rotation":{"angle":0,"axis":"y","origin":[8,7.94936,8]},"faces":{"north":{"uv":[0,11.25,0.5,11.75],"texture":"#14"},"east":{"uv":[0,9,0.875,9.5],"texture":"#14"},"south":{"uv":[11.25,0,11.75,0.5],"texture":"#14"},"west":{"uv":[5,9,5.875,9.5],"texture":"#14"},"up":{"uv":[1.5,9.875,1,9],"texture":"#14"},"down":{"uv":[6.5,9,6,9.875],"texture":"#14"}}},{"from":[7.59601,-3.15894,6.461],"to":[8.36551,-2.00469,8],"rotation":{"angle":0,"axis":"y","origin":[7.98076,-4.44424,10.1584]},"faces":{"north":{"uv":[12,3.25,11.75,3.625],"texture":"#11"},"east":{"uv":[11.75,6.5,11.25,6.875],"texture":"#11"},"south":{"uv":[3.5,11.75,3.25,12.125],"texture":"#11"},"west":{"uv":[7.25,11.25,6.75,11.625],"texture":"#11"},"up":{"uv":[6.75,9,6.5,9.5],"texture":"#11"},"down":{"uv":[7.5,9.75,7.25,9.25],"texture":"#11"}}},{"from":[7.6922,-3.84392,11.02471],"to":[8.26933,-2.88204,11.50565],"rotation":{"angle":22.5,"axis":"x","origin":[7.98076,-0.18736,14.73313]},"faces":{"north":{"uv":[12.40625,6,12.25,6.25],"rotation":180,"texture":"#11"},"east":{"uv":[12.375,9.25,12.25,9.5],"rotation":180,"texture":"#11"},"south":{"uv":[6.40625,12.25,6.25,12.5],"rotation":180,"texture":"#11"},"west":{"uv":[12.375,9.5,12.25,9.75],"rotation":180,"texture":"#11"},"up":{"uv":[12.65625,3.375,12.5,3.25],"texture":"#11"},"down":{"uv":[3.40625,12.5,3.25,12.625],"texture":"#11"}}},{"from":[7.59601,-3.15894,8],"to":[8.36551,-2.00469,9.539],"rotation":{"angle":0,"axis":"y","origin":[7.98076,-4.44424,5.8416]},"faces":{"north":{"uv":[3.25,11.75,3.5,12.125],"texture":"#11"},"east":{"uv":[11.25,6.5,11.75,6.875],"texture":"#11"},"south":{"uv":[11.75,3.25,12,3.625],"texture":"#11"},"west":{"uv":[6.75,11.25,7.25,11.625],"texture":"#11"},"up":{"uv":[6.75,9.5,6.5,9],"texture":"#11"},"down":{"uv":[7.5,9.25,7.25,9.75],"texture":"#11"}}},{"from":[7.8844,6.62094,8.27348],"to":[8.3461,7.39044,8.65823],"rotation":{"angle":-22.5,"axis":"x","origin":[8.11525,2.1567,7.2305]},"faces":{"north":{"uv":[6.40625,12.25,6.25,12.5],"texture":"#11"},"east":{"uv":[12.375,9.25,12.25,9.5],"texture":"#11"},"south":{"uv":[12.40625,6,12.25,6.25],"texture":"#11"},"west":{"uv":[12.375,9.5,12.25,9.75],"texture":"#11"},"up":{"uv":[3.40625,12.5,3.25,12.625],"texture":"#11"},"down":{"uv":[12.65625,3.375,12.5,3.25],"texture":"#11"}}},{"from":[7.80745,6.58181,3.8447],"to":[8.42305,7.73606,4.6142],"rotation":{"angle":22.5,"axis":"x","origin":[8.11525,2.1567,7.2305]},"faces":{"north":{"uv":[12,3.75,12.1875,4.125],"texture":"#11"},"east":{"uv":[3.5,11.75,3.75,12.125],"texture":"#11"},"south":{"uv":[12,4.25,12.1875,4.625],"texture":"#11"},"west":{"uv":[3.5,11.75,3.75,12.125],"texture":"#11"},"up":{"uv":[9.6875,5.5,9.5,5.25],"texture":"#11"},"down":{"uv":[6.6875,9.5,6.5,9.75],"texture":"#11"}}},{"from":[7.7305,7.62129,8.73518],"to":[8.5,8.77554,10.27418],"rotation":{"angle":-22.5,"axis":"x","origin":[8.11525,2.1567,7.2305]},"faces":{"north":{"uv":[3.25,11.75,3.5,12.125],"texture":"#11"},"east":{"uv":[11.25,6.5,11.75,6.875],"texture":"#11"},"south":{"uv":[11.75,3.25,12,3.625],"texture":"#11"},"west":{"uv":[6.75,11.25,7.25,11.625],"texture":"#11"},"up":{"uv":[6.75,9.5,6.5,9],"texture":"#11"},"down":{"uv":[7.5,9.25,7.25,9.75],"texture":"#11"}}},{"from":[7.7305,7.62129,5.72582],"to":[8.5,8.77554,7.26482],"rotation":{"angle":22.5,"axis":"x","origin":[8.11525,2.1567,8.7695]},"faces":{"north":{"uv":[12,3.25,11.75,3.625],"texture":"#11"},"east":{"uv":[11.75,6.5,11.25,6.875],"texture":"#11"},"south":{"uv":[3.5,11.75,3.25,12.125],"texture":"#11"},"west":{"uv":[7.25,11.25,6.75,11.625],"texture":"#11"},"up":{"uv":[6.75,9,6.5,9.5],"texture":"#11"},"down":{"uv":[7.5,9.75,7.25,9.25],"texture":"#11"}}},{"from":[7.8844,6.62094,7.34177],"to":[8.3461,7.39044,7.72652],"rotation":{"angle":22.5,"axis":"x","origin":[8.11525,2.1567,8.7695]},"faces":{"north":{"uv":[12.25,6,12.40625,6.25],"texture":"#11"},"east":{"uv":[12.25,9.25,12.375,9.5],"texture":"#11"},"south":{"uv":[6.25,12.25,6.40625,12.5],"texture":"#11"},"west":{"uv":[12.25,9.5,12.375,9.75],"texture":"#11"},"up":{"uv":[3.40625,12.625,3.25,12.5],"texture":"#11"},"down":{"uv":[12.65625,3.25,12.5,3.375],"texture":"#11"}}},{"from":[7.80745,6.58181,11.3858],"to":[8.42305,7.73606,12.1553],"rotation":{"angle":-22.5,"axis":"x","origin":[8.11525,2.1567,8.7695]},"faces":{"north":{"uv":[12.1875,4.25,12,4.625],"texture":"#11"},"east":{"uv":[3.75,11.75,3.5,12.125],"texture":"#11"},"south":{"uv":[12.1875,3.75,12,4.125],"texture":"#11"},"west":{"uv":[3.75,11.75,3.5,12.125],"texture":"#11"},"up":{"uv":[9.6875,5.25,9.5,5.5],"texture":"#11"},"down":{"uv":[6.6875,9.75,6.5,9.5],"texture":"#11"}}},{"from":[7.67296,-2.94782,8.67282],"to":[8.28856,-2.17832,9.82707],"rotation":{"angle":-22.5,"axis":"x","origin":[7.98076,-1.0433,8.7695]},"faces":{"north":{"uv":[9.6875,5.25,9.5,5.5],"rotation":180,"texture":"#11"},"east":{"uv":[3.75,11.75,3.5,12.125],"rotation":90,"texture":"#11"},"south":{"uv":[6.6875,9.75,6.5,9.5],"texture":"#11"},"west":{"uv":[3.75,11.75,3.5,12.125],"rotation":270,"texture":"#11"},"up":{"uv":[12.1875,3.75,12,4.125],"texture":"#11"},"down":{"uv":[12.1875,4.25,12,4.625],"rotation":180,"texture":"#11"}}},{"from":[7.67296,-2.94782,6.17293],"to":[8.28856,-2.17832,7.32718],"rotation":{"angle":22.5,"axis":"x","origin":[7.98076,-1.0433,7.2305]},"faces":{"north":{"uv":[6.5,9.75,6.6875,9.5],"texture":"#11"},"east":{"uv":[3.75,12.125,3.5,11.75],"rotation":90,"texture":"#11"},"south":{"uv":[9.5,5.25,9.6875,5.5],"rotation":180,"texture":"#11"},"west":{"uv":[3.75,12.125,3.5,11.75],"rotation":270,"texture":"#11"},"up":{"uv":[12.1875,4.125,12,3.75],"texture":"#11"},"down":{"uv":[12.1875,4.625,12,4.25],"rotation":180,"texture":"#11"}}},{"from":[7.6922,-3.84392,4.49435],"to":[8.26933,-2.88204,4.97529],"rotation":{"angle":-22.5,"axis":"x","origin":[7.98076,-0.18736,1.26687]},"faces":{"north":{"uv":[6.25,12.25,6.40625,12.5],"rotation":180,"texture":"#11"},"east":{"uv":[12.25,9.25,12.375,9.5],"rotation":180,"texture":"#11"},"south":{"uv":[12.25,6,12.40625,6.25],"rotation":180,"texture":"#11"},"west":{"uv":[12.25,9.5,12.375,9.75],"rotation":180,"texture":"#11"},"up":{"uv":[12.65625,3.25,12.5,3.375],"texture":"#11"},"down":{"uv":[3.40625,12.625,3.25,12.5],"texture":"#11"}}},{"from":[7.5,16.44915,5.0446],"to":[8.5,17.94915,7.0446],"rotation":{"angle":-22.5,"axis":"x","origin":[8,24.05064,9]},"color":7,"faces":{"north":{"uv":[12,3.625,11.75,3.25],"texture":"#missing"},"east":{"uv":[11.75,6.875,11.25,6.5],"texture":"#missing"},"south":{"uv":[3.5,12.125,3.25,11.75],"texture":"#missing"},"west":{"uv":[7.25,11.625,6.75,11.25],"texture":"#missing"},"up":{"uv":[7.5,9.25,7.25,9.75],"texture":"#missing"},"down":{"uv":[6.75,9.5,6.5,9],"texture":"#missing"}}},{"from":[7.6,16.8,11.4],"to":[8.4,18.3,12.4],"rotation":{"angle":22.5,"axis":"x","origin":[8,24.05064,9]},"color":8,"faces":{"north":{"uv":[12.1875,4.625,12,4.25],"texture":"#missing"},"east":{"uv":[3.75,12.125,3.5,11.75],"texture":"#missing"},"south":{"uv":[12.1875,4.125,12,3.75],"texture":"#missing"},"west":{"uv":[3.75,12.125,3.5,11.75],"texture":"#missing"},"up":{"uv":[6.6875,9.5,6.5,9.75],"texture":"#missing"},"down":{"uv":[9.6875,5.5,9.5,5.25],"texture":"#missing"}}},{"from":[7.7,17.24915,7.1446],"to":[8.3,18.24915,7.6446],"rotation":{"angle":-22.5,"axis":"x","origin":[8,24.05064,9]},"color":3,"faces":{"north":{"uv":[12.25,6.25,12.40625,6],"texture":"#missing"},"east":{"uv":[12.25,9.5,12.375,9.25],"texture":"#missing"},"south":{"uv":[6.25,12.5,6.40625,12.25],"texture":"#missing"},"west":{"uv":[12.25,9.75,12.375,9.5],"texture":"#missing"},"up":{"uv":[12.65625,3.375,12.5,3.25],"texture":"#missing"},"down":{"uv":[3.40625,12.5,3.25,12.625],"texture":"#missing"}}},{"from":[7.5,16.44915,8.9554],"to":[8.5,17.94915,10.9554],"rotation":{"angle":22.5,"axis":"x","origin":[8,24.05064,7]},"color":2,"faces":{"north":{"uv":[3.25,12.125,3.5,11.75],"texture":"#missing"},"east":{"uv":[11.25,6.875,11.75,6.5],"texture":"#missing"},"south":{"uv":[11.75,3.625,12,3.25],"texture":"#missing"},"west":{"uv":[6.75,11.625,7.25,11.25],"texture":"#missing"},"up":{"uv":[7.5,9.75,7.25,9.25],"texture":"#missing"},"down":{"uv":[6.75,9,6.5,9.5],"texture":"#missing"}}},{"from":[7.7,17.24915,8.3554],"to":[8.3,18.24915,8.8554],"rotation":{"angle":22.5,"axis":"x","origin":[8,24.05064,7]},"color":5,"faces":{"north":{"uv":[6.40625,12.5,6.25,12.25],"texture":"#missing"},"east":{"uv":[12.375,9.5,12.25,9.25],"texture":"#missing"},"south":{"uv":[12.40625,6.25,12.25,6],"texture":"#missing"},"west":{"uv":[12.375,9.75,12.25,9.5],"texture":"#missing"},"up":{"uv":[12.65625,3.25,12.5,3.375],"texture":"#missing"},"down":{"uv":[3.40625,12.625,3.25,12.5],"texture":"#missing"}}},{"from":[7.6,16.8,3.6],"to":[8.4,18.3,4.6],"rotation":{"angle":-22.5,"axis":"x","origin":[8,24.05064,7]},"color":4,"faces":{"north":{"uv":[12,4.125,12.1875,3.75],"texture":"#missing"},"east":{"uv":[3.5,12.125,3.75,11.75],"texture":"#missing"},"south":{"uv":[12,4.625,12.1875,4.25],"texture":"#missing"},"west":{"uv":[3.5,12.125,3.75,11.75],"texture":"#missing"},"up":{"uv":[6.6875,9.75,6.5,9.5],"texture":"#missing"},"down":{"uv":[9.6875,5.25,9.5,5.5],"texture":"#missing"}}},{"from":[7,16,7.8],"to":[9,18,11.3],"rotation":{"angle":0,"axis":"y","origin":[8,7.94936,8]},"faces":{"north":{"uv":[11.75,0,11.25,0.5],"texture":"#14"},"east":{"uv":[0.875,9,0,9.5],"texture":"#14"},"south":{"uv":[0.5,11.25,0,11.75],"texture":"#14"},"west":{"uv":[5.875,9,5,9.5],"texture":"#14"},"up":{"uv":[1.5,9,1,9.875],"texture":"#14"},"down":{"uv":[6.5,9.875,6,9],"texture":"#14"}}},{"from":[7.5,16.05085,4.0446],"to":[8.5,17.55085,6.0446],"rotation":{"angle":45,"axis":"x","origin":[8,8.94936,8]},"faces":{"north":{"uv":[12,3.25,11.75,3.625],"texture":"#14"},"east":{"uv":[11.75,6.5,11.25,6.875],"texture":"#14"},"south":{"uv":[3.5,11.75,3.25,12.125],"texture":"#14"},"west":{"uv":[7.25,11.25,6.75,11.625],"texture":"#14"},"up":{"uv":[6.75,9,6.5,9.5],"texture":"#14"},"down":{"uv":[7.5,9.75,7.25,9.25],"texture":"#14"}}},{"from":[7.6,14.7,11.4],"to":[8.4,16.2,12.4],"rotation":{"angle":0,"axis":"y","origin":[8,8.94936,8]},"faces":{"north":{"uv":[12.1875,4.25,12,4.625],"texture":"#14"},"east":{"uv":[3.75,11.75,3.5,12.125],"texture":"#14"},"south":{"uv":[12.1875,3.75,12,4.125],"texture":"#14"},"west":{"uv":[3.75,11.75,3.5,12.125],"texture":"#14"},"up":{"uv":[9.6875,5.25,9.5,5.5],"texture":"#14"},"down":{"uv":[6.6875,9.75,6.5,9.5],"texture":"#14"}}},{"from":[7.7,14.85085,6.1446],"to":[8.3,15.85085,6.6446],"rotation":{"angle":45,"axis":"x","origin":[8,8.94936,8]},"faces":{"north":{"uv":[12.25,6,12.40625,6.25],"texture":"#14"},"east":{"uv":[12.25,9.25,12.375,9.5],"texture":"#14"},"south":{"uv":[6.25,12.25,6.40625,12.5],"texture":"#14"},"west":{"uv":[12.25,9.5,12.375,9.75],"texture":"#14"},"up":{"uv":[3.40625,12.625,3.25,12.5],"texture":"#14"},"down":{"uv":[12.65625,3.25,12.5,3.375],"texture":"#14"}}},{"from":[7.9,11.4,-4.9],"to":[7.9,21.4,2.4],"light_emission":6,"rotation":{"angle":0,"axis":"y","origin":[8,0,0]},"faces":{"north":{"uv":[0,0,0,10],"texture":"#16"},"east":{"uv":[8.05,0,0,9.85],"texture":"#16"},"south":{"uv":[0,0,0,10],"texture":"#16"},"west":{"uv":[0,0,8.05,9.85],"texture":"#16"},"up":{"uv":[0,0,0,6.5],"texture":"#16"},"down":{"uv":[0,0,0,6.5],"texture":"#16"}}},{"from":[8.1,11.4,-4.9],"to":[8.1,21.4,2.4],"light_emission":6,"rotation":{"angle":0,"axis":"y","origin":[8,0,0]},"faces":{"north":{"uv":[0,0,0,10],"texture":"#16"},"east":{"uv":[8.05,0,0,9.85],"texture":"#16"},"south":{"uv":[0,0,0,10],"texture":"#16"},"west":{"uv":[0,0,8.05,9.85],"texture":"#16"},"up":{"uv":[0,0,0,6.5],"texture":"#16"},"down":{"uv":[0,0,0,6.5],"texture":"#16"}}},{"from":[8.1,11.4,13.6],"to":[8.1,21.4,20.9],"light_emission":6,"rotation":{"angle":0,"axis":"y","origin":[8,0,16]},"faces":{"north":{"uv":[0,0,0,10],"texture":"#16"},"east":{"uv":[0,0,8.05,9.85],"texture":"#16"},"south":{"uv":[0,0,0,10],"texture":"#16"},"west":{"uv":[8.05,0,0,9.85],"texture":"#16"},"up":{"uv":[0,6.5,0,0],"texture":"#16"},"down":{"uv":[0,6.5,0,0],"texture":"#16"}}},{"from":[7.9,11.4,13.6],"to":[7.9,21.4,20.9],"light_emission":6,"rotation":{"angle":0,"axis":"y","origin":[8,0,16]},"faces":{"north":{"uv":[0,0,0,10],"texture":"#16"},"east":{"uv":[0,0,8.05,9.85],"texture":"#16"},"south":{"uv":[0,0,0,10],"texture":"#16"},"west":{"uv":[8.05,0,0,9.85],"texture":"#16"},"up":{"uv":[0,6.5,0,0],"texture":"#16"},"down":{"uv":[0,6.5,0,0],"texture":"#16"}}}],"gui_light":"front","display":{"thirdperson_righthand":{"translation":[-0.1,4.5,1.75],"scale":[1.34491,1.26483,1.36054]},"thirdperson_lefthand":{"rotation":[157.5,-50.5,-85.27],"translation":[-8,-5.75,10],"scale":[1.57538,0.94062,0.91718]},"firstperson_righthand":{"rotation":[-5.74,-4.36,-2.06],"translation":[11.5,-0.25,-5.75],"scale":[1.00336,1.02484,0.92328]},"firstperson_lefthand":{"rotation":[158.43,-10.3,-1.2],"translation":[30.15,5.25,-0.75],"scale":[0,0,0]},"ground":{"rotation":[-45,0,0],"translation":[0,7.75,0]},"gui":{"rotation":[-90.72,-42.99,-89.29],"translation":[-1.5,-1.75,-0.25],"scale":[0.44532,0.44532,0.44532]},"head":{"rotation":[51.92,-8.1,-156.89],"translation":[22.25,-11,-14.75],"scale":[2.2659,2.2659,2.2659]},"fixed":{"rotation":[-180,-37.25,90],"translation":[14,-1,-45.25],"scale":[2.5043,2.5043,2.5043]}}}