{"credit":"Made with Blockbench","texture_size":[8,8],"textures":{"0":"model_senjata:koin_texture/koko","particle":"model_senjata:koin_texture/koko"},"elements":[{"from":[7,0,7],"to":[9.25,0.5,9.25],"rotation":{"angle":0,"axis":"y","origin":[7,0,7]},"faces":{"north":{"uv":[6,0,10.5,1],"texture":"#0"},"east":{"uv":[6,2,10.5,3],"texture":"#0"},"south":{"uv":[6,4,10.5,5],"texture":"#0"},"west":{"uv":[6,6,10.5,7],"texture":"#0"},"up":{"uv":[4.5,4.5,0,0],"texture":"#0"},"down":{"uv":[4.5,0,0,4.5],"texture":"#0"}}}],"display":{"thirdperson_righthand":{"rotation":[-130.78,85.85,-136.11],"translation":[-0.75,0.25,7.75]},"thirdperson_lefthand":{"rotation":[-92.5,-87.1,170.77],"translation":[-1,-0.25,7.75]},"firstperson_righthand":{"rotation":[64,94,0],"translation":[-1.5,7.75,11]},"firstperson_lefthand":{"rotation":[29,3,0],"translation":[0.5,9.5,6.25]},"ground":{"translation":[0,10.5,0],"scale":[1.95508,1.95508,1.95508]},"gui":{"rotation":[73.05,50.94,-0.51],"translation":[0,8.75,0],"scale":[4,4,3.5957]},"fixed":{"rotation":[-89.75,-89.99,0],"translation":[0,0,-27.75],"scale":[3.55078,3.55078,3.55078]}}}