{"credit":"ButzzMc","texture_size":[64,64],"textures":{"8":"pride_purple:pride_purple_texture/unguungu","9":"pride_purple:pride_purple_texture/animasi_teks","10":"pride_purple:pride_purple_texture/hytamm","11":"pride_purple:pride_purple_texture/teksbilah","12":"pride_purple:pride_purple_texture/bilah","13":"pride_purple:pride_purple_texture/gagang"},"elements":[{"from":[7.1,-11.75,7.85],"to":[8.9,-6.75,9.65],"rotation":{"angle":0,"axis":"y","origin":[7,-11.75,7.75]},"faces":{"north":{"uv":[0,0,1.675,5],"texture":"#13"},"east":{"uv":[0,0,1.7,5],"texture":"#13"},"south":{"uv":[0,0,1.675,5],"texture":"#13"},"west":{"uv":[0.125,0,1.75,5],"texture":"#13"},"up":{"uv":[0,0,1.8,1.7],"texture":"#13"},"down":{"uv":[0,1.625,1.675,3.325],"texture":"#13"}}},{"from":[7,-9.25,7.75],"to":[9,-3,9.75],"rotation":{"angle":0,"axis":"y","origin":[7,-10.25,7.75]},"faces":{"north":{"uv":[14,8,16,16],"texture":"#13"},"east":{"uv":[14,8,16,16],"texture":"#13"},"south":{"uv":[14,8,16,16],"texture":"#13"},"west":{"uv":[14,8,16,16],"texture":"#13"},"up":{"uv":[14.25,8.125,16,10.125],"texture":"#13"},"down":{"uv":[0,0,1.75,2],"texture":"#13"}}},{"from":[8,-15.9,6.75],"to":[8,-11.45,10.75],"rotation":{"angle":0,"axis":"y","origin":[8,-14.45,7.75]},"faces":{"north":{"uv":[2.5,0,2.5,5],"texture":"#13"},"east":{"uv":[0,11,4,16],"texture":"#13"},"south":{"uv":[1.875,0,1.875,5],"texture":"#13"},"west":{"uv":[0,11,4,16],"texture":"#13"},"up":{"uv":[0,0,0,4],"texture":"#13"},"down":{"uv":[0,0,0,4],"texture":"#13"}}},{"from":[6.9,-0.08,6.15],"to":[9.1,2.02,10.15],"rotation":{"angle":22.5,"axis":"x","origin":[7,-0.05,6.15]},"faces":{"north":{"uv":[0,7.125,2.2,9.225],"texture":"#13"},"east":{"uv":[0,5,4,7.1],"texture":"#13"},"south":{"uv":[0,7.125,2.2,9.225],"texture":"#13"},"west":{"uv":[0,5,4,7.1],"texture":"#13"},"up":{"uv":[4,5,6.2,9],"texture":"#13"},"down":{"uv":[4,5,6.2,9],"texture":"#13"}}},{"from":[8,-2.3,3],"to":[8,32,15],"rotation":{"angle":0,"axis":"y","origin":[6,-3.3,4]},"faces":{"north":{"uv":[0,0,0,8],"texture":"#12"},"east":{"uv":[0.3125,2.92188,4.5625,16],"texture":"#12"},"south":{"uv":[0,0,0,8],"texture":"#12"},"west":{"uv":[4.5625,2.9375,0.375,16],"texture":"#12"},"up":{"uv":[0,0,0,5.5],"texture":"#12"},"down":{"uv":[0,0,0,5.5],"texture":"#12"}}},{"from":[6.9,-2.35,6.15],"to":[9.1,-0.25,10.15],"rotation":{"angle":22.5,"axis":"x","origin":[7,-2.35,6.15]},"faces":{"north":{"uv":[1.775,0.7625,3.95,2.85],"texture":"#13"},"east":{"uv":[1.7875,2.875,5.75,4.975],"texture":"#13"},"south":{"uv":[1.775,0.7625,3.95,2.85],"texture":"#13"},"west":{"uv":[1.775,2.875,5.75,4.975],"texture":"#13"},"up":{"uv":[9.275,0,11.45,4],"texture":"#13"},"down":{"uv":[9.2875,0,11.45,4],"texture":"#13"}}},{"from":[7.1,-0.95,6.85],"to":[8.9,1.35,7.95],"rotation":{"angle":0,"axis":"y","origin":[7,1.35,5.85]},"faces":{"north":{"uv":[4,5,6.2,9],"rotation":180,"texture":"#missing"},"east":{"uv":[0,5,4,7.1],"rotation":270,"texture":"#missing"},"south":{"uv":[4,5,6.2,9],"texture":"#missing"},"west":{"uv":[0,5,4,7.1],"rotation":90,"texture":"#missing"},"up":{"uv":[0,7.125,2.2,9.225],"rotation":180,"texture":"#missing"},"down":{"uv":[0,7.125,2.2,9.225],"texture":"#missing"}}},{"from":[7.3,0.35,8.75],"to":[8.7,3.35,10.75],"rotation":{"angle":22.5,"axis":"x","origin":[6.9,1.35,8.75]},"faces":{"north":{"uv":[9.625,5,11.025,8],"texture":"#13"},"east":{"uv":[7.6625,4.9875,9.6625,7.9875],"texture":"#13"},"south":{"uv":[9.625,5,11.025,8],"texture":"#13"},"west":{"uv":[7.625,5,9.625,8],"texture":"#13"},"up":{"uv":[6.25,5,7.65,7],"texture":"#13"},"down":{"uv":[6.25,5,7.65,7],"texture":"#13"}}},{"from":[7,-11.8,7.8],"to":[9,-10.4,9.7],"rotation":{"angle":0,"axis":"y","origin":[7,-12.4,7.7]},"faces":{"north":{"uv":[7.25,0.1,9.25,1.5],"texture":"#13"},"east":{"uv":[7.3625,0.0875,9.2625,1.4875],"texture":"#13"},"south":{"uv":[7.25,0,9.25,1.5],"texture":"#13"},"west":{"uv":[7.25,0,9.25,1.4875],"texture":"#13"},"up":{"uv":[7.25,0,9.25,1.9],"texture":"#13"},"down":{"uv":[7.2375,0,9.25,1.4625],"texture":"#13"}}},{"from":[8.2,-2.3,3],"to":[8.2,32,15],"rotation":{"angle":0,"axis":"y","origin":[6.2,-3.3,4]},"faces":{"north":{"uv":[0,0,0,8],"texture":"#11"},"east":{"uv":[0.3125,2.92188,4.5625,16],"texture":"#11"},"south":{"uv":[0,0,0,8],"texture":"#11"},"west":{"uv":[4.5625,2.9375,0.375,16],"texture":"#11"},"up":{"uv":[0,0,0,5.5],"texture":"#11"},"down":{"uv":[0,0,0,5.5],"texture":"#11"}}},{"name":"Animasi Teks","from":[8.3,2,6],"to":[8.3,14,11],"rotation":{"angle":0,"axis":"y","origin":[6,2,5]},"faces":{"north":{"uv":[0,0,0,12],"texture":"#9"},"east":{"uv":[0,0,5,12],"texture":"#9"},"south":{"uv":[0,0,0,12],"texture":"#9"},"west":{"uv":[5,0,10,12],"texture":"#9"},"up":{"uv":[0,5,0,0],"texture":"#9"},"down":{"uv":[0,0,0,5],"texture":"#9"}}},{"name":"ANIMASI UNGU","from":[8.1,-16,4],"to":[8.1,32,12],"rotation":{"angle":0,"axis":"y","origin":[5,0,10]},"faces":{"north":{"uv":[0,0,0,12],"texture":"#8"},"east":{"uv":[0,0,2,12],"texture":"#8"},"south":{"uv":[0,0,0,12],"texture":"#8"},"west":{"uv":[2,0,0,12],"texture":"#8"},"up":{"uv":[0,2,0,0],"texture":"#8"},"down":{"uv":[0,0,0,2],"texture":"#8"}}},{"from":[5,16,5],"to":[5,25,11],"rotation":{"angle":0,"axis":"y","origin":[3,17,7]},"faces":{"north":{"uv":[0,0,0,2.25],"texture":"#10"},"east":{"uv":[3,0,1.5,2.25],"texture":"#10"},"south":{"uv":[0,0,0,2.25],"texture":"#10"},"west":{"uv":[1.5,0,3,2.25],"texture":"#10"},"up":{"uv":[0,1.5,0,0],"texture":"#10"},"down":{"uv":[0,0,0,1.5],"texture":"#10"}}},{"from":[12,27,5],"to":[12,32,11],"rotation":{"angle":0,"axis":"y","origin":[10,24,7]},"faces":{"north":{"uv":[0,0,0,1.25],"texture":"#10"},"east":{"uv":[9,4.75,7.5,6],"texture":"#10"},"south":{"uv":[0,0,0,1.25],"texture":"#10"},"west":{"uv":[7.5,4.75,9,6],"texture":"#10"},"up":{"uv":[0,1.5,0,0],"texture":"#10"},"down":{"uv":[0,0,0,1.5],"texture":"#10"}}},{"from":[5,28,5],"to":[5,32,11],"rotation":{"angle":0,"axis":"y","origin":[3,24,7]},"faces":{"north":{"uv":[0,0,0,1],"texture":"#10"},"east":{"uv":[9,5,7.5,6],"texture":"#10"},"south":{"uv":[0,0,0,1],"texture":"#10"},"west":{"uv":[7.5,5,9,6],"texture":"#10"},"up":{"uv":[0,1.5,0,0],"texture":"#10"},"down":{"uv":[0,0,0,1.5],"texture":"#10"}}},{"from":[5,7,5],"to":[5,14,11],"rotation":{"angle":0,"axis":"y","origin":[3,6,7]},"faces":{"north":{"uv":[0,0,0,1.75],"texture":"#10"},"east":{"uv":[7.5,1.75,6,3.5],"texture":"#10"},"south":{"uv":[0,0,0,1.75],"texture":"#10"},"west":{"uv":[6,1.75,7.5,3.5],"texture":"#10"},"up":{"uv":[0,1.5,0,0],"texture":"#10"},"down":{"uv":[0,0,0,1.5],"texture":"#10"}}},{"from":[12,15,5],"to":[12,23,11],"rotation":{"angle":0,"axis":"y","origin":[10,16,7]},"faces":{"north":{"uv":[0,0,0,2],"texture":"#10"},"east":{"uv":[1.5,4.5,3,6.5],"texture":"#10"},"south":{"uv":[0,0,0,2],"texture":"#10"},"west":{"uv":[3,4.5,1.5,6.5],"texture":"#10"},"up":{"uv":[0,1.5,0,0],"texture":"#10"},"down":{"uv":[0,0,0,1.5],"texture":"#10"}}},{"from":[12,0,5],"to":[12,8,11],"rotation":{"angle":0,"axis":"y","origin":[10,0,7]},"faces":{"north":{"uv":[0,0,0,2],"texture":"#10"},"east":{"uv":[3,4.5,4.5,6.5],"texture":"#10"},"south":{"uv":[0,0,0,2],"texture":"#10"},"west":{"uv":[4.5,4.5,3,6.5],"texture":"#10"},"up":{"uv":[0,1.5,0,0],"texture":"#10"},"down":{"uv":[0,0,0,1.5],"texture":"#10"}}},{"from":[6,12,2],"to":[12,21,2],"rotation":{"angle":-45,"axis":"y","origin":[8,13,4]},"faces":{"north":{"uv":[0,2.25,1.5,4.5],"texture":"#10"},"east":{"uv":[0,0,0,2.25],"texture":"#10"},"south":{"uv":[1.5,2.25,0,4.5],"texture":"#10"},"west":{"uv":[0,0,0,2.25],"texture":"#10"},"up":{"uv":[1.5,0,0,0],"texture":"#10"},"down":{"uv":[1.5,0,0,0],"texture":"#10"}}},{"from":[3,23,11],"to":[9,30,11],"rotation":{"angle":-45,"axis":"y","origin":[5,24,13]},"faces":{"north":{"uv":[7.5,5.25,6,7],"texture":"#10"},"east":{"uv":[0,0,0,1.75],"texture":"#10"},"south":{"uv":[6,5.25,7.5,7],"texture":"#10"},"west":{"uv":[0,0,0,1.75],"texture":"#10"},"up":{"uv":[1.5,0,0,0],"texture":"#10"},"down":{"uv":[1.5,0,0,0],"texture":"#10"}}},{"from":[3,3,11],"to":[9,9,11],"rotation":{"angle":-45,"axis":"y","origin":[5,2,13]},"faces":{"north":{"uv":[1.5,6.75,0,8.25],"texture":"#10"},"east":{"uv":[0,0,0,1.5],"texture":"#10"},"south":{"uv":[0,6.75,1.5,8.25],"texture":"#10"},"west":{"uv":[0,0,0,1.5],"texture":"#10"},"up":{"uv":[1.5,0,0,0],"texture":"#10"},"down":{"uv":[1.5,0,0,0],"texture":"#10"}}},{"from":[3,-5,11],"to":[9,-1,11],"rotation":{"angle":-45,"axis":"y","origin":[5,-8,13]},"faces":{"north":{"uv":[9,7,7.5,8],"texture":"#10"},"east":{"uv":[0,0,0,1],"texture":"#10"},"south":{"uv":[7.5,7,9,8],"texture":"#10"},"west":{"uv":[0,0,0,1],"texture":"#10"},"up":{"uv":[1.5,0,0,0],"texture":"#10"},"down":{"uv":[1.5,0,0,0],"texture":"#10"}}},{"from":[6,5,2],"to":[12,12,2],"rotation":{"angle":-45,"axis":"y","origin":[8,6,4]},"faces":{"north":{"uv":[4.5,6.25,6,8],"texture":"#10"},"east":{"uv":[0,0,0,1.75],"texture":"#10"},"south":{"uv":[6,6.25,4.5,8],"texture":"#10"},"west":{"uv":[0,0,0,1.75],"texture":"#10"},"up":{"uv":[1.5,0,0,0],"texture":"#10"},"down":{"uv":[1.5,0,0,0],"texture":"#10"}}},{"from":[12,-4,8],"to":[12,2,14],"rotation":{"angle":-45,"axis":"y","origin":[10,-5,10]},"faces":{"north":{"uv":[0,0,0,1.5],"texture":"#10"},"east":{"uv":[6,7,7.5,8.5],"texture":"#10"},"south":{"uv":[0,0,0,1.5],"texture":"#10"},"west":{"uv":[7.5,7,6,8.5],"texture":"#10"},"up":{"uv":[0,1.5,0,0],"texture":"#10"},"down":{"uv":[0,0,0,1.5],"texture":"#10"}}},{"from":[12,2,8],"to":[12,6,14],"rotation":{"angle":-45,"axis":"y","origin":[10,-2,10]},"faces":{"north":{"uv":[0,0,0,1],"texture":"#10"},"east":{"uv":[3,8,4.5,9],"texture":"#10"},"south":{"uv":[0,0,0,1],"texture":"#10"},"west":{"uv":[4.5,8,3,9],"texture":"#10"},"up":{"uv":[0,1.5,0,0],"texture":"#10"},"down":{"uv":[0,0,0,1.5],"texture":"#10"}}},{"from":[8,11,0],"to":[8,20,6],"rotation":{"angle":-45,"axis":"y","origin":[6,12,2]},"faces":{"north":{"uv":[0,0,0,2.25],"texture":"#10"},"east":{"uv":[4.5,2.25,3,4.5],"texture":"#10"},"south":{"uv":[0,0,0,2.25],"texture":"#10"},"west":{"uv":[3,2.25,4.5,4.5],"texture":"#10"},"up":{"uv":[0,1.5,0,0],"texture":"#10"},"down":{"uv":[0,0,0,1.5],"texture":"#10"}}},{"from":[12,20,9],"to":[12,29,14],"rotation":{"angle":-45,"axis":"y","origin":[10,21,10]},"faces":{"north":{"uv":[0,0,0,2.25],"texture":"#10"},"east":{"uv":[0,4.5,1.5,6.75],"texture":"#10"},"south":{"uv":[0,0,0,2.25],"texture":"#10"},"west":{"uv":[1.5,4.5,0,6.71875],"texture":"#10"},"up":{"uv":[0,1.5,0,0],"texture":"#10"},"down":{"uv":[0,0,0,1.5],"texture":"#10"}}}],"gui_light":"front","display":{"thirdperson_righthand":{"translation":[0,10.75,1],"scale":[0.9,0.9,0.9]},"thirdperson_lefthand":{"rotation":[-10.47,54.23,-97.5],"translation":[-6.75,-7.75,6.75],"scale":[0.81,0.81,0.81]},"firstperson_righthand":{"rotation":[-3,0,0],"translation":[3.75,6.25,-1.25]},"firstperson_lefthand":{"rotation":[160,6,3],"translation":[6.5,-8.5,2.25]},"ground":{"rotation":[-79,101,-9.86],"translation":[0,6.5,0]},"gui":{"rotation":[-88.64,-40.74,-89.15],"translation":[0,-0.75,0],"scale":[0.46,0.46,0.46]},"head":{"rotation":[-150.83,26.75,-14.11],"translation":[17,-30.75,-11]},"fixed":{"rotation":[114,0,0],"translation":[0,12.25,-24.25],"scale":[1.6,1.6,1.6]}}}