{"credit":"Made by samus2002","texture_size":[256,256],"textures":{"0":"death_knight:death_knight_texture/death_knight_necroslayer","particle":"death_knight:death_knight_texture/death_knight_necroslayer"},"elements":[{"from":[7.04,15.84,7.28],"to":[8.96,23.52,8.72],"rotation":{"angle":0,"axis":"y","origin":[8,13.2,8]},"faces":{"north":{"uv":[3.5,1.375,3.75,2.375],"texture":"#0"},"east":{"uv":[3.8125,1.375,4,2.375],"texture":"#0"},"south":{"uv":[3.75,1.375,3.5,2.375],"texture":"#0"},"west":{"uv":[2.0625,3.875,2.25,4.875],"texture":"#0"},"up":{"uv":[5.0625,0.5625,4.8125,0.375],"texture":"#0"},"down":{"uv":[5.0625,1.375,4.8125,1.5625],"texture":"#0"}}},{"from":[6.08,14.4,6.8],"to":[9.92,16.8,9.2],"rotation":{"angle":0,"axis":"y","origin":[8,13.2,8]},"faces":{"north":{"uv":[3.8125,4.0625,4.3125,4.375],"texture":"#0"},"east":{"uv":[0.6875,4.5625,1,4.875],"texture":"#0"},"south":{"uv":[4.3125,4.0625,3.8125,4.375],"texture":"#0"},"west":{"uv":[1.0625,4.5625,1.375,4.875],"texture":"#0"},"up":{"uv":[4.75,0.3125,4.25,0],"texture":"#0"},"down":{"uv":[4.75,0.375,4.25,0.6875],"texture":"#0"}}},{"from":[5.348,12,6.56],"to":[10.652,15.36,9.44],"rotation":{"angle":0,"axis":"y","origin":[8,13.2,8]},"faces":{"north":{"uv":[3.25,3.125,3.9375,3.5625],"texture":"#0"},"east":{"uv":[4.0625,1.375,4.4375,1.8125],"texture":"#0"},"south":{"uv":[3.9375,3.125,3.25,3.5625],"texture":"#0"},"west":{"uv":[4.0625,1.875,4.4375,2.3125],"texture":"#0"},"up":{"uv":[4.1875,0.875,3.5,0.5],"texture":"#0"},"down":{"uv":[4.1875,0.9375,3.5,1.3125],"texture":"#0"}}},{"from":[8,8.56794,6.66459],"to":[8,11.92794,8.58459],"rotation":{"angle":22.5,"axis":"x","origin":[8,13.2,8]},"faces":{"north":{"uv":[3.25,3.125,3.9375,3.5625],"texture":"#0"},"east":{"uv":[6.3125,2.8125,6.0625,3.25],"texture":"#0"},"south":{"uv":[3.5,0,4.1875,0.4375],"texture":"#0"},"west":{"uv":[6.0625,2.8125,6.3125,3.25],"texture":"#0"},"up":{"uv":[4.1875,0.875,3.5,0.5],"texture":"#0"},"down":{"uv":[4.1875,0.9375,3.5,1.3125],"texture":"#0"}}},{"from":[7.988,7.50891,3.78036],"to":[7.988,10.86891,5.70036],"rotation":{"angle":-22.5,"axis":"x","origin":[8,13.2,8]},"faces":{"north":{"uv":[3.25,3.125,3.9375,3.5625],"texture":"#0"},"east":{"uv":[6.3125,3.625,6.0625,4.0625],"texture":"#0"},"south":{"uv":[3.5,0,4.1875,0.4375],"texture":"#0"},"west":{"uv":[6.0625,3.625,6.3125,4.0625],"texture":"#0"},"up":{"uv":[4.1875,0.875,3.5,0.5],"texture":"#0"},"down":{"uv":[4.1875,0.9375,3.5,1.3125],"texture":"#0"}}},{"from":[10.388,8.39584,4.14774],"to":[10.388,11.75584,6.06774],"rotation":{"angle":-22.5,"axis":"x","origin":[8,13.2,8]},"faces":{"north":{"uv":[3.25,3.125,3.9375,3.5625],"texture":"#0"},"east":{"uv":[6.3125,3.625,6.0625,4.0625],"texture":"#0"},"south":{"uv":[3.5,0,4.1875,0.4375],"texture":"#0"},"west":{"uv":[6.0625,3.625,6.3125,4.0625],"texture":"#0"},"up":{"uv":[4.1875,0.875,3.5,0.5],"texture":"#0"},"down":{"uv":[4.1875,0.9375,3.5,1.3125],"texture":"#0"}}},{"from":[10.4,9.45486,6.29722],"to":[10.4,12.81486,8.21722],"rotation":{"angle":22.5,"axis":"x","origin":[8,13.2,8]},"faces":{"north":{"uv":[3.25,3.125,3.9375,3.5625],"texture":"#0"},"east":{"uv":[6.3125,2.8125,6.0625,3.25],"texture":"#0"},"south":{"uv":[3.5,0,4.1875,0.4375],"texture":"#0"},"west":{"uv":[6.0625,2.8125,6.3125,3.25],"texture":"#0"},"up":{"uv":[4.1875,0.875,3.5,0.5],"texture":"#0"},"down":{"uv":[4.1875,0.9375,3.5,1.3125],"texture":"#0"}}},{"from":[5.612,8.39584,4.14774],"to":[5.612,11.75584,6.06774],"rotation":{"angle":-22.5,"axis":"x","origin":[8,13.2,8]},"faces":{"north":{"uv":[3.9375,3.125,3.25,3.5625],"texture":"#0"},"east":{"uv":[6.3125,3.625,6.0625,4.0625],"texture":"#0"},"south":{"uv":[4.1875,0,3.5,0.4375],"texture":"#0"},"west":{"uv":[6.0625,3.625,6.3125,4.0625],"texture":"#0"},"up":{"uv":[3.5,0.875,4.1875,0.5],"texture":"#0"},"down":{"uv":[3.5,0.9375,4.1875,1.3125],"texture":"#0"}}},{"from":[5.6,9.45486,6.29722],"to":[5.6,12.81486,8.21722],"rotation":{"angle":22.5,"axis":"x","origin":[8,13.2,8]},"faces":{"north":{"uv":[3.9375,3.125,3.25,3.5625],"texture":"#0"},"east":{"uv":[6.3125,2.8125,6.0625,3.25],"texture":"#0"},"south":{"uv":[4.1875,0,3.5,0.4375],"texture":"#0"},"west":{"uv":[6.0625,2.8125,6.3125,3.25],"texture":"#0"},"up":{"uv":[3.5,0.875,4.1875,0.5],"texture":"#0"},"down":{"uv":[3.5,0.9375,4.1875,1.3125],"texture":"#0"}}},{"from":[6.812,7.41707,4.00209],"to":[6.812,10.77707,5.92209],"rotation":{"angle":-22.5,"axis":"x","origin":[8,13.2,8]},"faces":{"north":{"uv":[3.9375,3.125,3.25,3.5625],"texture":"#0"},"east":{"uv":[6.3125,3.625,6.0625,4.0625],"texture":"#0"},"south":{"uv":[4.1875,0,3.5,0.4375],"texture":"#0"},"west":{"uv":[6.0625,3.625,6.3125,4.0625],"texture":"#0"},"up":{"uv":[3.5,0.875,4.1875,0.5],"texture":"#0"},"down":{"uv":[3.5,0.9375,4.1875,1.3125],"texture":"#0"}}},{"from":[6.8,8.65978,6.88632],"to":[6.8,12.01978,8.80632],"rotation":{"angle":22.5,"axis":"x","origin":[8,13.2,8]},"faces":{"north":{"uv":[3.9375,3.125,3.25,3.5625],"texture":"#0"},"east":{"uv":[6.3125,2.8125,6.0625,3.25],"texture":"#0"},"south":{"uv":[4.1875,0,3.5,0.4375],"texture":"#0"},"west":{"uv":[6.0625,2.8125,6.3125,3.25],"texture":"#0"},"up":{"uv":[3.5,0.875,4.1875,0.5],"texture":"#0"},"down":{"uv":[3.5,0.9375,4.1875,1.3125],"texture":"#0"}}},{"from":[9.2,8.65978,6.88632],"to":[9.2,12.01978,8.80632],"rotation":{"angle":22.5,"axis":"x","origin":[8,13.2,8]},"faces":{"north":{"uv":[3.25,3.125,3.9375,3.5625],"texture":"#0"},"east":{"uv":[6.3125,2.8125,6.0625,3.25],"texture":"#0"},"south":{"uv":[3.5,0,4.1875,0.4375],"texture":"#0"},"west":{"uv":[6.0625,2.8125,6.3125,3.25],"texture":"#0"},"up":{"uv":[4.1875,0.875,3.5,0.5],"texture":"#0"},"down":{"uv":[4.1875,0.9375,3.5,1.3125],"texture":"#0"}}},{"from":[9.188,7.41707,4.00209],"to":[9.188,10.77707,5.92209],"rotation":{"angle":-22.5,"axis":"x","origin":[8,13.2,8]},"faces":{"north":{"uv":[3.25,3.125,3.9375,3.5625],"texture":"#0"},"east":{"uv":[6.3125,3.625,6.0625,4.0625],"texture":"#0"},"south":{"uv":[3.5,0,4.1875,0.4375],"texture":"#0"},"west":{"uv":[6.0625,3.625,6.3125,4.0625],"texture":"#0"},"up":{"uv":[4.1875,0.875,3.5,0.5],"texture":"#0"},"down":{"uv":[4.1875,0.9375,3.5,1.3125],"texture":"#0"}}},{"from":[5.6,9.45486,7.78278],"to":[5.6,12.81486,9.70278],"rotation":{"angle":-22.5,"axis":"x","origin":[8,13.2,8]},"faces":{"north":{"uv":[3.5,0,4.1875,0.4375],"texture":"#0"},"east":{"uv":[6.0625,2.8125,6.3125,3.25],"texture":"#0"},"south":{"uv":[3.25,3.125,3.9375,3.5625],"texture":"#0"},"west":{"uv":[6.3125,2.8125,6.0625,3.25],"texture":"#0"},"up":{"uv":[3.5,0.5,4.1875,0.875],"texture":"#0"},"down":{"uv":[3.5,1.3125,4.1875,0.9375],"texture":"#0"}}},{"from":[6.8,8.65978,7.19368],"to":[6.8,12.01978,9.11368],"rotation":{"angle":-22.5,"axis":"x","origin":[8,13.2,8]},"faces":{"north":{"uv":[3.5,0,4.1875,0.4375],"texture":"#0"},"east":{"uv":[6.0625,2.8125,6.3125,3.25],"texture":"#0"},"south":{"uv":[3.25,3.125,3.9375,3.5625],"texture":"#0"},"west":{"uv":[6.3125,2.8125,6.0625,3.25],"texture":"#0"},"up":{"uv":[3.5,0.5,4.1875,0.875],"texture":"#0"},"down":{"uv":[3.5,1.3125,4.1875,0.9375],"texture":"#0"}}},{"from":[8,8.56794,7.41541],"to":[8,11.92794,9.33541],"rotation":{"angle":-22.5,"axis":"x","origin":[8,13.2,8]},"faces":{"north":{"uv":[4.1875,0,3.5,0.4375],"texture":"#0"},"east":{"uv":[6.0625,2.8125,6.3125,3.25],"texture":"#0"},"south":{"uv":[3.9375,3.125,3.25,3.5625],"texture":"#0"},"west":{"uv":[6.3125,2.8125,6.0625,3.25],"texture":"#0"},"up":{"uv":[4.1875,0.5,3.5,0.875],"texture":"#0"},"down":{"uv":[4.1875,1.3125,3.5,0.9375],"texture":"#0"}}},{"from":[9.2,8.65978,7.19368],"to":[9.2,12.01978,9.11368],"rotation":{"angle":-22.5,"axis":"x","origin":[8,13.2,8]},"faces":{"north":{"uv":[4.1875,0,3.5,0.4375],"texture":"#0"},"east":{"uv":[6.0625,2.8125,6.3125,3.25],"texture":"#0"},"south":{"uv":[3.9375,3.125,3.25,3.5625],"texture":"#0"},"west":{"uv":[6.3125,2.8125,6.0625,3.25],"texture":"#0"},"up":{"uv":[4.1875,0.5,3.5,0.875],"texture":"#0"},"down":{"uv":[4.1875,1.3125,3.5,0.9375],"texture":"#0"}}},{"from":[10.4,9.45486,7.78278],"to":[10.4,12.81486,9.70278],"rotation":{"angle":-22.5,"axis":"x","origin":[8,13.2,8]},"faces":{"north":{"uv":[4.1875,0,3.5,0.4375],"texture":"#0"},"east":{"uv":[6.0625,2.8125,6.3125,3.25],"texture":"#0"},"south":{"uv":[3.9375,3.125,3.25,3.5625],"texture":"#0"},"west":{"uv":[6.3125,2.8125,6.0625,3.25],"texture":"#0"},"up":{"uv":[4.1875,0.5,3.5,0.875],"texture":"#0"},"down":{"uv":[4.1875,1.3125,3.5,0.9375],"texture":"#0"}}},{"from":[10.388,8.39584,9.93226],"to":[10.388,11.75584,11.85226],"rotation":{"angle":22.5,"axis":"x","origin":[8,13.2,8]},"faces":{"north":{"uv":[4.1875,0,3.5,0.4375],"texture":"#0"},"east":{"uv":[6.0625,3.625,6.3125,4.0625],"texture":"#0"},"south":{"uv":[3.9375,3.125,3.25,3.5625],"texture":"#0"},"west":{"uv":[6.3125,3.625,6.0625,4.0625],"texture":"#0"},"up":{"uv":[4.1875,0.5,3.5,0.875],"texture":"#0"},"down":{"uv":[4.1875,1.3125,3.5,0.9375],"texture":"#0"}}},{"from":[9.188,7.41707,10.07791],"to":[9.188,10.77707,11.99791],"rotation":{"angle":22.5,"axis":"x","origin":[8,13.2,8]},"faces":{"north":{"uv":[4.1875,0,3.5,0.4375],"texture":"#0"},"east":{"uv":[6.0625,3.625,6.3125,4.0625],"texture":"#0"},"south":{"uv":[3.9375,3.125,3.25,3.5625],"texture":"#0"},"west":{"uv":[6.3125,3.625,6.0625,4.0625],"texture":"#0"},"up":{"uv":[4.1875,0.5,3.5,0.875],"texture":"#0"},"down":{"uv":[4.1875,1.3125,3.5,0.9375],"texture":"#0"}}},{"from":[7.988,7.50891,10.29964],"to":[7.988,10.86891,12.21964],"rotation":{"angle":22.5,"axis":"x","origin":[8,13.2,8]},"faces":{"north":{"uv":[4.1875,0,3.5,0.4375],"texture":"#0"},"east":{"uv":[6.0625,3.625,6.3125,4.0625],"texture":"#0"},"south":{"uv":[3.9375,3.125,3.25,3.5625],"texture":"#0"},"west":{"uv":[6.3125,3.625,6.0625,4.0625],"texture":"#0"},"up":{"uv":[4.1875,0.5,3.5,0.875],"texture":"#0"},"down":{"uv":[4.1875,1.3125,3.5,0.9375],"texture":"#0"}}},{"from":[6.812,7.41707,10.07791],"to":[6.812,10.77707,11.99791],"rotation":{"angle":22.5,"axis":"x","origin":[8,13.2,8]},"faces":{"north":{"uv":[3.5,0,4.1875,0.4375],"texture":"#0"},"east":{"uv":[6.0625,3.625,6.3125,4.0625],"texture":"#0"},"south":{"uv":[3.25,3.125,3.9375,3.5625],"texture":"#0"},"west":{"uv":[6.3125,3.625,6.0625,4.0625],"texture":"#0"},"up":{"uv":[3.5,0.5,4.1875,0.875],"texture":"#0"},"down":{"uv":[3.5,1.3125,4.1875,0.9375],"texture":"#0"}}},{"from":[5.612,8.39584,9.93226],"to":[5.612,11.75584,11.85226],"rotation":{"angle":22.5,"axis":"x","origin":[8,13.2,8]},"faces":{"north":{"uv":[3.5,0,4.1875,0.4375],"texture":"#0"},"east":{"uv":[6.0625,3.625,6.3125,4.0625],"texture":"#0"},"south":{"uv":[3.25,3.125,3.9375,3.5625],"texture":"#0"},"west":{"uv":[6.3125,3.625,6.0625,4.0625],"texture":"#0"},"up":{"uv":[3.5,0.5,4.1875,0.875],"texture":"#0"},"down":{"uv":[3.5,1.3125,4.1875,0.9375],"texture":"#0"}}},{"from":[5.84,12.48,6.488],"to":[6.92,13.2,6.488],"rotation":{"angle":0,"axis":"y","origin":[8,13.2,8]},"faces":{"north":{"uv":[4.875,1.125,5,1.25],"texture":"#0"},"east":{"uv":[4.3125,4.4375,4.3125,4.5625],"texture":"#0"},"south":{"uv":[5,1.125,4.875,1.25],"texture":"#0"},"west":{"uv":[4.25,4.625,4.25,4.75],"texture":"#0"},"up":{"uv":[3.9375,4,3.8125,4],"texture":"#0"},"down":{"uv":[4.1875,2.375,4.0625,2.375],"texture":"#0"}}},{"from":[9.08,12.48,6.488],"to":[10.16,13.2,6.488],"rotation":{"angle":0,"axis":"y","origin":[8,13.2,8]},"faces":{"north":{"uv":[5,1.125,4.875,1.25],"texture":"#0"},"east":{"uv":[4.25,4.625,4.25,4.75],"texture":"#0"},"south":{"uv":[4.875,1.125,5,1.25],"texture":"#0"},"west":{"uv":[4.3125,4.4375,4.3125,4.5625],"texture":"#0"},"up":{"uv":[3.8125,4,3.9375,4],"texture":"#0"},"down":{"uv":[4.0625,2.375,4.1875,2.375],"texture":"#0"}}},{"from":[5.84,12.48,9.512],"to":[6.92,13.2,9.512],"rotation":{"angle":0,"axis":"y","origin":[8,13.2,8]},"faces":{"north":{"uv":[4.875,1.125,5,1.25],"texture":"#0"},"east":{"uv":[4.3125,4.4375,4.3125,4.5625],"texture":"#0"},"south":{"uv":[5,1.125,4.875,1.25],"texture":"#0"},"west":{"uv":[4.25,4.625,4.25,4.75],"texture":"#0"},"up":{"uv":[3.9375,4,3.8125,4],"texture":"#0"},"down":{"uv":[4.1875,2.375,4.0625,2.375],"texture":"#0"}}},{"from":[9.08,12.48,9.512],"to":[10.16,13.2,9.512],"rotation":{"angle":0,"axis":"y","origin":[8,13.2,8]},"faces":{"north":{"uv":[5,1.125,4.875,1.25],"texture":"#0"},"east":{"uv":[4.25,4.625,4.25,4.75],"texture":"#0"},"south":{"uv":[4.875,1.125,5,1.25],"texture":"#0"},"west":{"uv":[4.3125,4.4375,4.3125,4.5625],"texture":"#0"},"up":{"uv":[3.8125,4,3.9375,4],"texture":"#0"},"down":{"uv":[4.0625,2.375,4.1875,2.375],"texture":"#0"}}},{"from":[6.8,23.04,6.8],"to":[9.2,24.96,9.2],"rotation":{"angle":0,"axis":"y","origin":[8,13.2,8]},"faces":{"north":{"uv":[1.4375,4.5625,1.75,4.8125],"texture":"#0"},"east":{"uv":[2.3125,4.5625,2.625,4.8125],"texture":"#0"},"south":{"uv":[2.6875,4.5625,3,4.8125],"texture":"#0"},"west":{"uv":[3.0625,4.5625,3.375,4.8125],"texture":"#0"},"up":{"uv":[4.8125,2.1875,4.5,1.875],"texture":"#0"},"down":{"uv":[0.625,4.5625,0.3125,4.875],"texture":"#0"}}},{"from":[5.84,24,8],"to":[10.16,29.28,8],"rotation":{"angle":0,"axis":"y","origin":[8,13.2,8]},"faces":{"north":{"uv":[2,3.125,2.5625,3.8125],"texture":"#0"},"east":{"uv":[0.25,4.6875,0.25,5.375],"texture":"#0"},"south":{"uv":[2.5625,3.125,2,3.8125],"texture":"#0"},"west":{"uv":[4.625,4.8125,4.625,5.5],"texture":"#0"},"up":{"uv":[5.375,1.8125,4.8125,1.8125],"texture":"#0"},"down":{"uv":[5.4375,1.3125,4.875,1.3125],"texture":"#0"}}},{"from":[1.48272,11.83072,7.28],"to":[6.76272,14.23072,8.72],"rotation":{"angle":-22.5,"axis":"z","origin":[8,13.2,8]},"faces":{"north":{"uv":[1.0625,3.625,1.75,3.9375],"texture":"#0"},"east":{"uv":[4.75,3.5625,4.9375,3.875],"texture":"#0"},"south":{"uv":[1.75,3.625,1.0625,3.9375],"texture":"#0"},"west":{"uv":[4.8125,0,5,0.3125],"texture":"#0"},"up":{"uv":[3.5625,4.5,2.875,4.3125],"texture":"#0"},"down":{"uv":[5.0625,4.0625,4.375,4.25],"texture":"#0"}}},{"from":[-0.28677,15.70895,7.52],"to":[4.03323,17.62895,8.48],"rotation":{"angle":22.5,"axis":"z","origin":[8,13.2,8]},"faces":{"north":{"uv":[4.25,2.375,4.8125,2.625],"texture":"#0"},"east":{"uv":[4.4375,4.8125,4.5625,5.0625],"texture":"#0"},"south":{"uv":[4.8125,2.375,4.25,2.625],"texture":"#0"},"west":{"uv":[4.875,0.625,5,0.875],"texture":"#0"},"up":{"uv":[5.25,4.8125,4.6875,4.6875],"texture":"#0"},"down":{"uv":[5.3125,3,4.75,3.125],"texture":"#0"}}},{"from":[-0.28677,12.34895,8],"to":[1.63323,15.70895,8],"rotation":{"angle":22.5,"axis":"z","origin":[8,13.2,8]},"faces":{"north":{"uv":[3.9375,4.4375,4.1875,4.875],"texture":"#0"},"east":{"uv":[2.5625,4.875,2.5625,5.3125],"texture":"#0"},"south":{"uv":[4.1875,4.4375,3.9375,4.875],"texture":"#0"},"west":{"uv":[2.625,4.875,2.625,5.3125],"texture":"#0"},"up":{"uv":[2.9375,4.875,2.6875,4.875],"texture":"#0"},"down":{"uv":[5.125,2.6875,4.875,2.6875],"texture":"#0"}}},{"from":[9.23728,11.83072,7.28],"to":[14.51728,14.23072,8.72],"rotation":{"angle":22.5,"axis":"z","origin":[8,13.2,8]},"faces":{"north":{"uv":[1.75,3.625,1.0625,3.9375],"texture":"#0"},"east":{"uv":[5,0,4.8125,0.3125],"texture":"#0"},"south":{"uv":[1.0625,3.625,1.75,3.9375],"texture":"#0"},"west":{"uv":[4.9375,3.5625,4.75,3.875],"texture":"#0"},"up":{"uv":[2.875,4.5,3.5625,4.3125],"texture":"#0"},"down":{"uv":[4.375,4.0625,5.0625,4.25],"texture":"#0"}}},{"from":[11.96677,15.70895,7.52],"to":[16.28677,17.62895,8.48],"rotation":{"angle":-22.5,"axis":"z","origin":[8,13.2,8]},"faces":{"north":{"uv":[4.8125,2.375,4.25,2.625],"texture":"#0"},"east":{"uv":[5,0.625,4.875,0.875],"texture":"#0"},"south":{"uv":[4.25,2.375,4.8125,2.625],"texture":"#0"},"west":{"uv":[4.5625,4.8125,4.4375,5.0625],"texture":"#0"},"up":{"uv":[4.6875,4.8125,5.25,4.6875],"texture":"#0"},"down":{"uv":[4.75,3,5.3125,3.125],"texture":"#0"}}},{"from":[14.36677,12.34895,8],"to":[16.28677,15.70895,8],"rotation":{"angle":-22.5,"axis":"z","origin":[8,13.2,8]},"faces":{"north":{"uv":[4.1875,4.4375,3.9375,4.875],"texture":"#0"},"east":{"uv":[2.625,4.875,2.625,5.3125],"texture":"#0"},"south":{"uv":[3.9375,4.4375,4.1875,4.875],"texture":"#0"},"west":{"uv":[2.5625,4.875,2.5625,5.3125],"texture":"#0"},"up":{"uv":[2.6875,4.875,2.9375,4.875],"texture":"#0"},"down":{"uv":[4.875,2.6875,5.125,2.6875],"texture":"#0"}}},{"from":[5.36,-10.08,7.76],"to":[10.64,13.44,8.24],"rotation":{"angle":0,"axis":"y","origin":[8,13.2,8]},"faces":{"north":{"uv":[2,0,2.6875,3.0625],"texture":"#0"},"east":{"uv":[1.8125,3.625,1.875,6.6875],"texture":"#0"},"south":{"uv":[2.6875,0,2,3.0625],"texture":"#0"},"west":{"uv":[1.9375,3.875,2,6.9375],"texture":"#0"},"up":{"uv":[5.1875,2.3125,4.5,2.25],"texture":"#0"},"down":{"uv":[5.4375,3.9375,4.75,4],"texture":"#0"}}},{"from":[4.4,-13.92,8],"to":[11.6,13.44,8],"rotation":{"angle":0,"axis":"y","origin":[8,13.2,8]},"faces":{"north":{"uv":[0,0,0.9375,3.5625],"texture":"#0"},"east":{"uv":[2.375,4.875,2.375,8.4375],"texture":"#0"},"south":{"uv":[0.9375,0,0,3.5625],"texture":"#0"},"west":{"uv":[2.4375,4.875,2.4375,8.4375],"texture":"#0"},"up":{"uv":[5.8125,2,4.875,2],"texture":"#0"},"down":{"uv":[5.8125,2.0625,4.875,2.0625],"texture":"#0"}}}],"gui_light":"front","display":{"thirdperson_righthand":{"rotation":[180,90,0],"translation":[0,13.25,2.25],"scale":[1.5,1.5,1.5]},"thirdperson_lefthand":{"rotation":[180,90,0],"translation":[0,13.25,2.25],"scale":[1.5,1.5,1.5]},"firstperson_righthand":{"rotation":[180,90,0],"translation":[13,2,-8.5],"scale":[1.5,1.5,1.5]},"firstperson_lefthand":{"rotation":[180,90,0],"translation":[13,2,-8.5],"scale":[1.5,1.5,1.5]},"ground":{"rotation":[152,90,0],"translation":[0,9.5,0],"scale":[0.6,0.6,0.6]},"gui":{"rotation":[180,0,45],"translation":[-0.25,-0.25,0],"scale":[0.47,0.47,0.47]},"fixed":{"rotation":[180,180,45],"scale":[0.5,0.5,0.5]}}}