{"credit":"Made with Blockbench","texture_size":[32,32],"textures":{"0":"summoner:summoner_texture/nitirintou_himejima","particle":"summoner:summoner_texture/nitirintou_himejima"},"elements":[{"from":[6.5,0,6.5],"to":[9.5,1,9.5],"rotation":{"angle":0,"axis":"y","origin":[7.99967,9.89086,3.65062]},"faces":{"north":{"uv":[0,0,15.5,16],"texture":"#0"},"east":{"uv":[0,0,15.5,16],"texture":"#0"},"south":{"uv":[0,0,15.5,16],"texture":"#0"},"west":{"uv":[0,0,15.5,16],"texture":"#0"},"up":{"uv":[0,3,4,7],"texture":"#0"},"down":{"uv":[9.5,3.5,16,9.5],"texture":"#0"}}},{"from":[7.4,-0.1,7.4],"to":[8.6,15.1,8.6],"rotation":{"angle":0,"axis":"y","origin":[7.99967,9.89086,3.65062]},"faces":{"north":{"uv":[0,3.5,16,16],"texture":"#0"},"east":{"uv":[0,3.5,16,16],"texture":"#0"},"south":{"uv":[0,3.5,16,16],"texture":"#0"},"west":{"uv":[0,3.5,16,16],"texture":"#0"},"up":{"uv":[0,3.5,0.5,4],"texture":"#0"},"down":{"uv":[0,3.5,16,16],"texture":"#0"}}},{"from":[7.61,8.3,3],"to":[8.39,14.2,8],"rotation":{"angle":0,"axis":"x","origin":[7.99967,9.89086,3.65062]},"faces":{"north":{"uv":[0,8,16,16],"rotation":180,"texture":"#0"},"east":{"uv":[0,8,16,16],"rotation":180,"texture":"#0"},"south":{"uv":[0,8,16,16],"rotation":180,"texture":"#0"},"west":{"uv":[0,8,16,16],"rotation":180,"texture":"#0"},"up":{"uv":[0,8,16,16],"rotation":180,"texture":"#0"},"down":{"uv":[0,8,16,16],"rotation":180,"texture":"#0"}}},{"from":[7.61,13.32513,-0.33256],"to":[8.39,15.32513,6.06744],"rotation":{"angle":22.5,"axis":"x","origin":[7.99967,9.89086,3.65062]},"faces":{"north":{"uv":[0,8,16,16],"rotation":90,"texture":"#0"},"east":{"uv":[0,8,16,16],"rotation":90,"texture":"#0"},"south":{"uv":[0,8,16,16],"rotation":90,"texture":"#0"},"west":{"uv":[0,8,16,16],"rotation":90,"texture":"#0"},"up":{"uv":[0,8,16,16],"rotation":90,"texture":"#0"},"down":{"uv":[0,8,16,16],"rotation":90,"texture":"#0"}}},{"from":[7.61,8.3,2],"to":[8.39,14.7,3],"rotation":{"angle":0,"axis":"x","origin":[7.99967,9.89086,3.65062]},"faces":{"north":{"uv":[0,8,16,16],"rotation":180,"texture":"#0"},"east":{"uv":[0,8,16,16],"rotation":180,"texture":"#0"},"south":{"uv":[0,8,16,16],"rotation":180,"texture":"#0"},"west":{"uv":[0,8,16,16],"rotation":180,"texture":"#0"},"up":{"uv":[0,8,16,16],"rotation":180,"texture":"#0"},"down":{"uv":[0,8,16,16],"rotation":180,"texture":"#0"}}},{"from":[9.08519,6.4,0.60809],"to":[9.38519,16.4,1.35809],"rotation":{"angle":22.5,"axis":"y","origin":[7.99967,9.89086,3.65062]},"faces":{"north":{"uv":[0,0,16,1.5],"rotation":90,"texture":"#0"},"east":{"uv":[0,0,16,1.5],"rotation":90,"texture":"#0"},"south":{"uv":[0,0,16,1.5],"rotation":90,"texture":"#0"},"west":{"uv":[0,0,16,1.5],"rotation":90,"texture":"#0"},"up":{"uv":[0,0,16,1.5],"rotation":90,"texture":"#0"},"down":{"uv":[0,0,16,1.5],"rotation":90,"texture":"#0"}}},{"from":[6.61294,6.4,0.61231],"to":[6.91294,16.4,1.35231],"rotation":{"angle":-22.5,"axis":"y","origin":[7.99967,9.89086,3.65062]},"faces":{"north":{"uv":[0,0,16,1.5],"rotation":90,"texture":"#0"},"east":{"uv":[0,0,16,1.5],"rotation":90,"texture":"#0"},"south":{"uv":[0,0,16,1.5],"rotation":90,"texture":"#0"},"west":{"uv":[0,0,16,1.5],"rotation":90,"texture":"#0"},"up":{"uv":[0,0,16,1.5],"rotation":90,"texture":"#0"},"down":{"uv":[0,0,16,1.5],"rotation":90,"texture":"#0"}}},{"from":[7.8782,6.39,0.31215],"to":[8.1182,16.41,1.08215],"rotation":{"angle":0,"axis":"y","origin":[7.99967,9.89086,3.65062]},"faces":{"north":{"uv":[0,0,16,1.5],"rotation":90,"texture":"#0"},"east":{"uv":[0,0,16,1.5],"rotation":90,"texture":"#0"},"south":{"uv":[0,0,16,1.5],"rotation":90,"texture":"#0"},"west":{"uv":[0,0,16,1.5],"rotation":90,"texture":"#0"},"up":{"uv":[0,0,16,1.5],"rotation":90,"texture":"#0"},"down":{"uv":[0,0,16,1.5],"rotation":90,"texture":"#0"}}},{"from":[7.6,6.3,1],"to":[8.4,16.5,2.1],"rotation":{"angle":0,"axis":"x","origin":[7.99967,9.89086,3.65062]},"faces":{"north":{"uv":[0,0,16,0.5],"rotation":270,"texture":"#0"},"east":{"uv":[0,0,16,8],"rotation":90,"texture":"#0"},"south":{"uv":[0,8,16,16],"rotation":270,"texture":"#0"},"west":{"uv":[0,0,16,8],"rotation":270,"texture":"#0"},"up":{"uv":[0,0,16,8],"texture":"#0"},"down":{"uv":[0,0,16,8],"rotation":180,"texture":"#0"}}},{"from":[7.61,7.18066,0.7973],"to":[8.39,9.18066,6.2973],"rotation":{"angle":-22.5,"axis":"x","origin":[7.99967,9.89086,3.65062]},"faces":{"north":{"uv":[0,8,16,16],"rotation":90,"texture":"#0"},"east":{"uv":[0,8,16,16],"rotation":90,"texture":"#0"},"south":{"uv":[0,8,16,16],"rotation":90,"texture":"#0"},"west":{"uv":[0,8,16,16],"rotation":90,"texture":"#0"},"up":{"uv":[0,8,16,16],"rotation":90,"texture":"#0"},"down":{"uv":[0,8,16,16],"rotation":90,"texture":"#0"}}},{"from":[8.17895,11.35066,8.50535],"to":[8.23895,11.43066,8.60535],"rotation":{"angle":0,"axis":"x","origin":[8.07036,10.69128,8.55499]},"faces":{"north":{"uv":[0,0.06,0.08,0],"rotation":270,"texture":"#0"},"east":{"uv":[0,0.06,0.08,0],"rotation":270,"texture":"#0"},"south":{"uv":[0,0.06,0.08,0],"rotation":270,"texture":"#0"},"west":{"uv":[0,0.06,0.08,0],"rotation":270,"texture":"#0"},"up":{"uv":[0,0.06,0.08,0],"rotation":270,"texture":"#0"},"down":{"uv":[0,0.06,0.08,0],"rotation":270,"texture":"#0"}}},{"from":[7.72037,12.205,8.50535],"to":[7.93037,12.285,8.60535],"rotation":{"angle":0,"axis":"x","origin":[8.07036,10.69128,8.55499]},"faces":{"north":{"uv":[0.21,0,0,0.08],"rotation":180,"texture":"#0"},"east":{"uv":[0.21,0,0,0.08],"rotation":180,"texture":"#0"},"south":{"uv":[0.21,0,0,0.08],"rotation":180,"texture":"#0"},"west":{"uv":[0.21,0,0,0.08],"rotation":180,"texture":"#0"},"up":{"uv":[0.21,0,0,0.08],"rotation":180,"texture":"#0"},"down":{"uv":[0.21,0,0,0.08],"rotation":180,"texture":"#0"}}},{"from":[7.80037,12.335,8.50535],"to":[7.93037,12.415,8.60535],"rotation":{"angle":0,"axis":"x","origin":[8.07036,10.69128,8.55499]},"faces":{"north":{"uv":[0.13,0,0,0.08],"rotation":180,"texture":"#0"},"east":{"uv":[0.13,0,0,0.08],"rotation":180,"texture":"#0"},"south":{"uv":[0.13,0,0,0.08],"rotation":180,"texture":"#0"},"west":{"uv":[0.13,0,0,0.08],"rotation":180,"texture":"#0"},"up":{"uv":[0.13,0,0,0.08],"rotation":180,"texture":"#0"},"down":{"uv":[0.13,0,0,0.08],"rotation":180,"texture":"#0"}}},{"from":[7.92109,11.22041,8.50535],"to":[7.97109,11.31041,8.60535],"rotation":{"angle":-22.5,"axis":"z","origin":[8.07036,10.69128,8.55499]},"faces":{"north":{"uv":[0,0.05,0.09,0],"rotation":270,"texture":"#0"},"east":{"uv":[0,0.05,0.09,0],"rotation":270,"texture":"#0"},"south":{"uv":[0,0.05,0.09,0],"rotation":270,"texture":"#0"},"west":{"uv":[0,0.05,0.09,0],"rotation":270,"texture":"#0"},"up":{"uv":[0,0.05,0.09,0],"rotation":270,"texture":"#0"},"down":{"uv":[0,0.05,0.09,0],"rotation":270,"texture":"#0"}}},{"from":[8.16895,11.29066,8.50535],"to":[8.22895,11.37066,8.60535],"rotation":{"angle":0,"axis":"x","origin":[8.07036,10.69128,8.55499]},"faces":{"north":{"uv":[0,0.06,0.08,0],"rotation":270,"texture":"#0"},"east":{"uv":[0,0.06,0.08,0],"rotation":270,"texture":"#0"},"south":{"uv":[0,0.06,0.08,0],"rotation":270,"texture":"#0"},"west":{"uv":[0,0.06,0.08,0],"rotation":270,"texture":"#0"},"up":{"uv":[0,0.06,0.08,0],"rotation":270,"texture":"#0"},"down":{"uv":[0,0.06,0.08,0],"rotation":270,"texture":"#0"}}},{"from":[8.18895,11.38066,8.50535],"to":[8.25895,11.46066,8.60535],"rotation":{"angle":0,"axis":"x","origin":[8.07036,10.69128,8.55499]},"faces":{"north":{"uv":[0,0.07,0.08,0],"rotation":270,"texture":"#0"},"east":{"uv":[0,0.07,0.08,0],"rotation":270,"texture":"#0"},"south":{"uv":[0,0.07,0.08,0],"rotation":270,"texture":"#0"},"west":{"uv":[0,0.07,0.08,0],"rotation":270,"texture":"#0"},"up":{"uv":[0,0.07,0.08,0],"rotation":270,"texture":"#0"},"down":{"uv":[0,0.07,0.08,0],"rotation":270,"texture":"#0"}}},{"from":[8.19895,11.42066,8.50535],"to":[8.26895,11.50066,8.60535],"rotation":{"angle":0,"axis":"x","origin":[8.07036,10.69128,8.55499]},"faces":{"north":{"uv":[0,0.07,0.08,0],"rotation":270,"texture":"#0"},"east":{"uv":[0,0.07,0.08,0],"rotation":270,"texture":"#0"},"south":{"uv":[0,0.07,0.08,0],"rotation":270,"texture":"#0"},"west":{"uv":[0,0.07,0.08,0],"rotation":270,"texture":"#0"},"up":{"uv":[0,0.07,0.08,0],"rotation":270,"texture":"#0"},"down":{"uv":[0,0.07,0.08,0],"rotation":270,"texture":"#0"}}},{"from":[8.20895,11.45066,8.50535],"to":[8.27895,11.53066,8.60535],"rotation":{"angle":0,"axis":"x","origin":[8.07036,10.69128,8.55499]},"faces":{"north":{"uv":[0,0.07,0.08,0],"rotation":270,"texture":"#0"},"east":{"uv":[0,0.07,0.08,0],"rotation":270,"texture":"#0"},"south":{"uv":[0,0.07,0.08,0],"rotation":270,"texture":"#0"},"west":{"uv":[0,0.07,0.08,0],"rotation":270,"texture":"#0"},"up":{"uv":[0,0.07,0.08,0],"rotation":270,"texture":"#0"},"down":{"uv":[0,0.07,0.08,0],"rotation":270,"texture":"#0"}}},{"from":[8.51352,11.38312,8.50535],"to":[8.59352,11.52312,8.60535],"rotation":{"angle":22.5,"axis":"z","origin":[8.07036,10.69128,8.55499]},"faces":{"north":{"uv":[0,0.08,0.14,0],"rotation":270,"texture":"#0"},"east":{"uv":[0,0.08,0.14,0],"rotation":270,"texture":"#0"},"south":{"uv":[0,0.08,0.14,0],"rotation":270,"texture":"#0"},"west":{"uv":[0,0.08,0.14,0],"rotation":270,"texture":"#0"},"up":{"uv":[0,0.08,0.14,0],"rotation":270,"texture":"#0"},"down":{"uv":[0,0.08,0.14,0],"rotation":270,"texture":"#0"}}},{"from":[7.93537,11.02,8.50535],"to":[8.01537,11.26,8.60535],"rotation":{"angle":0,"axis":"x","origin":[8.07036,10.69128,8.55499]},"faces":{"north":{"uv":[0,0.08,0.24,0],"rotation":270,"texture":"#0"},"east":{"uv":[0,0.08,0.24,0],"rotation":270,"texture":"#0"},"south":{"uv":[0,0.08,0.24,0],"rotation":270,"texture":"#0"},"west":{"uv":[0,0.08,0.24,0],"rotation":270,"texture":"#0"},"up":{"uv":[0,0.08,0.24,0],"rotation":270,"texture":"#0"},"down":{"uv":[0,0.08,0.24,0],"rotation":270,"texture":"#0"}}},{"from":[7.93537,11.28,8.50535],"to":[8.01537,11.57,8.60535],"rotation":{"angle":0,"axis":"x","origin":[8.07036,10.69128,8.55499]},"faces":{"north":{"uv":[0,0.08,0.29,0],"rotation":270,"texture":"#0"},"east":{"uv":[0,0.08,0.29,0],"rotation":270,"texture":"#0"},"south":{"uv":[0,0.08,0.29,0],"rotation":270,"texture":"#0"},"west":{"uv":[0,0.08,0.29,0],"rotation":270,"texture":"#0"},"up":{"uv":[0,0.08,0.29,0],"rotation":270,"texture":"#0"},"down":{"uv":[0,0.08,0.29,0],"rotation":270,"texture":"#0"}}},{"from":[7.73537,11.28,8.50535],"to":[7.81537,11.38,8.60535],"rotation":{"angle":0,"axis":"x","origin":[8.07036,10.69128,8.55499]},"faces":{"north":{"uv":[0,0.08,0.1,0],"rotation":270,"texture":"#0"},"east":{"uv":[0,0.08,0.1,0],"rotation":270,"texture":"#0"},"south":{"uv":[0,0.08,0.1,0],"rotation":270,"texture":"#0"},"west":{"uv":[0,0.08,0.1,0],"rotation":270,"texture":"#0"},"up":{"uv":[0,0.08,0.1,0],"rotation":270,"texture":"#0"},"down":{"uv":[0,0.08,0.1,0],"rotation":270,"texture":"#0"}}},{"from":[7.72537,11.35,8.50535],"to":[7.80537,11.45,8.60535],"rotation":{"angle":0,"axis":"x","origin":[8.07036,10.69128,8.55499]},"faces":{"north":{"uv":[0,0.08,0.1,0],"rotation":270,"texture":"#0"},"east":{"uv":[0,0.08,0.1,0],"rotation":270,"texture":"#0"},"south":{"uv":[0,0.08,0.1,0],"rotation":270,"texture":"#0"},"west":{"uv":[0,0.08,0.1,0],"rotation":270,"texture":"#0"},"up":{"uv":[0,0.08,0.1,0],"rotation":270,"texture":"#0"},"down":{"uv":[0,0.08,0.1,0],"rotation":270,"texture":"#0"}}},{"from":[7.71537,11.47,8.50535],"to":[7.79537,11.57,8.60535],"rotation":{"angle":0,"axis":"x","origin":[8.07036,10.69128,8.55499]},"faces":{"north":{"uv":[0,0.08,0.1,0],"rotation":270,"texture":"#0"},"east":{"uv":[0,0.08,0.1,0],"rotation":270,"texture":"#0"},"south":{"uv":[0,0.08,0.1,0],"rotation":270,"texture":"#0"},"west":{"uv":[0,0.08,0.1,0],"rotation":270,"texture":"#0"},"up":{"uv":[0,0.08,0.1,0],"rotation":270,"texture":"#0"},"down":{"uv":[0,0.08,0.1,0],"rotation":270,"texture":"#0"}}},{"from":[7.70537,11.51,8.50535],"to":[7.78537,11.57,8.60535],"rotation":{"angle":0,"axis":"x","origin":[8.07036,10.69128,8.55499]},"faces":{"north":{"uv":[0,0.08,0.06,0],"rotation":270,"texture":"#0"},"east":{"uv":[0,0.08,0.06,0],"rotation":270,"texture":"#0"},"south":{"uv":[0,0.08,0.06,0],"rotation":270,"texture":"#0"},"west":{"uv":[0,0.08,0.06,0],"rotation":270,"texture":"#0"},"up":{"uv":[0,0.08,0.06,0],"rotation":270,"texture":"#0"},"down":{"uv":[0,0.08,0.06,0],"rotation":270,"texture":"#0"}}},{"from":[7.72037,12.285,8.50535],"to":[7.80037,12.425,8.60535],"rotation":{"angle":0,"axis":"x","origin":[8.07036,10.69128,8.55499]},"faces":{"north":{"uv":[0,0.08,0.14,0],"rotation":270,"texture":"#0"},"east":{"uv":[0,0.08,0.14,0],"rotation":270,"texture":"#0"},"south":{"uv":[0,0.08,0.14,0],"rotation":270,"texture":"#0"},"west":{"uv":[0,0.08,0.14,0],"rotation":270,"texture":"#0"},"up":{"uv":[0,0.08,0.14,0],"rotation":270,"texture":"#0"},"down":{"uv":[0,0.08,0.14,0],"rotation":270,"texture":"#0"}}},{"from":[7.73181,11.85982,8.50535],"to":[7.78181,11.93982,8.60535],"rotation":{"angle":0,"axis":"x","origin":[8.07036,10.69128,8.55499]},"faces":{"north":{"uv":[0,0.05,0.08,0],"rotation":270,"texture":"#0"},"east":{"uv":[0,0.05,0.08,0],"rotation":270,"texture":"#0"},"south":{"uv":[0,0.05,0.08,0],"rotation":270,"texture":"#0"},"west":{"uv":[0,0.05,0.08,0],"rotation":270,"texture":"#0"},"up":{"uv":[0,0.05,0.08,0],"rotation":270,"texture":"#0"},"down":{"uv":[0,0.05,0.08,0],"rotation":270,"texture":"#0"}}},{"from":[8.14945,11.84348,8.50535],"to":[8.25945,11.98348,8.60535],"rotation":{"angle":22.5,"axis":"z","origin":[8.07036,10.69128,8.55499]},"faces":{"north":{"uv":[0,0.11,0.14,0],"rotation":270,"texture":"#0"},"east":{"uv":[0,0.11,0.14,0],"rotation":270,"texture":"#0"},"south":{"uv":[0,0.11,0.14,0],"rotation":270,"texture":"#0"},"west":{"uv":[0,0.11,0.14,0],"rotation":270,"texture":"#0"},"up":{"uv":[0,0.11,0.14,0],"rotation":270,"texture":"#0"},"down":{"uv":[0,0.11,0.14,0],"rotation":270,"texture":"#0"}}},{"from":[9.18996,11.37739,8.50535],"to":[9.26996,11.47739,8.60535],"rotation":{"angle":45,"axis":"z","origin":[8.07036,10.69128,8.55499]},"faces":{"north":{"uv":[0,0.08,0.1,0],"rotation":270,"texture":"#0"},"east":{"uv":[0,0.08,0.1,0],"rotation":270,"texture":"#0"},"south":{"uv":[0,0.08,0.1,0],"rotation":270,"texture":"#0"},"west":{"uv":[0,0.08,0.1,0],"rotation":270,"texture":"#0"},"up":{"uv":[0,0.08,0.1,0],"rotation":270,"texture":"#0"},"down":{"uv":[0,0.08,0.1,0],"rotation":270,"texture":"#0"}}},{"from":[8.27274,12.01539,8.50535],"to":[8.36274,12.09539,8.60535],"rotation":{"angle":0,"axis":"x","origin":[8.07036,10.69128,8.55499]},"faces":{"north":{"uv":[0.09,0,0,0.08],"rotation":180,"texture":"#0"},"east":{"uv":[0.09,0,0,0.08],"rotation":180,"texture":"#0"},"south":{"uv":[0.09,0,0,0.08],"rotation":180,"texture":"#0"},"west":{"uv":[0.09,0,0,0.08],"rotation":180,"texture":"#0"},"up":{"uv":[0.09,0,0,0.08],"rotation":180,"texture":"#0"},"down":{"uv":[0.09,0,0,0.08],"rotation":180,"texture":"#0"}}},{"from":[8.73164,11.68586,8.50535],"to":[8.80164,11.80586,8.60535],"rotation":{"angle":22.5,"axis":"z","origin":[8.07036,10.69128,8.55499]},"faces":{"north":{"uv":[0.07,0,0,0.12],"rotation":180,"texture":"#0"},"east":{"uv":[0.07,0,0,0.12],"rotation":180,"texture":"#0"},"south":{"uv":[0.07,0,0,0.12],"rotation":180,"texture":"#0"},"west":{"uv":[0.07,0,0,0.12],"rotation":180,"texture":"#0"},"up":{"uv":[0.07,0,0,0.12],"rotation":180,"texture":"#0"},"down":{"uv":[0.07,0,0,0.12],"rotation":180,"texture":"#0"}}},{"from":[8.38334,11.70366,8.50535],"to":[8.43334,11.88366,8.60535],"rotation":{"angle":22.5,"axis":"z","origin":[8.07036,10.69128,8.55499]},"faces":{"north":{"uv":[0.05,0,0,0.18],"rotation":180,"texture":"#0"},"east":{"uv":[0.05,0,0,0.18],"rotation":180,"texture":"#0"},"south":{"uv":[0.05,0,0,0.18],"rotation":180,"texture":"#0"},"west":{"uv":[0.05,0,0,0.18],"rotation":180,"texture":"#0"},"up":{"uv":[0.05,0,0,0.18],"rotation":180,"texture":"#0"},"down":{"uv":[0.05,0,0,0.18],"rotation":180,"texture":"#0"}}},{"from":[8.47334,11.76366,8.50535],"to":[8.57334,11.88366,8.60535],"rotation":{"angle":22.5,"axis":"z","origin":[8.07036,10.69128,8.55499]},"faces":{"north":{"uv":[0.1,0,0,0.12],"rotation":180,"texture":"#0"},"east":{"uv":[0.1,0,0,0.12],"rotation":180,"texture":"#0"},"south":{"uv":[0.1,0,0,0.12],"rotation":180,"texture":"#0"},"west":{"uv":[0.1,0,0,0.12],"rotation":180,"texture":"#0"},"up":{"uv":[0.1,0,0,0.12],"rotation":180,"texture":"#0"},"down":{"uv":[0.1,0,0,0.12],"rotation":180,"texture":"#0"}}},{"from":[7.08975,11.63456,8.50535],"to":[7.25975,11.70456,8.60535],"rotation":{"angle":-45,"axis":"z","origin":[8.07036,10.69128,8.55499]},"faces":{"north":{"uv":[0,0.17,0.07,0],"rotation":90,"texture":"#0"},"east":{"uv":[0,0.17,0.07,0],"rotation":90,"texture":"#0"},"south":{"uv":[0,0.17,0.07,0],"rotation":90,"texture":"#0"},"west":{"uv":[0,0.17,0.07,0],"rotation":90,"texture":"#0"},"up":{"uv":[0,0.17,0.07,0],"rotation":90,"texture":"#0"},"down":{"uv":[0,0.17,0.07,0],"rotation":90,"texture":"#0"}}},{"from":[6.97975,11.53456,8.50535],"to":[7.14975,11.58456,8.60535],"rotation":{"angle":-45,"axis":"z","origin":[8.07036,10.69128,8.55499]},"faces":{"north":{"uv":[0,0.17,0.05,0],"rotation":90,"texture":"#0"},"east":{"uv":[0,0.17,0.05,0],"rotation":90,"texture":"#0"},"south":{"uv":[0,0.17,0.05,0],"rotation":90,"texture":"#0"},"west":{"uv":[0,0.17,0.05,0],"rotation":90,"texture":"#0"},"up":{"uv":[0,0.17,0.05,0],"rotation":90,"texture":"#0"},"down":{"uv":[0,0.17,0.05,0],"rotation":90,"texture":"#0"}}},{"from":[8.1806,11.63747,8.50535],"to":[8.2506,11.69747,8.60535],"rotation":{"angle":22.5,"axis":"z","origin":[8.07036,10.69128,8.55499]},"faces":{"north":{"uv":[0.07,0,0,0.06],"rotation":180,"texture":"#0"},"east":{"uv":[0.07,0,0,0.06],"rotation":180,"texture":"#0"},"south":{"uv":[0.07,0,0,0.06],"rotation":180,"texture":"#0"},"west":{"uv":[0.07,0,0,0.06],"rotation":180,"texture":"#0"},"up":{"uv":[0.07,0,0,0.06],"rotation":180,"texture":"#0"},"down":{"uv":[0.07,0,0,0.06],"rotation":180,"texture":"#0"}}},{"from":[8.59313,11.49768,8.50535],"to":[8.66313,11.55768,8.60535],"rotation":{"angle":45,"axis":"z","origin":[8.07036,10.69128,8.55499]},"faces":{"north":{"uv":[0.07,0,0,0.06],"rotation":180,"texture":"#0"},"east":{"uv":[0.07,0,0,0.06],"rotation":180,"texture":"#0"},"south":{"uv":[0.07,0,0,0.06],"rotation":180,"texture":"#0"},"west":{"uv":[0.07,0,0,0.06],"rotation":180,"texture":"#0"},"up":{"uv":[0.07,0,0,0.06],"rotation":180,"texture":"#0"},"down":{"uv":[0.07,0,0,0.06],"rotation":180,"texture":"#0"}}},{"from":[8.64313,11.49768,8.50535],"to":[8.71313,11.57768,8.60535],"rotation":{"angle":45,"axis":"z","origin":[8.07036,10.69128,8.55499]},"faces":{"north":{"uv":[0.07,0,0,0.08],"rotation":180,"texture":"#0"},"east":{"uv":[0.07,0,0,0.08],"rotation":180,"texture":"#0"},"south":{"uv":[0.07,0,0,0.08],"rotation":180,"texture":"#0"},"west":{"uv":[0.07,0,0,0.08],"rotation":180,"texture":"#0"},"up":{"uv":[0.07,0,0,0.08],"rotation":180,"texture":"#0"},"down":{"uv":[0.07,0,0,0.08],"rotation":180,"texture":"#0"}}},{"from":[8.68313,11.48768,8.50535],"to":[8.79313,11.58768,8.60535],"rotation":{"angle":45,"axis":"z","origin":[8.07036,10.69128,8.55499]},"faces":{"north":{"uv":[0.11,0,0,0.1],"rotation":180,"texture":"#0"},"east":{"uv":[0.11,0,0,0.1],"rotation":180,"texture":"#0"},"south":{"uv":[0.11,0,0,0.1],"rotation":180,"texture":"#0"},"west":{"uv":[0.11,0,0,0.1],"rotation":180,"texture":"#0"},"up":{"uv":[0.11,0,0,0.1],"rotation":180,"texture":"#0"},"down":{"uv":[0.11,0,0,0.1],"rotation":180,"texture":"#0"}}},{"from":[6.93975,11.31456,8.50535],"to":[7.07975,11.42456,8.60535],"rotation":{"angle":-45,"axis":"z","origin":[8.07036,10.69128,8.55499]},"faces":{"north":{"uv":[0,0.14,0.11,0],"rotation":90,"texture":"#0"},"east":{"uv":[0,0.14,0.11,0],"rotation":90,"texture":"#0"},"south":{"uv":[0,0.14,0.11,0],"rotation":90,"texture":"#0"},"west":{"uv":[0,0.14,0.11,0],"rotation":90,"texture":"#0"},"up":{"uv":[0,0.14,0.11,0],"rotation":90,"texture":"#0"},"down":{"uv":[0,0.14,0.11,0],"rotation":90,"texture":"#0"}}},{"from":[7.81037,11.915,8.50535],"to":[7.88037,12.065,8.60535],"rotation":{"angle":0,"axis":"x","origin":[8.07036,10.69128,8.55499]},"faces":{"north":{"uv":[0,0.07,0.15,0],"rotation":90,"texture":"#0"},"east":{"uv":[0,0.07,0.15,0],"rotation":90,"texture":"#0"},"south":{"uv":[0,0.07,0.15,0],"rotation":90,"texture":"#0"},"west":{"uv":[0,0.07,0.15,0],"rotation":90,"texture":"#0"},"up":{"uv":[0,0.07,0.15,0],"rotation":90,"texture":"#0"},"down":{"uv":[0,0.07,0.15,0],"rotation":90,"texture":"#0"}}},{"from":[7.19831,11.68234,8.50535],"to":[7.25831,11.76234,8.60535],"rotation":{"angle":-45,"axis":"z","origin":[8.07036,10.69128,8.55499]},"faces":{"north":{"uv":[0,0.06,0.08,0],"rotation":90,"texture":"#0"},"east":{"uv":[0,0.06,0.08,0],"rotation":90,"texture":"#0"},"south":{"uv":[0,0.06,0.08,0],"rotation":90,"texture":"#0"},"west":{"uv":[0,0.06,0.08,0],"rotation":90,"texture":"#0"},"up":{"uv":[0,0.06,0.08,0],"rotation":90,"texture":"#0"},"down":{"uv":[0,0.06,0.08,0],"rotation":90,"texture":"#0"}}},{"from":[7.29023,11.76192,8.50535],"to":[7.37023,11.88192,8.60535],"rotation":{"angle":-22.5,"axis":"z","origin":[8.07036,10.69128,8.55499]},"faces":{"north":{"uv":[0,0.08,0.12,0],"rotation":90,"texture":"#0"},"east":{"uv":[0,0.08,0.12,0],"rotation":90,"texture":"#0"},"south":{"uv":[0,0.08,0.12,0],"rotation":90,"texture":"#0"},"west":{"uv":[0,0.08,0.12,0],"rotation":90,"texture":"#0"},"up":{"uv":[0,0.08,0.12,0],"rotation":90,"texture":"#0"},"down":{"uv":[0,0.08,0.12,0],"rotation":90,"texture":"#0"}}},{"from":[7.84037,12.175,8.50535],"to":[7.93037,12.205,8.60535],"rotation":{"angle":0,"axis":"x","origin":[8.07036,10.69128,8.55499]},"faces":{"north":{"uv":[0,0.09,0.03,0],"rotation":90,"texture":"#0"},"east":{"uv":[0,0.09,0.03,0],"rotation":90,"texture":"#0"},"south":{"uv":[0,0.09,0.03,0],"rotation":90,"texture":"#0"},"west":{"uv":[0,0.09,0.03,0],"rotation":90,"texture":"#0"},"up":{"uv":[0,0.09,0.03,0],"rotation":90,"texture":"#0"},"down":{"uv":[0,0.09,0.03,0],"rotation":90,"texture":"#0"}}},{"from":[7.84037,12.415,8.50535],"to":[7.93037,12.445,8.60535],"rotation":{"angle":0,"axis":"x","origin":[8.07036,10.69128,8.55499]},"faces":{"north":{"uv":[0,0.09,0.03,0],"rotation":90,"texture":"#0"},"east":{"uv":[0,0.09,0.03,0],"rotation":90,"texture":"#0"},"south":{"uv":[0,0.09,0.03,0],"rotation":90,"texture":"#0"},"west":{"uv":[0,0.09,0.03,0],"rotation":90,"texture":"#0"},"up":{"uv":[0,0.09,0.03,0],"rotation":90,"texture":"#0"},"down":{"uv":[0,0.09,0.03,0],"rotation":90,"texture":"#0"}}},{"from":[8.07037,12.205,8.50535],"to":[8.28037,12.285,8.60535],"rotation":{"angle":0,"axis":"x","origin":[8.07036,10.69128,8.55499]},"faces":{"north":{"uv":[0.21,0,0,0.08],"texture":"#0"},"east":{"uv":[0.21,0,0,0.08],"texture":"#0"},"south":{"uv":[0.21,0,0,0.08],"texture":"#0"},"west":{"uv":[0.21,0,0,0.08],"texture":"#0"},"up":{"uv":[0.21,0,0,0.08],"texture":"#0"},"down":{"uv":[0.21,0,0,0.08],"texture":"#0"}}},{"from":[8.07037,12.335,8.50535],"to":[8.20037,12.415,8.60535],"rotation":{"angle":0,"axis":"x","origin":[8.07036,10.69128,8.55499]},"faces":{"north":{"uv":[0.13,0,0,0.08],"texture":"#0"},"east":{"uv":[0.13,0,0,0.08],"texture":"#0"},"south":{"uv":[0.13,0,0,0.08],"texture":"#0"},"west":{"uv":[0.13,0,0,0.08],"texture":"#0"},"up":{"uv":[0.13,0,0,0.08],"texture":"#0"},"down":{"uv":[0.13,0,0,0.08],"texture":"#0"}}},{"from":[8.20037,12.275,8.50535],"to":[8.28037,12.415,8.60535],"rotation":{"angle":0,"axis":"x","origin":[8.07036,10.69128,8.55499]},"faces":{"north":{"uv":[0,0.08,0.14,0],"rotation":270,"texture":"#0"},"east":{"uv":[0,0.08,0.14,0],"rotation":270,"texture":"#0"},"south":{"uv":[0,0.08,0.14,0],"rotation":270,"texture":"#0"},"west":{"uv":[0,0.08,0.14,0],"rotation":270,"texture":"#0"},"up":{"uv":[0,0.08,0.14,0],"rotation":270,"texture":"#0"},"down":{"uv":[0,0.08,0.14,0],"rotation":270,"texture":"#0"}}},{"from":[8.07037,12.175,8.50535],"to":[8.16037,12.205,8.60535],"rotation":{"angle":0,"axis":"x","origin":[8.07036,10.69128,8.55499]},"faces":{"north":{"uv":[0,0.09,0.03,0],"rotation":90,"texture":"#0"},"east":{"uv":[0,0.09,0.03,0],"rotation":90,"texture":"#0"},"south":{"uv":[0,0.09,0.03,0],"rotation":90,"texture":"#0"},"west":{"uv":[0,0.09,0.03,0],"rotation":90,"texture":"#0"},"up":{"uv":[0,0.09,0.03,0],"rotation":90,"texture":"#0"},"down":{"uv":[0,0.09,0.03,0],"rotation":90,"texture":"#0"}}},{"from":[8.07037,12.405,8.50535],"to":[8.16037,12.445,8.60535],"rotation":{"angle":0,"axis":"x","origin":[8.07036,10.69128,8.55499]},"faces":{"north":{"uv":[0,0.09,0.04,0],"rotation":90,"texture":"#0"},"east":{"uv":[0,0.09,0.04,0],"rotation":90,"texture":"#0"},"south":{"uv":[0,0.09,0.04,0],"rotation":90,"texture":"#0"},"west":{"uv":[0,0.09,0.04,0],"rotation":90,"texture":"#0"},"up":{"uv":[0,0.09,0.04,0],"rotation":90,"texture":"#0"},"down":{"uv":[0,0.09,0.04,0],"rotation":90,"texture":"#0"}}},{"from":[8.03537,11.79,8.50535],"to":[8.36537,11.89,8.60535],"rotation":{"angle":0,"axis":"y","origin":[8.07036,10.69128,8.55499]},"faces":{"north":{"uv":[0.33,0,0,0.1],"texture":"#0"},"east":{"uv":[0.33,0,0,0.1],"texture":"#0"},"south":{"uv":[0.33,0,0,0.1],"texture":"#0"},"west":{"uv":[0.33,0,0,0.1],"texture":"#0"},"up":{"uv":[0.33,0,0,0.1],"texture":"#0"},"down":{"uv":[0.33,0,0,0.1],"texture":"#0"}}},{"from":[7.72537,11.38,8.50535],"to":[8.19537,11.47,8.60535],"rotation":{"angle":0,"axis":"y","origin":[8.07036,10.69128,8.55499]},"faces":{"north":{"uv":[0.47,0,0,0.09],"texture":"#0"},"east":{"uv":[0.47,0,0,0.09],"texture":"#0"},"south":{"uv":[0.47,0,0,0.09],"texture":"#0"},"west":{"uv":[0.47,0,0,0.09],"texture":"#0"},"up":{"uv":[0.47,0,0,0.09],"texture":"#0"},"down":{"uv":[0.47,0,0,0.09],"texture":"#0"}}},{"from":[7.70648,11.0299,8.50535],"to":[7.88648,11.0999,8.60535],"rotation":{"angle":22.5,"axis":"z","origin":[8.07036,10.69128,8.55499]},"faces":{"north":{"uv":[0.18,0,0,0.07],"texture":"#0"},"east":{"uv":[0.18,0,0,0.07],"texture":"#0"},"south":{"uv":[0.18,0,0,0.07],"texture":"#0"},"west":{"uv":[0.18,0,0,0.07],"texture":"#0"},"up":{"uv":[0.18,0,0,0.07],"texture":"#0"},"down":{"uv":[0.18,0,0,0.07],"texture":"#0"}}},{"from":[8.03006,11.07449,8.50535],"to":[8.23006,11.14449,8.60535],"rotation":{"angle":45,"axis":"z","origin":[8.07036,10.69128,8.55499]},"faces":{"north":{"uv":[0.2,0,0,0.07],"texture":"#0"},"east":{"uv":[0.2,0,0,0.07],"texture":"#0"},"south":{"uv":[0.2,0,0,0.07],"texture":"#0"},"west":{"uv":[0.2,0,0,0.07],"texture":"#0"},"up":{"uv":[0.2,0,0,0.07],"texture":"#0"},"down":{"uv":[0.2,0,0,0.07],"texture":"#0"}}},{"from":[7.84113,10.52287,8.50535],"to":[7.92113,10.83287,8.60535],"rotation":{"angle":22.5,"axis":"z","origin":[8.07036,10.69128,8.55499]},"faces":{"north":{"uv":[0,0.08,0.31,0],"rotation":90,"texture":"#0"},"east":{"uv":[0,0.08,0.31,0],"rotation":90,"texture":"#0"},"south":{"uv":[0,0.08,0.31,0],"rotation":90,"texture":"#0"},"west":{"uv":[0,0.08,0.31,0],"rotation":90,"texture":"#0"},"up":{"uv":[0,0.08,0.31,0],"rotation":90,"texture":"#0"},"down":{"uv":[0,0.08,0.31,0],"rotation":90,"texture":"#0"}}},{"from":[7.76339,10.76183,8.50535],"to":[7.90339,10.84183,8.50535],"rotation":{"angle":-45,"axis":"z","origin":[8.07036,10.69128,8.55499]},"faces":{"north":{"uv":[0.14,0,0,0.08],"texture":"#0"},"east":{"uv":[0.14,0,0,0.08],"texture":"#0"},"south":{"uv":[0.14,0,0,0.08],"texture":"#0"},"west":{"uv":[0.14,0,0,0.08],"texture":"#0"},"up":{"uv":[0.14,0,0,0.08],"texture":"#0"},"down":{"uv":[0.14,0,0,0.08],"texture":"#0"}}},{"from":[8.33001,10.97101,8.50535],"to":[8.41001,11.07101,8.60535],"rotation":{"angle":0,"axis":"x","origin":[8.07036,10.69128,8.55499]},"faces":{"north":{"uv":[0,0.08,0.1,0],"rotation":270,"texture":"#0"},"east":{"uv":[0,0.08,0.1,0],"rotation":270,"texture":"#0"},"south":{"uv":[0,0.08,0.1,0],"rotation":270,"texture":"#0"},"west":{"uv":[0,0.08,0.1,0],"rotation":270,"texture":"#0"},"up":{"uv":[0,0.08,0.1,0],"rotation":270,"texture":"#0"},"down":{"uv":[0,0.08,0.1,0],"rotation":270,"texture":"#0"}}},{"from":[8.21869,10.78046,8.50535],"to":[8.26869,10.84046,8.60535],"rotation":{"angle":45,"axis":"z","origin":[8.07036,10.69128,8.55499]},"faces":{"north":{"uv":[0,0.05,0.06,0],"rotation":270,"texture":"#0"},"east":{"uv":[0,0.05,0.06,0],"rotation":270,"texture":"#0"},"south":{"uv":[0,0.05,0.06,0],"rotation":270,"texture":"#0"},"west":{"uv":[0,0.05,0.06,0],"rotation":270,"texture":"#0"},"up":{"uv":[0,0.05,0.06,0],"rotation":270,"texture":"#0"},"down":{"uv":[0,0.05,0.06,0],"rotation":270,"texture":"#0"}}},{"from":[8.30355,10.70976,8.50535],"to":[8.36355,10.76976,8.60535],"rotation":{"angle":45,"axis":"z","origin":[8.07036,10.69128,8.55499]},"faces":{"north":{"uv":[0,0.06,0.06,0],"rotation":270,"texture":"#0"},"east":{"uv":[0,0.06,0.06,0],"rotation":270,"texture":"#0"},"south":{"uv":[0,0.06,0.06,0],"rotation":270,"texture":"#0"},"west":{"uv":[0,0.06,0.06,0],"rotation":270,"texture":"#0"},"up":{"uv":[0,0.06,0.06,0],"rotation":270,"texture":"#0"},"down":{"uv":[0,0.06,0.06,0],"rotation":270,"texture":"#0"}}},{"from":[8.33336,10.66502,8.50535],"to":[8.39336,10.72502,8.60535],"rotation":{"angle":45,"axis":"z","origin":[8.07036,10.69128,8.55499]},"faces":{"north":{"uv":[0,0.06,0.06,0],"rotation":270,"texture":"#0"},"east":{"uv":[0,0.06,0.06,0],"rotation":270,"texture":"#0"},"south":{"uv":[0,0.06,0.06,0],"rotation":270,"texture":"#0"},"west":{"uv":[0,0.06,0.06,0],"rotation":270,"texture":"#0"},"up":{"uv":[0,0.06,0.06,0],"rotation":270,"texture":"#0"},"down":{"uv":[0,0.06,0.06,0],"rotation":270,"texture":"#0"}}},{"from":[8.01328,10.02198,8.50535],"to":[8.08328,10.47198,8.60535],"rotation":{"angle":-22.5,"axis":"z","origin":[8.07036,10.69128,8.55499]},"faces":{"north":{"uv":[0,0.07,0.45,0],"rotation":270,"texture":"#0"},"east":{"uv":[0,0.07,0.45,0],"rotation":270,"texture":"#0"},"south":{"uv":[0,0.07,0.45,0],"rotation":270,"texture":"#0"},"west":{"uv":[0,0.07,0.45,0],"rotation":270,"texture":"#0"},"up":{"uv":[0,0.07,0.45,0],"rotation":270,"texture":"#0"},"down":{"uv":[0,0.07,0.45,0],"rotation":270,"texture":"#0"}}},{"from":[7.6718,10.06681,8.50535],"to":[7.8318,10.12681,8.60535],"rotation":{"angle":0,"axis":"x","origin":[8.07036,10.69128,8.55499]},"faces":{"north":{"uv":[0,0.16,0.06,0],"rotation":270,"texture":"#0"},"east":{"uv":[0,0.16,0.06,0],"rotation":270,"texture":"#0"},"south":{"uv":[0,0.16,0.06,0],"rotation":270,"texture":"#0"},"west":{"uv":[0,0.16,0.06,0],"rotation":270,"texture":"#0"},"up":{"uv":[0,0.16,0.06,0],"rotation":270,"texture":"#0"},"down":{"uv":[0,0.16,0.06,0],"rotation":270,"texture":"#0"}}},{"from":[7.6818,10.12681,8.50535],"to":[7.7718,10.22681,8.60535],"rotation":{"angle":0,"axis":"x","origin":[8.07036,10.69128,8.55499]},"faces":{"north":{"uv":[0,0.09,0.1,0],"rotation":270,"texture":"#0"},"east":{"uv":[0,0.09,0.1,0],"rotation":270,"texture":"#0"},"south":{"uv":[0,0.09,0.1,0],"rotation":270,"texture":"#0"},"west":{"uv":[0,0.09,0.1,0],"rotation":270,"texture":"#0"},"up":{"uv":[0,0.09,0.1,0],"rotation":270,"texture":"#0"},"down":{"uv":[0,0.09,0.1,0],"rotation":270,"texture":"#0"}}},{"from":[7.6718,10.12681,8.50535],"to":[7.7718,10.22681,8.60535],"rotation":{"angle":0,"axis":"x","origin":[8.07036,10.69128,8.55499]},"faces":{"north":{"uv":[0,0.1,0.1,0],"rotation":270,"texture":"#0"},"east":{"uv":[0,0.1,0.1,0],"rotation":270,"texture":"#0"},"south":{"uv":[0,0.1,0.1,0],"rotation":270,"texture":"#0"},"west":{"uv":[0,0.1,0.1,0],"rotation":270,"texture":"#0"},"up":{"uv":[0,0.1,0.1,0],"rotation":270,"texture":"#0"},"down":{"uv":[0,0.1,0.1,0],"rotation":270,"texture":"#0"}}},{"from":[7.13751,9.06432,8.50535],"to":[7.17751,9.20432,8.60535],"rotation":{"angle":22.5,"axis":"z","origin":[8.07036,10.69128,8.55499]},"faces":{"north":{"uv":[0,0.04,0.14,0],"rotation":270,"texture":"#0"},"east":{"uv":[0,0.04,0.14,0],"rotation":270,"texture":"#0"},"south":{"uv":[0,0.04,0.14,0],"rotation":270,"texture":"#0"},"west":{"uv":[0,0.04,0.14,0],"rotation":270,"texture":"#0"},"up":{"uv":[0,0.04,0.14,0],"rotation":270,"texture":"#0"},"down":{"uv":[0,0.04,0.14,0],"rotation":270,"texture":"#0"}}},{"from":[7.50678,10.37642,8.50535],"to":[7.61678,10.45642,8.60535],"rotation":{"angle":22.5,"axis":"z","origin":[8.07036,10.69128,8.55499]},"faces":{"north":{"uv":[0,0.11,0.08,0],"rotation":270,"texture":"#0"},"east":{"uv":[0,0.11,0.08,0],"rotation":270,"texture":"#0"},"south":{"uv":[0,0.11,0.08,0],"rotation":270,"texture":"#0"},"west":{"uv":[0,0.11,0.08,0],"rotation":270,"texture":"#0"},"up":{"uv":[0,0.11,0.08,0],"rotation":270,"texture":"#0"},"down":{"uv":[0,0.11,0.08,0],"rotation":270,"texture":"#0"}}},{"from":[8.20739,10.73055,8.50535],"to":[8.25739,10.83055,8.60535],"rotation":{"angle":-22.5,"axis":"z","origin":[8.07036,10.69128,8.55499]},"faces":{"north":{"uv":[0,0.05,0.1,0],"rotation":270,"texture":"#0"},"east":{"uv":[0,0.05,0.1,0],"rotation":270,"texture":"#0"},"south":{"uv":[0,0.05,0.1,0],"rotation":270,"texture":"#0"},"west":{"uv":[0,0.05,0.1,0],"rotation":270,"texture":"#0"},"up":{"uv":[0,0.05,0.1,0],"rotation":270,"texture":"#0"},"down":{"uv":[0,0.05,0.1,0],"rotation":270,"texture":"#0"}}},{"from":[8.52739,10.49055,8.50535],"to":[8.57739,10.64055,8.60535],"rotation":{"angle":-22.5,"axis":"z","origin":[8.07036,10.69128,8.55499]},"faces":{"north":{"uv":[0,0.05,0.15,0],"rotation":270,"texture":"#0"},"east":{"uv":[0,0.05,0.15,0],"rotation":270,"texture":"#0"},"south":{"uv":[0,0.05,0.15,0],"rotation":270,"texture":"#0"},"west":{"uv":[0,0.05,0.15,0],"rotation":270,"texture":"#0"},"up":{"uv":[0,0.05,0.15,0],"rotation":270,"texture":"#0"},"down":{"uv":[0,0.05,0.15,0],"rotation":270,"texture":"#0"}}},{"from":[8.52739,10.44055,8.50535],"to":[8.58739,10.59055,8.60535],"rotation":{"angle":-22.5,"axis":"z","origin":[8.07036,10.69128,8.55499]},"faces":{"north":{"uv":[0,0.06,0.15,0],"rotation":270,"texture":"#0"},"east":{"uv":[0,0.06,0.15,0],"rotation":270,"texture":"#0"},"south":{"uv":[0,0.06,0.15,0],"rotation":270,"texture":"#0"},"west":{"uv":[0,0.06,0.15,0],"rotation":270,"texture":"#0"},"up":{"uv":[0,0.06,0.15,0],"rotation":270,"texture":"#0"},"down":{"uv":[0,0.06,0.15,0],"rotation":270,"texture":"#0"}}},{"from":[8.42294,10.58542,8.50535],"to":[8.50294,10.73542,8.60535],"rotation":{"angle":-45,"axis":"z","origin":[8.07036,10.69128,8.55499]},"faces":{"north":{"uv":[0,0.08,0.15,0],"rotation":270,"texture":"#0"},"east":{"uv":[0,0.08,0.15,0],"rotation":270,"texture":"#0"},"south":{"uv":[0,0.08,0.15,0],"rotation":270,"texture":"#0"},"west":{"uv":[0,0.08,0.15,0],"rotation":270,"texture":"#0"},"up":{"uv":[0,0.08,0.15,0],"rotation":270,"texture":"#0"},"down":{"uv":[0,0.08,0.15,0],"rotation":270,"texture":"#0"}}},{"from":[8.52739,10.41055,8.50535],"to":[8.63739,10.56055,8.60535],"rotation":{"angle":-22.5,"axis":"z","origin":[8.07036,10.69128,8.55499]},"faces":{"north":{"uv":[0,0.11,0.15,0],"rotation":270,"texture":"#0"},"east":{"uv":[0,0.11,0.15,0],"rotation":270,"texture":"#0"},"south":{"uv":[0,0.11,0.15,0],"rotation":270,"texture":"#0"},"west":{"uv":[0,0.11,0.15,0],"rotation":270,"texture":"#0"},"up":{"uv":[0,0.11,0.15,0],"rotation":270,"texture":"#0"},"down":{"uv":[0,0.11,0.15,0],"rotation":270,"texture":"#0"}}},{"from":[8.52739,10.36055,8.50535],"to":[8.64739,10.51055,8.60535],"rotation":{"angle":-22.5,"axis":"z","origin":[8.07036,10.69128,8.55499]},"faces":{"north":{"uv":[0,0.12,0.15,0],"rotation":270,"texture":"#0"},"east":{"uv":[0,0.12,0.15,0],"rotation":270,"texture":"#0"},"south":{"uv":[0,0.12,0.15,0],"rotation":270,"texture":"#0"},"west":{"uv":[0,0.12,0.15,0],"rotation":270,"texture":"#0"},"up":{"uv":[0,0.12,0.15,0],"rotation":270,"texture":"#0"},"down":{"uv":[0,0.12,0.15,0],"rotation":270,"texture":"#0"}}},{"from":[8.51739,10.32055,8.50535],"to":[8.64739,10.47055,8.60535],"rotation":{"angle":-22.5,"axis":"z","origin":[8.07036,10.69128,8.55499]},"faces":{"north":{"uv":[0,0.13,0.15,0],"rotation":270,"texture":"#0"},"east":{"uv":[0,0.13,0.15,0],"rotation":270,"texture":"#0"},"south":{"uv":[0,0.13,0.15,0],"rotation":270,"texture":"#0"},"west":{"uv":[0,0.13,0.15,0],"rotation":270,"texture":"#0"},"up":{"uv":[0,0.13,0.15,0],"rotation":270,"texture":"#0"},"down":{"uv":[0,0.13,0.15,0],"rotation":270,"texture":"#0"}}},{"from":[8.17411,10.76686,8.50535],"to":[8.24411,10.82686,8.60535],"rotation":{"angle":0,"axis":"x","origin":[8.07036,10.69128,8.55499]},"faces":{"north":{"uv":[0,0.07,0.06,0],"rotation":270,"texture":"#0"},"east":{"uv":[0,0.07,0.06,0],"rotation":270,"texture":"#0"},"south":{"uv":[0,0.07,0.06,0],"rotation":270,"texture":"#0"},"west":{"uv":[0,0.07,0.06,0],"rotation":270,"texture":"#0"},"up":{"uv":[0,0.07,0.06,0],"rotation":270,"texture":"#0"},"down":{"uv":[0,0.07,0.06,0],"rotation":270,"texture":"#0"}}},{"from":[8.16411,10.77686,8.50535],"to":[8.23411,10.82686,8.60535],"rotation":{"angle":0,"axis":"x","origin":[8.07036,10.69128,8.55499]},"faces":{"north":{"uv":[0,0.07,0.05,0],"rotation":270,"texture":"#0"},"east":{"uv":[0,0.07,0.05,0],"rotation":270,"texture":"#0"},"south":{"uv":[0,0.07,0.05,0],"rotation":270,"texture":"#0"},"west":{"uv":[0,0.07,0.05,0],"rotation":270,"texture":"#0"},"up":{"uv":[0,0.07,0.05,0],"rotation":270,"texture":"#0"},"down":{"uv":[0,0.07,0.05,0],"rotation":270,"texture":"#0"}}},{"from":[8.19411,10.75686,8.50535],"to":[8.26411,10.82686,8.60535],"rotation":{"angle":0,"axis":"x","origin":[8.07036,10.69128,8.55499]},"faces":{"north":{"uv":[0,0.07,0.07,0],"rotation":270,"texture":"#0"},"east":{"uv":[0,0.07,0.07,0],"rotation":270,"texture":"#0"},"south":{"uv":[0,0.07,0.07,0],"rotation":270,"texture":"#0"},"west":{"uv":[0,0.07,0.07,0],"rotation":270,"texture":"#0"},"up":{"uv":[0,0.07,0.07,0],"rotation":270,"texture":"#0"},"down":{"uv":[0,0.07,0.07,0],"rotation":270,"texture":"#0"}}},{"from":[8.22411,10.74686,8.50535],"to":[8.29411,10.81686,8.60535],"rotation":{"angle":0,"axis":"x","origin":[8.07036,10.69128,8.55499]},"faces":{"north":{"uv":[0,0.07,0.07,0],"rotation":270,"texture":"#0"},"east":{"uv":[0,0.07,0.07,0],"rotation":270,"texture":"#0"},"south":{"uv":[0,0.07,0.07,0],"rotation":270,"texture":"#0"},"west":{"uv":[0,0.07,0.07,0],"rotation":270,"texture":"#0"},"up":{"uv":[0,0.07,0.07,0],"rotation":270,"texture":"#0"},"down":{"uv":[0,0.07,0.07,0],"rotation":270,"texture":"#0"}}},{"from":[8.31123,10.41555,8.50535],"to":[8.41123,10.52555,8.60535],"rotation":{"angle":0,"axis":"x","origin":[8.07036,10.69128,8.55499]},"faces":{"north":{"uv":[0,0.1,0.11,0],"rotation":270,"texture":"#0"},"east":{"uv":[0,0.1,0.11,0],"rotation":270,"texture":"#0"},"south":{"uv":[0,0.1,0.11,0],"rotation":270,"texture":"#0"},"west":{"uv":[0,0.1,0.11,0],"rotation":270,"texture":"#0"},"up":{"uv":[0,0.1,0.11,0],"rotation":270,"texture":"#0"},"down":{"uv":[0,0.1,0.11,0],"rotation":270,"texture":"#0"}}},{"from":[8.35123,10.06555,8.50535],"to":[8.47123,10.17555,8.60535],"rotation":{"angle":0,"axis":"x","origin":[8.07036,10.69128,8.55499]},"faces":{"north":{"uv":[0,0.12,0.11,0],"rotation":270,"texture":"#0"},"east":{"uv":[0,0.12,0.11,0],"rotation":270,"texture":"#0"},"south":{"uv":[0,0.12,0.11,0],"rotation":270,"texture":"#0"},"west":{"uv":[0,0.12,0.11,0],"rotation":270,"texture":"#0"},"up":{"uv":[0,0.12,0.11,0],"rotation":270,"texture":"#0"},"down":{"uv":[0,0.12,0.11,0],"rotation":270,"texture":"#0"}}},{"from":[8.0904,10.0057,8.50535],"to":[8.1504,10.7857,8.60535],"rotation":{"angle":22.5,"axis":"z","origin":[8.07036,10.69128,8.55499]},"faces":{"north":{"uv":[0,0.06,0.78,0],"rotation":270,"texture":"#0"},"east":{"uv":[0,0.06,0.78,0],"rotation":270,"texture":"#0"},"south":{"uv":[0,0.06,0.78,0],"rotation":270,"texture":"#0"},"west":{"uv":[0,0.06,0.78,0],"rotation":270,"texture":"#0"},"up":{"uv":[0,0.06,0.78,0],"rotation":270,"texture":"#0"},"down":{"uv":[0,0.06,0.78,0],"rotation":270,"texture":"#0"}}},{"from":[8.31723,10.88031,8.50535],"to":[8.37723,11.01031,8.60535],"rotation":{"angle":22.5,"axis":"z","origin":[8.07036,10.69128,8.55499]},"faces":{"north":{"uv":[0,0.06,0.13,0],"rotation":270,"texture":"#0"},"east":{"uv":[0,0.06,0.13,0],"rotation":270,"texture":"#0"},"south":{"uv":[0,0.06,0.13,0],"rotation":270,"texture":"#0"},"west":{"uv":[0,0.06,0.13,0],"rotation":270,"texture":"#0"},"up":{"uv":[0,0.06,0.13,0],"rotation":270,"texture":"#0"},"down":{"uv":[0,0.06,0.13,0],"rotation":270,"texture":"#0"}}},{"from":[8.07164,10.23781,8.50535],"to":[8.16164,10.29781,8.60535],"rotation":{"angle":0,"axis":"x","origin":[8.07036,10.69128,8.55499]},"faces":{"north":{"uv":[0.09,0,0,0.06],"rotation":180,"texture":"#0"},"east":{"uv":[0.09,0,0,0.06],"rotation":180,"texture":"#0"},"south":{"uv":[0.09,0,0,0.06],"rotation":180,"texture":"#0"},"west":{"uv":[0.09,0,0,0.06],"rotation":180,"texture":"#0"},"up":{"uv":[0.09,0,0,0.06],"rotation":180,"texture":"#0"},"down":{"uv":[0.09,0,0,0.06],"rotation":180,"texture":"#0"}}},{"from":[8.261,10.30841,8.50535],"to":[8.331,10.40841,8.60535],"rotation":{"angle":-22.5,"axis":"z","origin":[8.07036,10.69128,8.55499]},"faces":{"north":{"uv":[0,0.07,0.1,0],"rotation":270,"texture":"#0"},"east":{"uv":[0,0.07,0.1,0],"rotation":270,"texture":"#0"},"south":{"uv":[0,0.07,0.1,0],"rotation":270,"texture":"#0"},"west":{"uv":[0,0.07,0.1,0],"rotation":270,"texture":"#0"},"up":{"uv":[0,0.07,0.1,0],"rotation":270,"texture":"#0"},"down":{"uv":[0,0.07,0.1,0],"rotation":270,"texture":"#0"}}},{"from":[7.7963,10.30439,8.50535],"to":[7.8663,10.39439,8.60535],"rotation":{"angle":22.5,"axis":"z","origin":[8.07036,10.69128,8.55499]},"faces":{"north":{"uv":[0,0.07,0.09,0],"rotation":270,"texture":"#0"},"east":{"uv":[0,0.07,0.09,0],"rotation":270,"texture":"#0"},"south":{"uv":[0,0.07,0.09,0],"rotation":270,"texture":"#0"},"west":{"uv":[0,0.07,0.09,0],"rotation":270,"texture":"#0"},"up":{"uv":[0,0.07,0.09,0],"rotation":270,"texture":"#0"},"down":{"uv":[0,0.07,0.09,0],"rotation":270,"texture":"#0"}}},{"from":[7.7363,10.66439,8.50535],"to":[7.8063,10.74439,8.60535],"rotation":{"angle":22.5,"axis":"z","origin":[8.07036,10.69128,8.55499]},"faces":{"north":{"uv":[0,0.07,0.08,0],"rotation":270,"texture":"#0"},"east":{"uv":[0,0.07,0.08,0],"rotation":270,"texture":"#0"},"south":{"uv":[0,0.07,0.08,0],"rotation":270,"texture":"#0"},"west":{"uv":[0,0.07,0.08,0],"rotation":270,"texture":"#0"},"up":{"uv":[0,0.07,0.08,0],"rotation":270,"texture":"#0"},"down":{"uv":[0,0.07,0.08,0],"rotation":270,"texture":"#0"}}},{"from":[7.89702,9.66818,8.50535],"to":[7.96702,9.82818,8.60535],"rotation":{"angle":0,"axis":"x","origin":[8.07036,10.69128,8.55499]},"faces":{"north":{"uv":[0.07,0,0,0.16],"texture":"#0"},"east":{"uv":[0.07,0,0,0.16],"texture":"#0"},"south":{"uv":[0.07,0,0,0.16],"texture":"#0"},"west":{"uv":[0.07,0,0,0.16],"texture":"#0"},"up":{"uv":[0.07,0,0,0.16],"texture":"#0"},"down":{"uv":[0.07,0,0,0.16],"texture":"#0"}}},{"from":[8.12702,9.77818,8.50535],"to":[8.34702,9.88818,8.60535],"rotation":{"angle":0,"axis":"x","origin":[8.07036,10.69128,8.55499]},"faces":{"north":{"uv":[0.22,0,0,0.11],"texture":"#0"},"east":{"uv":[0.22,0,0,0.11],"texture":"#0"},"south":{"uv":[0.22,0,0,0.11],"texture":"#0"},"west":{"uv":[0.22,0,0,0.11],"texture":"#0"},"up":{"uv":[0.22,0,0,0.11],"texture":"#0"},"down":{"uv":[0.22,0,0,0.11],"texture":"#0"}}},{"from":[7.65702,9.75818,8.50535],"to":[7.87702,9.82818,8.60535],"rotation":{"angle":0,"axis":"x","origin":[8.07036,10.69128,8.55499]},"faces":{"north":{"uv":[0.22,0,0,0.07],"texture":"#0"},"east":{"uv":[0.22,0,0,0.07],"texture":"#0"},"south":{"uv":[0.22,0,0,0.07],"texture":"#0"},"west":{"uv":[0.22,0,0,0.07],"texture":"#0"},"up":{"uv":[0.22,0,0,0.07],"texture":"#0"},"down":{"uv":[0.22,0,0,0.07],"texture":"#0"}}},{"from":[8.02182,9.72039,8.50535],"to":[8.09182,9.93039,8.60535],"rotation":{"angle":-22.5,"axis":"z","origin":[8.07036,10.69128,8.55499]},"faces":{"north":{"uv":[0,0.07,0.21,0],"rotation":270,"texture":"#0"},"east":{"uv":[0,0.07,0.21,0],"rotation":270,"texture":"#0"},"south":{"uv":[0,0.07,0.21,0],"rotation":270,"texture":"#0"},"west":{"uv":[0,0.07,0.21,0],"rotation":270,"texture":"#0"},"up":{"uv":[0,0.07,0.21,0],"rotation":270,"texture":"#0"},"down":{"uv":[0,0.07,0.21,0],"rotation":270,"texture":"#0"}}},{"from":[7.76672,10.84139,8.50535],"to":[7.84672,10.94139,8.60535],"rotation":{"angle":45,"axis":"z","origin":[8.07036,10.69128,8.55499]},"faces":{"north":{"uv":[0,0.08,0.1,0],"rotation":270,"texture":"#0"},"east":{"uv":[0,0.08,0.1,0],"rotation":270,"texture":"#0"},"south":{"uv":[0,0.08,0.1,0],"rotation":270,"texture":"#0"},"west":{"uv":[0,0.08,0.1,0],"rotation":270,"texture":"#0"},"up":{"uv":[0,0.08,0.1,0],"rotation":270,"texture":"#0"},"down":{"uv":[0,0.08,0.1,0],"rotation":270,"texture":"#0"}}},{"from":[8.41723,10.76031,8.50535],"to":[8.49723,10.86031,8.60535],"rotation":{"angle":22.5,"axis":"z","origin":[8.07036,10.69128,8.55499]},"faces":{"north":{"uv":[0,0.08,0.1,0],"rotation":270,"texture":"#0"},"east":{"uv":[0,0.08,0.1,0],"rotation":270,"texture":"#0"},"south":{"uv":[0,0.08,0.1,0],"rotation":270,"texture":"#0"},"west":{"uv":[0,0.08,0.1,0],"rotation":270,"texture":"#0"},"up":{"uv":[0,0.08,0.1,0],"rotation":270,"texture":"#0"},"down":{"uv":[0,0.08,0.1,0],"rotation":270,"texture":"#0"}}},{"from":[7.81376,10.87394,8.50535],"to":[7.89376,10.97394,8.60535],"rotation":{"angle":-22.5,"axis":"z","origin":[8.07036,10.69128,8.55499]},"faces":{"north":{"uv":[0,0.08,0.1,0],"rotation":270,"texture":"#0"},"east":{"uv":[0,0.08,0.1,0],"rotation":270,"texture":"#0"},"south":{"uv":[0,0.08,0.1,0],"rotation":270,"texture":"#0"},"west":{"uv":[0,0.08,0.1,0],"rotation":270,"texture":"#0"},"up":{"uv":[0,0.08,0.1,0],"rotation":270,"texture":"#0"},"down":{"uv":[0,0.08,0.1,0],"rotation":270,"texture":"#0"}}},{"from":[8.16955,11.12845,8.50535],"to":[8.23955,11.30845,8.60535],"rotation":{"angle":-22.5,"axis":"z","origin":[8.07036,10.69128,8.55499]},"faces":{"north":{"uv":[0,0.07,0.18,0],"rotation":270,"texture":"#0"},"east":{"uv":[0,0.07,0.18,0],"rotation":270,"texture":"#0"},"south":{"uv":[0,0.07,0.18,0],"rotation":270,"texture":"#0"},"west":{"uv":[0,0.07,0.18,0],"rotation":270,"texture":"#0"},"up":{"uv":[0,0.07,0.18,0],"rotation":270,"texture":"#0"},"down":{"uv":[0,0.07,0.18,0],"rotation":270,"texture":"#0"}}},{"from":[7.90812,10.98169,8.50535],"to":[7.97812,11.16169,8.60535],"rotation":{"angle":-22.5,"axis":"z","origin":[8.07036,10.69128,8.55499]},"faces":{"north":{"uv":[0,0.07,0.18,0],"rotation":270,"texture":"#0"},"east":{"uv":[0,0.07,0.18,0],"rotation":270,"texture":"#0"},"south":{"uv":[0,0.07,0.18,0],"rotation":270,"texture":"#0"},"west":{"uv":[0,0.07,0.18,0],"rotation":270,"texture":"#0"},"up":{"uv":[0,0.07,0.18,0],"rotation":270,"texture":"#0"},"down":{"uv":[0,0.07,0.18,0],"rotation":270,"texture":"#0"}}},{"from":[7.70743,10.98548,8.50535],"to":[7.77743,11.16548,8.60535],"rotation":{"angle":-22.5,"axis":"z","origin":[8.07036,10.69128,8.55499]},"faces":{"north":{"uv":[0,0.07,0.18,0],"rotation":270,"texture":"#0"},"east":{"uv":[0,0.07,0.18,0],"rotation":270,"texture":"#0"},"south":{"uv":[0,0.07,0.18,0],"rotation":270,"texture":"#0"},"west":{"uv":[0,0.07,0.18,0],"rotation":270,"texture":"#0"},"up":{"uv":[0,0.07,0.18,0],"rotation":270,"texture":"#0"},"down":{"uv":[0,0.07,0.18,0],"rotation":270,"texture":"#0"}}},{"from":[8.03162,10.98167,8.50535],"to":[8.22162,11.02167,8.60535],"rotation":{"angle":0,"axis":"y","origin":[8.07036,10.69128,8.55499]},"faces":{"north":{"uv":[0.19,0,0,0.04],"texture":"#0"},"east":{"uv":[0.19,0,0,0.04],"texture":"#0"},"south":{"uv":[0.19,0,0,0.04],"texture":"#0"},"west":{"uv":[0.19,0,0,0.04],"texture":"#0"},"up":{"uv":[0.19,0,0,0.04],"texture":"#0"},"down":{"uv":[0.19,0,0,0.04],"texture":"#0"}}},{"from":[8.27832,10.85841,8.50535],"to":[8.43832,10.91841,8.60535],"rotation":{"angle":0,"axis":"x","origin":[8.07036,10.69128,8.55499]},"faces":{"north":{"uv":[0.16,0,0,0.06],"texture":"#0"},"east":{"uv":[0.16,0,0,0.06],"texture":"#0"},"south":{"uv":[0.16,0,0,0.06],"texture":"#0"},"west":{"uv":[0.16,0,0,0.06],"texture":"#0"},"up":{"uv":[0.16,0,0,0.06],"texture":"#0"},"down":{"uv":[0.16,0,0,0.06],"texture":"#0"}}},{"from":[8.15219,10.87923,8.50535],"to":[8.31219,10.94923,8.60535],"rotation":{"angle":0,"axis":"x","origin":[8.07036,10.69128,8.55499]},"faces":{"north":{"uv":[0.16,0,0,0.07],"texture":"#0"},"east":{"uv":[0.16,0,0,0.07],"texture":"#0"},"south":{"uv":[0.16,0,0,0.07],"texture":"#0"},"west":{"uv":[0.16,0,0,0.07],"texture":"#0"},"up":{"uv":[0.16,0,0,0.07],"texture":"#0"},"down":{"uv":[0.16,0,0,0.07],"texture":"#0"}}},{"from":[8.06219,10.86923,8.50535],"to":[8.22219,10.93923,8.60535],"rotation":{"angle":0,"axis":"x","origin":[8.07036,10.69128,8.55499]},"faces":{"north":{"uv":[0.16,0,0,0.07],"texture":"#0"},"east":{"uv":[0.16,0,0,0.07],"texture":"#0"},"south":{"uv":[0.16,0,0,0.07],"texture":"#0"},"west":{"uv":[0.16,0,0,0.07],"texture":"#0"},"up":{"uv":[0.16,0,0,0.07],"texture":"#0"},"down":{"uv":[0.16,0,0,0.07],"texture":"#0"}}},{"from":[8.00219,10.85923,8.50535],"to":[8.11219,10.92923,8.60535],"rotation":{"angle":0,"axis":"x","origin":[8.07036,10.69128,8.55499]},"faces":{"north":{"uv":[0.11,0,0,0.07],"texture":"#0"},"east":{"uv":[0.11,0,0,0.07],"texture":"#0"},"south":{"uv":[0.11,0,0,0.07],"texture":"#0"},"west":{"uv":[0.11,0,0,0.07],"texture":"#0"},"up":{"uv":[0.11,0,0,0.07],"texture":"#0"},"down":{"uv":[0.11,0,0,0.07],"texture":"#0"}}},{"from":[8.12548,10.57229,8.50535],"to":[8.36548,10.64229,8.60535],"rotation":{"angle":22.5,"axis":"z","origin":[8.07036,10.69128,8.55499]},"faces":{"north":{"uv":[0.24,0,0,0.07],"texture":"#0"},"east":{"uv":[0.24,0,0,0.07],"texture":"#0"},"south":{"uv":[0.24,0,0,0.07],"texture":"#0"},"west":{"uv":[0.24,0,0,0.07],"texture":"#0"},"up":{"uv":[0.24,0,0,0.07],"texture":"#0"},"down":{"uv":[0.24,0,0,0.07],"texture":"#0"}}},{"from":[8.49839,10.32863,8.50535],"to":[8.61839,10.35863,8.60535],"rotation":{"angle":-45,"axis":"z","origin":[8.07036,10.69128,8.55499]},"faces":{"north":{"uv":[0.12,0,0,0.03],"texture":"#0"},"east":{"uv":[0.12,0,0,0.03],"texture":"#0"},"south":{"uv":[0.12,0,0,0.03],"texture":"#0"},"west":{"uv":[0.12,0,0,0.03],"texture":"#0"},"up":{"uv":[0.12,0,0,0.03],"texture":"#0"},"down":{"uv":[0.12,0,0,0.03],"texture":"#0"}}},{"from":[7.51869,9.73239,8.50535],"to":[7.61869,9.81239,8.60535],"rotation":{"angle":22.5,"axis":"z","origin":[8.07036,10.69128,8.55499]},"faces":{"north":{"uv":[0.1,0,0,0.08],"texture":"#0"},"east":{"uv":[0.1,0,0,0.08],"texture":"#0"},"south":{"uv":[0.1,0,0,0.08],"texture":"#0"},"west":{"uv":[0.1,0,0,0.08],"texture":"#0"},"up":{"uv":[0.1,0,0,0.08],"texture":"#0"},"down":{"uv":[0.1,0,0,0.08],"texture":"#0"}}},{"from":[8.54659,9.67373,8.50535],"to":[8.61659,9.81373,8.60535],"rotation":{"angle":-45,"axis":"z","origin":[8.07036,10.69128,8.55499]},"faces":{"north":{"uv":[0,0.07,0.14,0],"rotation":270,"texture":"#0"},"east":{"uv":[0,0.07,0.14,0],"rotation":270,"texture":"#0"},"south":{"uv":[0,0.07,0.14,0],"rotation":270,"texture":"#0"},"west":{"uv":[0,0.07,0.14,0],"rotation":270,"texture":"#0"},"up":{"uv":[0,0.07,0.14,0],"rotation":270,"texture":"#0"},"down":{"uv":[0,0.07,0.14,0],"rotation":270,"texture":"#0"}}},{"from":[8.53659,9.71373,8.50535],"to":[8.62659,9.85373,8.60535],"rotation":{"angle":-45,"axis":"z","origin":[8.07036,10.69128,8.55499]},"faces":{"north":{"uv":[0,0.09,0.14,0],"rotation":270,"texture":"#0"},"east":{"uv":[0,0.09,0.14,0],"rotation":270,"texture":"#0"},"south":{"uv":[0,0.09,0.14,0],"rotation":270,"texture":"#0"},"west":{"uv":[0,0.09,0.14,0],"rotation":270,"texture":"#0"},"up":{"uv":[0,0.09,0.14,0],"rotation":270,"texture":"#0"},"down":{"uv":[0,0.09,0.14,0],"rotation":270,"texture":"#0"}}},{"from":[8.56414,9.24358,8.50535],"to":[8.71414,9.31358,8.60535],"rotation":{"angle":-22.5,"axis":"z","origin":[8.07036,10.69128,8.55499]},"faces":{"north":{"uv":[0.15,0,0,0.07],"texture":"#0"},"east":{"uv":[0.15,0,0,0.07],"texture":"#0"},"south":{"uv":[0.15,0,0,0.07],"texture":"#0"},"west":{"uv":[0.15,0,0,0.07],"texture":"#0"},"up":{"uv":[0.15,0,0,0.07],"texture":"#0"},"down":{"uv":[0.15,0,0,0.07],"texture":"#0"}}},{"from":[9.29799,9.3545,8.50535],"to":[9.35799,9.5145,8.60535],"rotation":{"angle":-45,"axis":"z","origin":[8.07036,10.69128,8.55499]},"faces":{"north":{"uv":[0,0.06,0.16,0],"rotation":270,"texture":"#0"},"east":{"uv":[0,0.06,0.16,0],"rotation":270,"texture":"#0"},"south":{"uv":[0,0.06,0.16,0],"rotation":270,"texture":"#0"},"west":{"uv":[0,0.06,0.16,0],"rotation":270,"texture":"#0"},"up":{"uv":[0,0.06,0.16,0],"rotation":270,"texture":"#0"},"down":{"uv":[0,0.06,0.16,0],"rotation":270,"texture":"#0"}}},{"from":[9.29799,9.4245,8.50535],"to":[9.36799,9.5845,8.60535],"rotation":{"angle":-45,"axis":"z","origin":[8.07036,10.69128,8.55499]},"faces":{"north":{"uv":[0,0.07,0.16,0],"rotation":270,"texture":"#0"},"east":{"uv":[0,0.07,0.16,0],"rotation":270,"texture":"#0"},"south":{"uv":[0,0.07,0.16,0],"rotation":270,"texture":"#0"},"west":{"uv":[0,0.07,0.16,0],"rotation":270,"texture":"#0"},"up":{"uv":[0,0.07,0.16,0],"rotation":270,"texture":"#0"},"down":{"uv":[0,0.07,0.16,0],"rotation":270,"texture":"#0"}}},{"from":[8.92799,9.1945,8.50535],"to":[8.99799,9.3545,8.60535],"rotation":{"angle":-45,"axis":"z","origin":[8.07036,10.69128,8.55499]},"faces":{"north":{"uv":[0,0.07,0.16,0],"rotation":270,"texture":"#0"},"east":{"uv":[0,0.07,0.16,0],"rotation":270,"texture":"#0"},"south":{"uv":[0,0.07,0.16,0],"rotation":270,"texture":"#0"},"west":{"uv":[0,0.07,0.16,0],"rotation":270,"texture":"#0"},"up":{"uv":[0,0.07,0.16,0],"rotation":270,"texture":"#0"},"down":{"uv":[0,0.07,0.16,0],"rotation":270,"texture":"#0"}}},{"from":[6.99827,9.1821,8.50535],"to":[7.06827,9.4421,8.60535],"rotation":{"angle":45,"axis":"z","origin":[8.07036,10.69128,8.55499]},"faces":{"north":{"uv":[0,0.07,0.26,0],"rotation":90,"texture":"#0"},"east":{"uv":[0,0.07,0.26,0],"rotation":90,"texture":"#0"},"south":{"uv":[0,0.07,0.26,0],"rotation":90,"texture":"#0"},"west":{"uv":[0,0.07,0.26,0],"rotation":90,"texture":"#0"},"up":{"uv":[0,0.07,0.26,0],"rotation":90,"texture":"#0"},"down":{"uv":[0,0.07,0.26,0],"rotation":90,"texture":"#0"}}},{"from":[7.56584,9.15844,8.50535],"to":[7.63584,9.41844,8.60535],"rotation":{"angle":22.5,"axis":"z","origin":[8.07036,10.69128,8.55499]},"faces":{"north":{"uv":[0,0.07,0.26,0],"rotation":90,"texture":"#0"},"east":{"uv":[0,0.07,0.26,0],"rotation":90,"texture":"#0"},"south":{"uv":[0,0.07,0.26,0],"rotation":90,"texture":"#0"},"west":{"uv":[0,0.07,0.26,0],"rotation":90,"texture":"#0"},"up":{"uv":[0,0.07,0.26,0],"rotation":90,"texture":"#0"},"down":{"uv":[0,0.07,0.26,0],"rotation":90,"texture":"#0"}}},{"from":[7.39584,9.31844,8.50535],"to":[7.46584,9.56844,8.60535],"rotation":{"angle":22.5,"axis":"z","origin":[8.07036,10.69128,8.55499]},"faces":{"north":{"uv":[0,0.07,0.25,0],"rotation":90,"texture":"#0"},"east":{"uv":[0,0.07,0.25,0],"rotation":90,"texture":"#0"},"south":{"uv":[0,0.07,0.25,0],"rotation":90,"texture":"#0"},"west":{"uv":[0,0.07,0.25,0],"rotation":90,"texture":"#0"},"up":{"uv":[0,0.07,0.25,0],"rotation":90,"texture":"#0"},"down":{"uv":[0,0.07,0.25,0],"rotation":90,"texture":"#0"}}},{"from":[8.46027,9.59769,8.50535],"to":[8.56027,9.78769,8.60535],"rotation":{"angle":-22.5,"axis":"z","origin":[8.07036,10.69128,8.55499]},"faces":{"north":{"uv":[0,0.1,0.19,0],"rotation":270,"texture":"#0"},"east":{"uv":[0,0.1,0.19,0],"rotation":270,"texture":"#0"},"south":{"uv":[0,0.1,0.19,0],"rotation":270,"texture":"#0"},"west":{"uv":[0,0.1,0.19,0],"rotation":270,"texture":"#0"},"up":{"uv":[0,0.1,0.19,0],"rotation":270,"texture":"#0"},"down":{"uv":[0,0.1,0.19,0],"rotation":270,"texture":"#0"}}},{"from":[8.46027,9.66769,8.50535],"to":[8.58027,9.85769,8.60535],"rotation":{"angle":-22.5,"axis":"z","origin":[8.07036,10.69128,8.55499]},"faces":{"north":{"uv":[0,0.12,0.19,0],"rotation":270,"texture":"#0"},"east":{"uv":[0,0.12,0.19,0],"rotation":270,"texture":"#0"},"south":{"uv":[0,0.12,0.19,0],"rotation":270,"texture":"#0"},"west":{"uv":[0,0.12,0.19,0],"rotation":270,"texture":"#0"},"up":{"uv":[0,0.12,0.19,0],"rotation":270,"texture":"#0"},"down":{"uv":[0,0.12,0.19,0],"rotation":270,"texture":"#0"}}},{"from":[8.7796,9.16954,8.50535],"to":[8.8496,9.72954,8.60535],"rotation":{"angle":-22.5,"axis":"z","origin":[8.07036,10.69128,8.55499]},"faces":{"north":{"uv":[0,0.07,0.56,0],"rotation":270,"texture":"#0"},"east":{"uv":[0,0.07,0.56,0],"rotation":270,"texture":"#0"},"south":{"uv":[0,0.07,0.56,0],"rotation":270,"texture":"#0"},"west":{"uv":[0,0.07,0.56,0],"rotation":270,"texture":"#0"},"up":{"uv":[0,0.07,0.56,0],"rotation":270,"texture":"#0"},"down":{"uv":[0,0.07,0.56,0],"rotation":270,"texture":"#0"}}},{"from":[8.1573,9.35861,8.50535],"to":[8.2273,9.50861,8.60535],"rotation":{"angle":-22.5,"axis":"z","origin":[8.07036,10.69128,8.55499]},"faces":{"north":{"uv":[0,0.07,0.15,0],"rotation":270,"texture":"#0"},"east":{"uv":[0,0.07,0.15,0],"rotation":270,"texture":"#0"},"south":{"uv":[0,0.07,0.15,0],"rotation":270,"texture":"#0"},"west":{"uv":[0,0.07,0.15,0],"rotation":270,"texture":"#0"},"up":{"uv":[0,0.07,0.15,0],"rotation":270,"texture":"#0"},"down":{"uv":[0,0.07,0.15,0],"rotation":270,"texture":"#0"}}},{"from":[8.34582,9.10126,8.50535],"to":[8.41582,9.43126,8.60535],"rotation":{"angle":-22.5,"axis":"z","origin":[8.07036,10.69128,8.55499]},"faces":{"north":{"uv":[0,0.07,0.33,0],"rotation":270,"texture":"#0"},"east":{"uv":[0,0.07,0.33,0],"rotation":270,"texture":"#0"},"south":{"uv":[0,0.07,0.33,0],"rotation":270,"texture":"#0"},"west":{"uv":[0,0.07,0.33,0],"rotation":270,"texture":"#0"},"up":{"uv":[0,0.07,0.33,0],"rotation":270,"texture":"#0"},"down":{"uv":[0,0.07,0.33,0],"rotation":270,"texture":"#0"}}},{"from":[8.52659,9.79373,8.50535],"to":[8.63659,9.93373,8.60535],"rotation":{"angle":-45,"axis":"z","origin":[8.07036,10.69128,8.55499]},"faces":{"north":{"uv":[0,0.11,0.14,0],"rotation":270,"texture":"#0"},"east":{"uv":[0,0.11,0.14,0],"rotation":270,"texture":"#0"},"south":{"uv":[0,0.11,0.14,0],"rotation":270,"texture":"#0"},"west":{"uv":[0,0.11,0.14,0],"rotation":270,"texture":"#0"},"up":{"uv":[0,0.11,0.14,0],"rotation":270,"texture":"#0"},"down":{"uv":[0,0.11,0.14,0],"rotation":270,"texture":"#0"}}},{"from":[8.47094,9.56836,8.50535],"to":[8.53094,9.70836,8.60535],"rotation":{"angle":0,"axis":"x","origin":[8.07036,10.69128,8.55499]},"faces":{"north":{"uv":[0,0.06,0.14,0],"rotation":270,"texture":"#0"},"east":{"uv":[0,0.06,0.14,0],"rotation":270,"texture":"#0"},"south":{"uv":[0,0.06,0.14,0],"rotation":270,"texture":"#0"},"west":{"uv":[0,0.06,0.14,0],"rotation":270,"texture":"#0"},"up":{"uv":[0,0.06,0.14,0],"rotation":270,"texture":"#0"},"down":{"uv":[0,0.06,0.14,0],"rotation":270,"texture":"#0"}}},{"from":[8.47094,9.52836,8.50535],"to":[8.54094,9.66836,8.60535],"rotation":{"angle":0,"axis":"x","origin":[8.07036,10.69128,8.55499]},"faces":{"north":{"uv":[0,0.07,0.14,0],"rotation":270,"texture":"#0"},"east":{"uv":[0,0.07,0.14,0],"rotation":270,"texture":"#0"},"south":{"uv":[0,0.07,0.14,0],"rotation":270,"texture":"#0"},"west":{"uv":[0,0.07,0.14,0],"rotation":270,"texture":"#0"},"up":{"uv":[0,0.07,0.14,0],"rotation":270,"texture":"#0"},"down":{"uv":[0,0.07,0.14,0],"rotation":270,"texture":"#0"}}},{"from":[8.47094,9.50836,8.50535],"to":[8.55094,9.64836,8.60535],"rotation":{"angle":0,"axis":"x","origin":[8.07036,10.69128,8.55499]},"faces":{"north":{"uv":[0,0.08,0.14,0],"rotation":270,"texture":"#0"},"east":{"uv":[0,0.08,0.14,0],"rotation":270,"texture":"#0"},"south":{"uv":[0,0.08,0.14,0],"rotation":270,"texture":"#0"},"west":{"uv":[0,0.08,0.14,0],"rotation":270,"texture":"#0"},"up":{"uv":[0,0.08,0.14,0],"rotation":270,"texture":"#0"},"down":{"uv":[0,0.08,0.14,0],"rotation":270,"texture":"#0"}}},{"from":[8.29094,9.56836,8.50535],"to":[8.37094,9.82836,8.60535],"rotation":{"angle":0,"axis":"x","origin":[8.07036,10.69128,8.55499]},"faces":{"north":{"uv":[0,0.08,0.26,0],"rotation":270,"texture":"#0"},"east":{"uv":[0,0.08,0.26,0],"rotation":270,"texture":"#0"},"south":{"uv":[0,0.08,0.26,0],"rotation":270,"texture":"#0"},"west":{"uv":[0,0.08,0.26,0],"rotation":270,"texture":"#0"},"up":{"uv":[0,0.08,0.26,0],"rotation":270,"texture":"#0"},"down":{"uv":[0,0.08,0.26,0],"rotation":270,"texture":"#0"}}},{"from":[8.29094,9.65836,8.50535],"to":[8.38094,9.88836,8.60535],"rotation":{"angle":0,"axis":"x","origin":[8.07036,10.69128,8.55499]},"faces":{"north":{"uv":[0,0.09,0.23,0],"rotation":270,"texture":"#0"},"east":{"uv":[0,0.09,0.23,0],"rotation":270,"texture":"#0"},"south":{"uv":[0,0.09,0.23,0],"rotation":270,"texture":"#0"},"west":{"uv":[0,0.09,0.23,0],"rotation":270,"texture":"#0"},"up":{"uv":[0,0.09,0.23,0],"rotation":270,"texture":"#0"},"down":{"uv":[0,0.09,0.23,0],"rotation":270,"texture":"#0"}}},{"from":[8.10094,9.71836,8.50535],"to":[8.22094,9.94836,8.60535],"rotation":{"angle":0,"axis":"x","origin":[8.07036,10.69128,8.55499]},"faces":{"north":{"uv":[0,0.12,0.23,0],"rotation":270,"texture":"#0"},"east":{"uv":[0,0.12,0.23,0],"rotation":270,"texture":"#0"},"south":{"uv":[0,0.12,0.23,0],"rotation":270,"texture":"#0"},"west":{"uv":[0,0.12,0.23,0],"rotation":270,"texture":"#0"},"up":{"uv":[0,0.12,0.23,0],"rotation":270,"texture":"#0"},"down":{"uv":[0,0.12,0.23,0],"rotation":270,"texture":"#0"}}},{"from":[8.18723,9.76382,8.50535],"to":[8.30723,9.95382,8.60535],"rotation":{"angle":-22.5,"axis":"z","origin":[8.07036,10.69128,8.55499]},"faces":{"north":{"uv":[0,0.12,0.19,0],"rotation":270,"texture":"#0"},"east":{"uv":[0,0.12,0.19,0],"rotation":270,"texture":"#0"},"south":{"uv":[0,0.12,0.19,0],"rotation":270,"texture":"#0"},"west":{"uv":[0,0.12,0.19,0],"rotation":270,"texture":"#0"},"up":{"uv":[0,0.12,0.19,0],"rotation":270,"texture":"#0"},"down":{"uv":[0,0.12,0.19,0],"rotation":270,"texture":"#0"}}},{"from":[8.47245,10.36059,8.50535],"to":[8.50245,10.58059,8.60535],"rotation":{"angle":-45,"axis":"z","origin":[8.07036,10.69128,8.55499]},"faces":{"north":{"uv":[0,0.03,0.22,0],"rotation":270,"texture":"#0"},"east":{"uv":[0,0.03,0.22,0],"rotation":270,"texture":"#0"},"south":{"uv":[0,0.03,0.22,0],"rotation":270,"texture":"#0"},"west":{"uv":[0,0.03,0.22,0],"rotation":270,"texture":"#0"},"up":{"uv":[0,0.03,0.22,0],"rotation":270,"texture":"#0"},"down":{"uv":[0,0.03,0.22,0],"rotation":270,"texture":"#0"}}},{"from":[8.40245,10.14059,8.50535],"to":[8.43245,10.26059,8.60535],"rotation":{"angle":-45,"axis":"z","origin":[8.07036,10.69128,8.55499]},"faces":{"north":{"uv":[0,0.03,0.12,0],"rotation":270,"texture":"#0"},"east":{"uv":[0,0.03,0.12,0],"rotation":270,"texture":"#0"},"south":{"uv":[0,0.03,0.12,0],"rotation":270,"texture":"#0"},"west":{"uv":[0,0.03,0.12,0],"rotation":270,"texture":"#0"},"up":{"uv":[0,0.03,0.12,0],"rotation":270,"texture":"#0"},"down":{"uv":[0,0.03,0.12,0],"rotation":270,"texture":"#0"}}},{"from":[7.89912,10.15705,8.50535],"to":[7.92912,10.31705,8.60535],"rotation":{"angle":22.5,"axis":"z","origin":[8.07036,10.69128,8.55499]},"faces":{"north":{"uv":[0,0.03,0.16,0],"rotation":90,"texture":"#0"},"east":{"uv":[0,0.03,0.16,0],"rotation":90,"texture":"#0"},"south":{"uv":[0,0.03,0.16,0],"rotation":90,"texture":"#0"},"west":{"uv":[0,0.03,0.16,0],"rotation":90,"texture":"#0"},"up":{"uv":[0,0.03,0.16,0],"rotation":90,"texture":"#0"},"down":{"uv":[0,0.03,0.16,0],"rotation":90,"texture":"#0"}}},{"from":[8.21007,10.15481,8.50535],"to":[8.24007,10.31481,8.60535],"rotation":{"angle":-22.5,"axis":"z","origin":[8.07036,10.69128,8.55499]},"faces":{"north":{"uv":[0,0.03,0.16,0],"rotation":270,"texture":"#0"},"east":{"uv":[0,0.03,0.16,0],"rotation":270,"texture":"#0"},"south":{"uv":[0,0.03,0.16,0],"rotation":270,"texture":"#0"},"west":{"uv":[0,0.03,0.16,0],"rotation":270,"texture":"#0"},"up":{"uv":[0,0.03,0.16,0],"rotation":270,"texture":"#0"},"down":{"uv":[0,0.03,0.16,0],"rotation":270,"texture":"#0"}}},{"from":[8.05537,10.28,8.50535],"to":[8.08537,10.46,8.60535],"rotation":{"angle":0,"axis":"x","origin":[8.07036,10.69128,8.55499]},"faces":{"north":{"uv":[0,0.03,0.18,0],"rotation":270,"texture":"#0"},"east":{"uv":[0,0.03,0.18,0],"rotation":270,"texture":"#0"},"south":{"uv":[0,0.03,0.18,0],"rotation":270,"texture":"#0"},"west":{"uv":[0,0.03,0.18,0],"rotation":270,"texture":"#0"},"up":{"uv":[0,0.03,0.18,0],"rotation":270,"texture":"#0"},"down":{"uv":[0,0.03,0.18,0],"rotation":270,"texture":"#0"}}},{"from":[7.84037,8.835,8.50535],"to":[7.92037,9.595,8.60535],"rotation":{"angle":0,"axis":"x","origin":[8.07036,10.69128,8.55499]},"faces":{"north":{"uv":[0,0.08,0.76,0],"rotation":90,"texture":"#0"},"east":{"uv":[0,0.08,0.76,0],"rotation":90,"texture":"#0"},"south":{"uv":[0,0.08,0.76,0],"rotation":90,"texture":"#0"},"west":{"uv":[0,0.08,0.76,0],"rotation":90,"texture":"#0"},"up":{"uv":[0,0.08,0.76,0],"rotation":90,"texture":"#0"},"down":{"uv":[0,0.08,0.76,0],"rotation":90,"texture":"#0"}}},{"from":[8.28537,9.5,8.50535],"to":[8.55537,9.58,8.60535],"rotation":{"angle":0,"axis":"y","origin":[8.07036,10.69128,8.55499]},"faces":{"north":{"uv":[0.27,0,0,0.08],"texture":"#0"},"east":{"uv":[0.27,0,0,0.08],"texture":"#0"},"south":{"uv":[0.27,0,0,0.08],"texture":"#0"},"west":{"uv":[0.27,0,0,0.08],"texture":"#0"},"up":{"uv":[0.27,0,0,0.08],"texture":"#0"},"down":{"uv":[0.27,0,0,0.08],"texture":"#0"}}},{"from":[8.21537,9.43,8.50535],"to":[8.41537,9.49,8.60535],"rotation":{"angle":0,"axis":"y","origin":[8.07036,10.69128,8.55499]},"faces":{"north":{"uv":[0.2,0,0,0.06],"texture":"#0"},"east":{"uv":[0.2,0,0,0.06],"texture":"#0"},"south":{"uv":[0.2,0,0,0.06],"texture":"#0"},"west":{"uv":[0.2,0,0,0.06],"texture":"#0"},"up":{"uv":[0.2,0,0,0.06],"texture":"#0"},"down":{"uv":[0.2,0,0,0.06],"texture":"#0"}}},{"from":[8.44537,8.85,8.50535],"to":[8.54537,8.89,8.60535],"rotation":{"angle":0,"axis":"y","origin":[8.07036,10.69128,8.55499]},"faces":{"north":{"uv":[0.1,0,0,0.04],"texture":"#0"},"east":{"uv":[0.1,0,0,0.04],"texture":"#0"},"south":{"uv":[0.1,0,0,0.04],"texture":"#0"},"west":{"uv":[0.1,0,0,0.04],"texture":"#0"},"up":{"uv":[0.1,0,0,0.04],"texture":"#0"},"down":{"uv":[0.1,0,0,0.04],"texture":"#0"}}},{"from":[8.42537,8.85,8.50535],"to":[8.52537,8.91,8.60535],"rotation":{"angle":0,"axis":"y","origin":[8.07036,10.69128,8.55499]},"faces":{"north":{"uv":[0.1,0,0,0.06],"texture":"#0"},"east":{"uv":[0.1,0,0,0.06],"texture":"#0"},"south":{"uv":[0.1,0,0,0.06],"texture":"#0"},"west":{"uv":[0.1,0,0,0.06],"texture":"#0"},"up":{"uv":[0.1,0,0,0.06],"texture":"#0"},"down":{"uv":[0.1,0,0,0.06],"texture":"#0"}}},{"from":[8.37537,8.85,8.50535],"to":[8.47537,8.92,8.60535],"rotation":{"angle":0,"axis":"y","origin":[8.07036,10.69128,8.55499]},"faces":{"north":{"uv":[0.1,0,0,0.07],"texture":"#0"},"east":{"uv":[0.1,0,0,0.07],"texture":"#0"},"south":{"uv":[0.1,0,0,0.07],"texture":"#0"},"west":{"uv":[0.1,0,0,0.07],"texture":"#0"},"up":{"uv":[0.1,0,0,0.07],"texture":"#0"},"down":{"uv":[0.1,0,0,0.07],"texture":"#0"}}},{"from":[8.34537,8.85,8.50535],"to":[8.44537,8.93,8.60535],"rotation":{"angle":0,"axis":"y","origin":[8.07036,10.69128,8.55499]},"faces":{"north":{"uv":[0.1,0,0,0.08],"texture":"#0"},"east":{"uv":[0.1,0,0,0.08],"texture":"#0"},"south":{"uv":[0.1,0,0,0.08],"texture":"#0"},"west":{"uv":[0.1,0,0,0.08],"texture":"#0"},"up":{"uv":[0.1,0,0,0.08],"texture":"#0"},"down":{"uv":[0.1,0,0,0.08],"texture":"#0"}}},{"from":[8.08537,9.4,8.50535],"to":[8.41537,9.48,8.60535],"rotation":{"angle":0,"axis":"y","origin":[8.07036,10.69128,8.55499]},"faces":{"north":{"uv":[0.33,0,0,0.08],"texture":"#0"},"east":{"uv":[0.33,0,0,0.08],"texture":"#0"},"south":{"uv":[0.33,0,0,0.08],"texture":"#0"},"west":{"uv":[0.33,0,0,0.08],"texture":"#0"},"up":{"uv":[0.33,0,0,0.08],"texture":"#0"},"down":{"uv":[0.33,0,0,0.08],"texture":"#0"}}},{"from":[7.70537,9.4,8.50535],"to":[8.04537,9.48,8.60535],"rotation":{"angle":0,"axis":"y","origin":[8.07036,10.69128,8.55499]},"faces":{"north":{"uv":[0.34,0,0,0.08],"texture":"#0"},"east":{"uv":[0.34,0,0,0.08],"texture":"#0"},"south":{"uv":[0.34,0,0,0.08],"texture":"#0"},"west":{"uv":[0.34,0,0,0.08],"texture":"#0"},"up":{"uv":[0.34,0,0,0.08],"texture":"#0"},"down":{"uv":[0.34,0,0,0.08],"texture":"#0"}}},{"from":[7.98537,10.43,8.50535],"to":[8.16537,10.47,8.60535],"rotation":{"angle":0,"axis":"y","origin":[8.07036,10.69128,8.55499]},"faces":{"north":{"uv":[0.18,0,0,0.04],"texture":"#0"},"east":{"uv":[0.18,0,0,0.04],"texture":"#0"},"south":{"uv":[0.18,0,0,0.04],"texture":"#0"},"west":{"uv":[0.18,0,0,0.04],"texture":"#0"},"up":{"uv":[0.18,0,0,0.04],"texture":"#0"},"down":{"uv":[0.18,0,0,0.04],"texture":"#0"}}},{"from":[7.87537,10.61,8.50535],"to":[8.18537,10.68,8.60535],"rotation":{"angle":0,"axis":"y","origin":[8.07036,10.69128,8.55499]},"faces":{"north":{"uv":[0.31,0,0,0.07],"texture":"#0"},"east":{"uv":[0.31,0,0,0.07],"texture":"#0"},"south":{"uv":[0.31,0,0,0.07],"texture":"#0"},"west":{"uv":[0.31,0,0,0.07],"texture":"#0"},"up":{"uv":[0.31,0,0,0.07],"texture":"#0"},"down":{"uv":[0.31,0,0,0.07],"texture":"#0"}}},{"from":[7.75537,11.22,8.50535],"to":[8.18537,11.29,8.60535],"rotation":{"angle":0,"axis":"y","origin":[8.07036,10.69128,8.55499]},"faces":{"north":{"uv":[0.43,0,0,0.07],"texture":"#0"},"east":{"uv":[0.43,0,0,0.07],"texture":"#0"},"south":{"uv":[0.43,0,0,0.07],"texture":"#0"},"west":{"uv":[0.43,0,0,0.07],"texture":"#0"},"up":{"uv":[0.43,0,0,0.07],"texture":"#0"},"down":{"uv":[0.43,0,0,0.07],"texture":"#0"}}},{"from":[7.67537,10.41,8.50535],"to":[7.84537,10.47,8.60535],"rotation":{"angle":0,"axis":"x","origin":[8.07036,10.69128,8.55499]},"faces":{"north":{"uv":[0.17,0,0,0.06],"texture":"#0"},"east":{"uv":[0.17,0,0,0.06],"texture":"#0"},"south":{"uv":[0.17,0,0,0.06],"texture":"#0"},"west":{"uv":[0.17,0,0,0.06],"texture":"#0"},"up":{"uv":[0.17,0,0,0.06],"texture":"#0"},"down":{"uv":[0.17,0,0,0.06],"texture":"#0"}}},{"from":[7.65537,10.43,8.50535],"to":[7.72537,10.48,8.60535],"rotation":{"angle":0,"axis":"y","origin":[8.07036,10.69128,8.55499]},"faces":{"north":{"uv":[0.07,0,0,0.05],"texture":"#0"},"east":{"uv":[0.07,0,0,0.05],"texture":"#0"},"south":{"uv":[0.07,0,0,0.05],"texture":"#0"},"west":{"uv":[0.07,0,0,0.05],"texture":"#0"},"up":{"uv":[0.07,0,0,0.05],"texture":"#0"},"down":{"uv":[0.07,0,0,0.05],"texture":"#0"}}},{"from":[7.63537,10.47,8.50535],"to":[7.72537,10.54,8.60535],"rotation":{"angle":0,"axis":"y","origin":[8.07036,10.69128,8.55499]},"faces":{"north":{"uv":[0.09,0,0,0.07],"texture":"#0"},"east":{"uv":[0.09,0,0,0.07],"texture":"#0"},"south":{"uv":[0.09,0,0,0.07],"texture":"#0"},"west":{"uv":[0.09,0,0,0.07],"texture":"#0"},"up":{"uv":[0.09,0,0,0.07],"texture":"#0"},"down":{"uv":[0.09,0,0,0.07],"texture":"#0"}}},{"from":[7.60537,10.62,8.50535],"to":[7.73537,10.71,8.60535],"rotation":{"angle":0,"axis":"y","origin":[8.07036,10.69128,8.55499]},"faces":{"north":{"uv":[0.13,0,0,0.09],"texture":"#0"},"east":{"uv":[0.13,0,0,0.09],"texture":"#0"},"south":{"uv":[0.13,0,0,0.09],"texture":"#0"},"west":{"uv":[0.13,0,0,0.09],"texture":"#0"},"up":{"uv":[0.13,0,0,0.09],"texture":"#0"},"down":{"uv":[0.13,0,0,0.09],"texture":"#0"}}},{"from":[7.70537,11.57,8.50535],"to":[8.23537,11.66,8.60535],"rotation":{"angle":0,"axis":"y","origin":[8.07036,10.69128,8.55499]},"faces":{"north":{"uv":[0.53,0,0,0.09],"texture":"#0"},"east":{"uv":[0.53,0,0,0.09],"texture":"#0"},"south":{"uv":[0.53,0,0,0.09],"texture":"#0"},"west":{"uv":[0.53,0,0,0.09],"texture":"#0"},"up":{"uv":[0.53,0,0,0.09],"texture":"#0"},"down":{"uv":[0.53,0,0,0.09],"texture":"#0"}}},{"from":[7.63537,12.11,8.50535],"to":[8.37537,12.18,8.60535],"rotation":{"angle":0,"axis":"y","origin":[8.07036,10.69128,8.55499]},"faces":{"north":{"uv":[0.74,0,0,0.07],"texture":"#0"},"east":{"uv":[0.74,0,0,0.07],"texture":"#0"},"south":{"uv":[0.74,0,0,0.07],"texture":"#0"},"west":{"uv":[0.74,0,0,0.07],"texture":"#0"},"up":{"uv":[0.74,0,0,0.07],"texture":"#0"},"down":{"uv":[0.74,0,0,0.07],"texture":"#0"}}},{"from":[7.63537,12.44,8.50535],"to":[8.39537,12.53,8.60535],"rotation":{"angle":0,"axis":"y","origin":[8.07036,10.69128,8.55499]},"faces":{"north":{"uv":[0.76,0,0,0.09],"texture":"#0"},"east":{"uv":[0.76,0,0,0.09],"texture":"#0"},"south":{"uv":[0.76,0,0,0.09],"texture":"#0"},"west":{"uv":[0.76,0,0,0.09],"texture":"#0"},"up":{"uv":[0.76,0,0,0.09],"texture":"#0"},"down":{"uv":[0.76,0,0,0.09],"texture":"#0"}}}],"gui_light":"front","display":{"thirdperson_righthand":{"translation":[0,0.25,1.5],"scale":[1.2,1.2,1.2]},"thirdperson_lefthand":{"translation":[0,4,0],"scale":[1.2,1.2,1.2]},"firstperson_righthand":{"rotation":[-10,0,0],"translation":[6,4.25,-2.25],"scale":[1.2,1.2,1.2]},"firstperson_lefthand":{"rotation":[-10,0,0],"translation":[6,4.25,-2.25],"scale":[1.2,1.2,1.2]},"ground":{"translation":[0,5,0]},"gui":{"rotation":[45,135,0],"translation":[1.5,1,0],"scale":[1.25,1.25,1.25]},"head":{"translation":[0.25,18.75,0],"scale":[1.6,1.6,1.6]},"fixed":{"rotation":[180,-90,180],"translation":[-1.25,0,-0.5],"scale":[2,2,2]}}}