{"credit":"Made by samus2002","texture_size":[64,64],"textures":{"0":"arctic_knight:arctic_knight_texture/frigid_lance","particle":"arctic_knight:arctic_knight_texture/frigid_lance"},"elements":[{"from":[7.3376,-10.1808,7.3376],"to":[8.6624,11.016,8.6624],"rotation":{"angle":0,"axis":"y","origin":[8,7.3728,8]},"faces":{"north":{"uv":[0,6.75,0.5,14.75],"texture":"#0"},"east":{"uv":[0.75,6.75,1.25,14.75],"texture":"#0"},"south":{"uv":[1.5,6.75,2,14.75],"texture":"#0"},"west":{"uv":[2.25,6.75,2.75,14.75],"texture":"#0"},"up":{"uv":[4.5,12,4,11.5],"texture":"#0"},"down":{"uv":[5.25,11.5,4.75,12],"texture":"#0"}}},{"from":[6.6752,13.6656,6.6752],"to":[9.3248,16.9776,9.3248],"rotation":{"angle":0,"axis":"y","origin":[8,7.3728,8]},"faces":{"north":{"uv":[10,8.25,11,9.5],"texture":"#0"},"east":{"uv":[10,8.25,11,9.5],"texture":"#0"},"south":{"uv":[10,8.25,11,9.5],"texture":"#0"},"west":{"uv":[10,8.25,11,9.5],"texture":"#0"},"up":{"uv":[4,11.25,3,10.25],"texture":"#0"},"down":{"uv":[5.25,10.25,4.25,11.25],"texture":"#0"}}},{"from":[7.0064,9.0288,7.0064],"to":[8.9936,13.6656,8.9936],"rotation":{"angle":0,"axis":"y","origin":[8,7.3728,8]},"faces":{"north":{"uv":[6.5,9,7.25,10.75],"texture":"#0"},"east":{"uv":[6.5,9,7.25,10.75],"texture":"#0"},"south":{"uv":[6.5,9,7.25,10.75],"texture":"#0"},"west":{"uv":[6.5,9,7.25,10.75],"texture":"#0"},"up":{"uv":[12,8.5,11.25,7.75],"texture":"#0"},"down":{"uv":[12,8.75,11.25,9.5],"texture":"#0"}}},{"from":[7.0064,-6.2064,7.0064],"to":[8.9936,-3.5568,8.9936],"rotation":{"angle":0,"axis":"y","origin":[8,7.3728,8]},"faces":{"north":{"uv":[5.5,10.25,6.25,11.25],"texture":"#0"},"east":{"uv":[5.5,10.25,6.25,11.25],"texture":"#0"},"south":{"uv":[5.5,10.25,6.25,11.25],"texture":"#0"},"west":{"uv":[5.5,10.25,6.25,11.25],"texture":"#0"},"up":{"uv":[9.5,5,8.75,4.25],"texture":"#0"},"down":{"uv":[11.75,11,11,11.75],"texture":"#0"}}},{"from":[2.3696,-6.2064,8],"to":[7.0064,-3.5568,8],"rotation":{"angle":0,"axis":"y","origin":[8,7.3728,8]},"faces":{"north":{"uv":[8.75,1.75,10.5,2.75],"texture":"#0"},"east":{"uv":[6.5,12.25,6.5,13.25],"texture":"#0"},"south":{"uv":[10.5,1.75,8.75,2.75],"texture":"#0"},"west":{"uv":[6.75,12.25,6.75,13.25],"texture":"#0"},"up":{"uv":[14,7.75,12.25,7.75],"texture":"#0"},"down":{"uv":[14,8,12.25,8],"texture":"#0"}}},{"from":[7.3376,16.9776,7.3376],"to":[8.6624,18.3024,8.6624],"rotation":{"angle":0,"axis":"y","origin":[8,7.3728,8]},"faces":{"north":{"uv":[10,11.5,10.5,12],"texture":"#0"},"east":{"uv":[5.5,11.5,6,12],"texture":"#0"},"south":{"uv":[8.5,11.5,9,12],"texture":"#0"},"west":{"uv":[9.25,11.5,9.75,12],"texture":"#0"},"up":{"uv":[12.25,1.5,11.75,1],"rotation":90,"texture":"#0"},"down":{"uv":[12.25,1.75,11.75,2.25],"rotation":270,"texture":"#0"}}},{"from":[7.0064,18.3024,7.0064],"to":[8.9936,20.952,8.9936],"rotation":{"angle":0,"axis":"y","origin":[8,7.3728,8]},"faces":{"north":{"uv":[11,5.25,11.75,6.25],"texture":"#0"},"east":{"uv":[11,5.25,11.75,6.25],"texture":"#0"},"south":{"uv":[11,5.25,11.75,6.25],"texture":"#0"},"west":{"uv":[11,5.25,11.75,6.25],"texture":"#0"},"up":{"uv":[12.25,0.75,11.5,0],"texture":"#0"},"down":{"uv":[3.75,11.5,3,12.25],"texture":"#0"}}},{"from":[1.7072,7.0416,8],"to":[7.0064,13.6656,8],"rotation":{"angle":0,"axis":"y","origin":[8,7.3728,8]},"faces":{"north":{"uv":[4.5,0,6.5,2.5],"texture":"#0"},"east":{"uv":[8.25,12,8.25,14.5],"texture":"#0"},"south":{"uv":[6.5,0,4.5,2.5],"texture":"#0"},"west":{"uv":[12,10,12,12.5],"texture":"#0"},"up":{"uv":[14.25,3,12.25,3],"texture":"#0"},"down":{"uv":[14.25,3.25,12.25,3.25],"texture":"#0"}}},{"from":[9.04359,17.86154,8],"to":[12.35559,21.83594,8],"rotation":{"angle":22.5,"axis":"z","origin":[8,7.3728,8]},"faces":{"north":{"uv":[3,6.75,4.25,8.25],"texture":"#0"},"east":{"uv":[11.5,12,11.5,13.5],"texture":"#0"},"south":{"uv":[4.25,6.75,3,8.25],"texture":"#0"},"west":{"uv":[11.75,12,11.75,13.5],"texture":"#0"},"up":{"uv":[13.5,4.25,12.25,4.25],"texture":"#0"},"down":{"uv":[13.5,4.5,12.25,4.5],"texture":"#0"}}},{"from":[2.66407,13.82288,8],"to":[7.30087,17.79728,8],"rotation":{"angle":-22.5,"axis":"z","origin":[4.98247,15.81008,8]},"faces":{"north":{"uv":[6.75,0,8.5,1.5],"texture":"#0"},"east":{"uv":[9.5,7,9.5,8.5],"texture":"#0"},"south":{"uv":[8.5,0,6.75,1.5],"texture":"#0"},"west":{"uv":[9.75,7,9.75,8.5],"texture":"#0"},"up":{"uv":[14,3.5,12.25,3.5],"texture":"#0"},"down":{"uv":[14,3.75,12.25,3.75],"texture":"#0"}}},{"from":[8.9936,-6.2064,8],"to":[13.6304,-3.5568,8],"rotation":{"angle":0,"axis":"y","origin":[8,7.3728,8]},"faces":{"north":{"uv":[10.5,1.75,8.75,2.75],"texture":"#0"},"east":{"uv":[6.75,12.25,6.75,13.25],"texture":"#0"},"south":{"uv":[8.75,1.75,10.5,2.75],"texture":"#0"},"west":{"uv":[6.5,12.25,6.5,13.25],"texture":"#0"},"up":{"uv":[12.25,7.75,14,7.75],"texture":"#0"},"down":{"uv":[12.25,8,14,8],"texture":"#0"}}},{"from":[8.9936,7.0416,8],"to":[14.2928,13.6656,8],"rotation":{"angle":0,"axis":"y","origin":[8,7.3728,8]},"faces":{"north":{"uv":[6.5,0,4.5,2.5],"texture":"#0"},"east":{"uv":[12,10,12,12.5],"texture":"#0"},"south":{"uv":[4.5,0,6.5,2.5],"texture":"#0"},"west":{"uv":[8.25,12,8.25,14.5],"texture":"#0"},"up":{"uv":[12.25,3,14.25,3],"texture":"#0"},"down":{"uv":[12.25,3.25,14.25,3.25],"texture":"#0"}}},{"from":[8.69913,13.82288,8],"to":[13.33593,17.79728,8],"rotation":{"angle":22.5,"axis":"z","origin":[11.01753,15.81008,8]},"faces":{"north":{"uv":[8.5,0,6.75,1.5],"texture":"#0"},"east":{"uv":[9.75,7,9.75,8.5],"texture":"#0"},"south":{"uv":[6.75,0,8.5,1.5],"texture":"#0"},"west":{"uv":[9.5,7,9.5,8.5],"texture":"#0"},"up":{"uv":[12.25,3.5,14,3.5],"texture":"#0"},"down":{"uv":[12.25,3.75,14,3.75],"texture":"#0"}}},{"from":[3.64441,17.86154,8],"to":[6.95641,21.83594,8],"rotation":{"angle":-22.5,"axis":"z","origin":[8,7.3728,8]},"faces":{"north":{"uv":[4.25,6.75,3,8.25],"texture":"#0"},"east":{"uv":[11.75,12,11.75,13.5],"texture":"#0"},"south":{"uv":[3,6.75,4.25,8.25],"texture":"#0"},"west":{"uv":[11.5,12,11.5,13.5],"texture":"#0"},"up":{"uv":[12.25,4.25,13.5,4.25],"texture":"#0"},"down":{"uv":[12.25,4.5,13.5,4.5],"texture":"#0"}}},{"from":[5.0192,20.952,8],"to":[10.9808,30.888,8],"rotation":{"angle":0,"axis":"y","origin":[8,7.3728,8]},"faces":{"north":{"uv":[0,0,2.25,3.75],"texture":"#0"},"east":{"uv":[12,3,12,6.75],"texture":"#0"},"south":{"uv":[2.25,0,0,3.75],"texture":"#0"},"west":{"uv":[7.5,12,7.5,15.75],"texture":"#0"},"up":{"uv":[14,7,12,7],"texture":"#0"},"down":{"uv":[14,7.25,12,7.25],"texture":"#0"}}},{"from":[6.0128,-15.48,8],"to":[9.9872,-6.8688,8],"rotation":{"angle":0,"axis":"y","origin":[8,7.3728,8]},"faces":{"north":{"uv":[4.5,5.5,6,8.75],"texture":"#0"},"east":{"uv":[6.25,11.5,6.25,14.75],"texture":"#0"},"south":{"uv":[6,5.5,4.5,8.75],"texture":"#0"},"west":{"uv":[10.75,11.5,10.75,14.75],"texture":"#0"},"up":{"uv":[13.25,2.5,11.75,2.5],"texture":"#0"},"down":{"uv":[13.25,2.75,11.75,2.75],"texture":"#0"}}}],"gui_light":"front","display":{"thirdperson_righthand":{"rotation":[0,-90,0],"translation":[0,4.5,1.75],"scale":[1.5,1.5,1.5]},"thirdperson_lefthand":{"rotation":[0,-90,0],"translation":[0,4.5,1.75],"scale":[1.5,1.5,1.5]},"firstperson_righthand":{"rotation":[0,-90,0],"translation":[7.75,4.5,-6],"scale":[1.5,1.5,1.5]},"firstperson_lefthand":{"rotation":[0,-90,0],"translation":[7.75,4.5,-6],"scale":[1.5,1.5,1.5]},"ground":{"rotation":[90,0,0],"scale":[1.5,1.5,1.5]},"gui":{"rotation":[0,0,-45],"translation":[-0.25,-0.25,0],"scale":[0.45,0.45,0.45]},"fixed":{"rotation":[0,180,-45],"translation":[0,-0.25,0.5],"scale":[0.55,0.55,0.55]}}}