{"credit":"MadewithBlockbench","textures":{"0":"model_senjata:steamsparks_animated_weapon_set/texture","1":"model_senjata:steamsparks_animated_weapon_set/smoke_1","2":"model_senjata:steamsparks_animated_weapon_set/cog_01","3":"model_senjata:steamsparks_animated_weapon_set/lightning_1","particle":"model_senjata:steamsparks_animated_weapon_set/texture"},"elements":[{"from":[7.53526,-5.23034,6.68337],"to":[8.46474,-4.30087,10.41664],"rotation":{"angle":0,"axis":"y","origin":[8,2.43673,8]},"faces":{"north":{"uv":[10.4,9.2,10.8,9.6],"texture":"#0"},"east":{"uv":[8.8,2.4,10.7,2.8],"texture":"#0"},"south":{"uv":[11.6,3.2,12,3.6],"texture":"#0"},"west":{"uv":[8.8,2.8,10.7,3.2],"texture":"#0"},"up":{"uv":[2,10.7,1.6,8.8],"texture":"#0"},"down":{"uv":[2.4,8.8,2,10.7],"texture":"#0"}}},{"from":[7.65609,-6.10608,6.62043],"to":[8.34391,-4.99071,7.30204],"rotation":{"angle":-22.5,"axis":"x","origin":[8,2.43673,8]},"faces":{"north":{"uv":[11.6,8,11.9,8.4],"texture":"#0"},"east":{"uv":[11.6,8.4,11.9,8.8],"texture":"#0"},"south":{"uv":[11.6,8.8,11.9,9.2],"texture":"#0"},"west":{"uv":[11.6,9.2,11.9,9.6],"texture":"#0"},"up":{"uv":[7.9,12.3,7.6,12],"texture":"#0"},"down":{"uv":[12.3,7.6,12,7.9],"texture":"#0"}}},{"from":[7.56625,-6.41591,6.52748],"to":[8.43376,-6.0751,7.39499],"rotation":{"angle":-22.5,"axis":"x","origin":[8,2.43673,8]},"faces":{"north":{"uv":[8,12.4,8.3,12.5],"texture":"#0"},"east":{"uv":[12.4,8,12.7,8.1],"texture":"#0"},"south":{"uv":[8.4,12.4,8.7,12.5],"texture":"#0"},"west":{"uv":[12.4,8.4,12.7,8.5],"texture":"#0"},"up":{"uv":[8.3,12.3,8,12],"texture":"#0"},"down":{"uv":[12.3,8,12,8.3],"texture":"#0"}}},{"from":[7.41133,-5.33152,6.37257],"to":[8.58867,-4.99071,7.5499],"rotation":{"angle":-22.5,"axis":"x","origin":[8,2.43673,8]},"faces":{"north":{"uv":[12.4,5.2,12.9,5.3],"texture":"#0"},"east":{"uv":[5.6,12.4,6.1,12.5],"texture":"#0"},"south":{"uv":[6.4,12.4,6.9,12.5],"texture":"#0"},"west":{"uv":[12.4,6.4,12.9,6.5],"texture":"#0"},"up":{"uv":[3.7,11.3,3.2,10.8],"texture":"#0"},"down":{"uv":[11.3,3.2,10.8,3.7],"texture":"#0"}}},{"from":[8,-4.24104,6.74105],"to":[8,14.50337,10.45895],"rotation":{"angle":0,"axis":"y","origin":[8,2.43673,8]},"faces":{"north":{"uv":[0,0,0,7.5],"texture":"#0"},"east":{"uv":[3.1,0,1.6,7.5],"texture":"#0"},"south":{"uv":[0,0,0,7.5],"texture":"#0"},"west":{"uv":[1.6,0,3.1,7.5],"texture":"#0"},"up":{"uv":[0,1.5,0,0],"texture":"#0"},"down":{"uv":[0,0,0,1.5],"texture":"#0"}}},{"from":[8.80261,-4.61069,8.75895],"to":[8.80261,-1.20262,9.68843],"rotation":{"angle":-22.5,"axis":"y","origin":[8,2.43673,7.75]},"faces":{"north":{"uv":[0,0,0,1.4],"texture":"#0"},"east":{"uv":[8.8,6.4,9.2,7.8],"texture":"#0"},"south":{"uv":[0,0,0,1.4],"texture":"#0"},"west":{"uv":[8,8.8,8.4,10.2],"texture":"#0"},"up":{"uv":[0,0.4,0,0],"texture":"#0"},"down":{"uv":[0,0,0,0.4],"texture":"#0"}}},{"from":[7.19739,-4.61069,8.75895],"to":[7.19739,-1.20262,9.68843],"rotation":{"angle":22.5,"axis":"y","origin":[8,2.43673,7.75]},"faces":{"north":{"uv":[0,0,0,1.4],"texture":"#0"},"east":{"uv":[8.8,3.2,9.2,4.6],"texture":"#0"},"south":{"uv":[0,0,0,1.4],"texture":"#0"},"west":{"uv":[8.8,4.8,9.2,6.2],"texture":"#0"},"up":{"uv":[0,0.4,0,0],"texture":"#0"},"down":{"uv":[0,0,0,0.4],"texture":"#0"}}},{"from":[7.19739,-2.71069,6.91157],"to":[7.19739,0.69738,7.84105],"rotation":{"angle":-22.5,"axis":"y","origin":[8,4.33673,8.85]},"faces":{"north":{"uv":[0,0,0,1.4],"texture":"#0"},"east":{"uv":[9.2,3.2,8.8,4.6],"texture":"#0"},"south":{"uv":[0,0,0,1.4],"texture":"#0"},"west":{"uv":[9.2,4.8,8.8,6.2],"texture":"#0"},"up":{"uv":[0,0,0,0.4],"texture":"#0"},"down":{"uv":[0,0.4,0,0],"texture":"#0"}}},{"from":[8.80261,-2.71069,6.91157],"to":[8.80261,0.69738,7.84105],"rotation":{"angle":22.5,"axis":"y","origin":[8,4.33673,8.85]},"faces":{"north":{"uv":[0,0,0,1.4],"texture":"#0"},"east":{"uv":[9.2,6.4,8.8,7.8],"texture":"#0"},"south":{"uv":[0,0,0,1.4],"texture":"#0"},"west":{"uv":[8.4,8.8,8,10.2],"texture":"#0"},"up":{"uv":[0,0,0,0.4],"texture":"#0"},"down":{"uv":[0,0.4,0,0],"texture":"#0"}}},{"from":[7.64459,-4.61069,6.7607],"to":[7.64459,-1.20262,9.2393],"rotation":{"angle":0,"axis":"y","origin":[8,2.43673,8]},"faces":{"north":{"uv":[0,0,0,1.4],"texture":"#0"},"east":{"uv":[7.2,3.2,8.2,4.6],"texture":"#0"},"south":{"uv":[0,0,0,1.4],"texture":"#0"},"west":{"uv":[7.2,4.8,8.2,6.2],"texture":"#0"},"up":{"uv":[0,1,0,0],"texture":"#0"},"down":{"uv":[0,0,0,1],"texture":"#0"}}},{"from":[8.35541,-4.61069,6.7607],"to":[8.35541,-1.20262,9.2393],"rotation":{"angle":0,"axis":"y","origin":[8,2.43673,8]},"faces":{"north":{"uv":[0,0,0,1.4],"texture":"#0"},"east":{"uv":[7.2,0,8.2,1.4],"texture":"#0"},"south":{"uv":[0,0,0,1.4],"texture":"#0"},"west":{"uv":[7.2,1.6,8.2,3],"texture":"#0"},"up":{"uv":[0,1,0,0],"texture":"#0"},"down":{"uv":[0,0,0,1],"texture":"#0"}}},{"from":[7.9,-1.95349,6.5107],"to":[8.1,1.02511,9.4893],"rotation":{"angle":0,"axis":"y","origin":[8,2.43673,8]},"faces":{"north":{"uv":[0,0,0,1],"rotation":180,"texture":"#2"},"east":{"uv":[0,0,16,16],"rotation":180,"texture":"#2"},"south":{"uv":[0,0,0,1],"rotation":180,"texture":"#2"},"west":{"uv":[16,0,0,16],"rotation":180,"texture":"#2"},"up":{"uv":[0,0,0,1],"texture":"#2"},"down":{"uv":[0,1,0,0],"texture":"#2"}}},{"from":[8,-11.95349,6.5107],"to":[8,-8.97489,9.4893],"rotation":{"angle":0,"axis":"y","origin":[8,2.43673,8]},"faces":{"north":{"uv":[0,0,0,1],"rotation":180,"texture":"#2"},"east":{"uv":[0,0,16,16],"rotation":180,"texture":"#2"},"south":{"uv":[0,0,0,1],"rotation":180,"texture":"#2"},"west":{"uv":[16,0,0,16],"rotation":180,"texture":"#2"},"up":{"uv":[0,0,0,1],"texture":"#2"},"down":{"uv":[0,1,0,0],"texture":"#2"}}},{"from":[8,-8.40349,10.2607],"to":[8,-5.92489,12.7393],"rotation":{"angle":0,"axis":"y","origin":[8,2.43673,8]},"faces":{"north":{"uv":[0,0,0,1],"texture":"#1"},"east":{"uv":[0,16,16,0],"rotation":90,"texture":"#1"},"south":{"uv":[0,1,0,0],"rotation":180,"texture":"#1"},"west":{"uv":[16,16,0,0],"rotation":270,"texture":"#1"},"up":{"uv":[0,1,0,0],"texture":"#1"},"down":{"uv":[0,1,0,0],"rotation":180,"texture":"#1"}}},{"from":[7.85,0.59651,6.6357],"to":[8.15,3.57511,9.3643],"rotation":{"angle":0,"axis":"y","origin":[8,2.43673,8.125]},"faces":{"north":{"uv":[0,1,0,0],"texture":"#3"},"east":{"uv":[0,16,16,0],"rotation":270,"texture":"#3"},"south":{"uv":[0,0,0,1],"rotation":180,"texture":"#3"},"west":{"uv":[16,16,0,0],"rotation":90,"texture":"#3"},"up":{"uv":[0,1,0,0],"rotation":180,"texture":"#3"},"down":{"uv":[0,1,0,0],"texture":"#3"}}},{"from":[7.51203,-5.03779,5.63777],"to":[8.48797,-4.10832,7.49672],"rotation":{"angle":-22.5,"axis":"x","origin":[8,2.43673,8]},"faces":{"north":{"uv":[11.6,3.6,12,4],"texture":"#0"},"east":{"uv":[7.2,6.4,7.9,6.8],"texture":"#0"},"south":{"uv":[4,11.6,4.4,12],"texture":"#0"},"west":{"uv":[10.4,0.8,11.1,1.2],"texture":"#0"},"up":{"uv":[10.8,1.9,10.4,1.2],"texture":"#0"},"down":{"uv":[10.8,4.8,10.4,5.5],"texture":"#0"}}},{"from":[7.51203,-4.71641,6.31949],"to":[8.48797,-2.85746,7.24896],"rotation":{"angle":-22.5,"axis":"x","origin":[8,-3.42025,6.81366]},"faces":{"north":{"uv":[10.8,7.6,10.4,8.3],"rotation":180,"texture":"#0"},"east":{"uv":[10.4,2,11.1,2.4],"rotation":270,"texture":"#0"},"south":{"uv":[10.8,7.5,10.4,6.8],"texture":"#0"},"west":{"uv":[10.4,6.4,11.1,6.8],"rotation":90,"texture":"#0"},"up":{"uv":[11.6,4,12,4.4],"rotation":180,"texture":"#0"},"down":{"uv":[4.4,11.6,4.8,12],"texture":"#0"}}},{"from":[7.67821,-8.94824,7.70145],"to":[8.32179,-5.23034,8.29855],"rotation":{"angle":-45,"axis":"y","origin":[8,2.43673,8]},"faces":{"north":{"uv":[6,9.2,6.3,10.7],"texture":"#0"},"east":{"uv":[6.4,9.2,6.7,10.7],"texture":"#0"},"south":{"uv":[9.2,6.4,9.5,7.9],"texture":"#0"},"west":{"uv":[6.8,9.2,7.1,10.7],"texture":"#0"},"up":{"uv":[6.7,12.3,6.4,12],"texture":"#0"},"down":{"uv":[12.3,6.4,12,6.7],"texture":"#0"}}},{"from":[7.63174,-8.94824,7.65497],"to":[8.36826,-5.23034,8.34503],"rotation":{"angle":-45,"axis":"y","origin":[8,2.43673,8]},"faces":{"north":{"uv":[7.2,9.2,7.5,10.7],"texture":"#0"},"east":{"uv":[7.6,9.2,7.9,10.7],"texture":"#0"},"south":{"uv":[9.2,8,9.5,9.5],"texture":"#0"},"west":{"uv":[9.6,0,9.9,1.5],"texture":"#0"},"up":{"uv":[7.1,12.3,6.8,12],"texture":"#0"},"down":{"uv":[12.3,6.8,12,7.1],"texture":"#0"}}},{"from":[7.51203,-6.50837,7.53526],"to":[8.48797,-6.04363,8.46474],"rotation":{"angle":-45,"axis":"y","origin":[8,2.43673,8]},"faces":{"north":{"uv":[10,12,10.4,12.2],"texture":"#0"},"east":{"uv":[12,10,12.4,10.2],"texture":"#0"},"south":{"uv":[10.4,12,10.8,12.2],"texture":"#0"},"west":{"uv":[12,10.4,12.4,10.6],"texture":"#0"},"up":{"uv":[12,5.2,11.6,4.8],"texture":"#0"},"down":{"uv":[5.6,11.6,5.2,12],"texture":"#0"}}},{"from":[7.51203,-5.59508,7.53526],"to":[8.48797,-5.13034,8.46474],"rotation":{"angle":-45,"axis":"y","origin":[8,2.43673,8]},"faces":{"north":{"uv":[10,12,10.4,12.2],"texture":"#0"},"east":{"uv":[12,10,12.4,10.2],"texture":"#0"},"south":{"uv":[10.4,12,10.8,12.2],"texture":"#0"},"west":{"uv":[12,10.4,12.4,10.6],"texture":"#0"},"up":{"uv":[12,5.2,11.6,4.8],"texture":"#0"},"down":{"uv":[5.6,11.6,5.2,12],"texture":"#0"}}},{"from":[7.51203,-8.4835,7.53526],"to":[8.48797,-8.01877,8.46474],"rotation":{"angle":-45,"axis":"y","origin":[8,2.43673,8]},"faces":{"north":{"uv":[10,12,10.4,12.2],"texture":"#0"},"east":{"uv":[12,10,12.4,10.2],"texture":"#0"},"south":{"uv":[10.4,12,10.8,12.2],"texture":"#0"},"west":{"uv":[12,10.4,12.4,10.6],"texture":"#0"},"up":{"uv":[12,5.2,11.6,4.8],"texture":"#0"},"down":{"uv":[5.6,11.6,5.2,12],"texture":"#0"}}},{"from":[7.51203,-9.39679,7.53526],"to":[8.48797,-8.93206,8.46474],"rotation":{"angle":-45,"axis":"y","origin":[8,2.43673,8]},"faces":{"north":{"uv":[10,12,10.4,12.2],"texture":"#0"},"east":{"uv":[12,10,12.4,10.2],"texture":"#0"},"south":{"uv":[10.4,12,10.8,12.2],"texture":"#0"},"west":{"uv":[12,10.4,12.4,10.6],"texture":"#0"},"up":{"uv":[12,5.2,11.6,4.8],"texture":"#0"},"down":{"uv":[5.6,11.6,5.2,12],"texture":"#0"}}},{"from":[7.30289,-3.3579,12.32295],"to":[8.69711,-1.88623,13.79462],"rotation":{"angle":45,"axis":"x","origin":[8,2.43673,8]},"faces":{"north":{"uv":[9.6,6.4,10.2,7],"texture":"#0"},"east":{"uv":[9.6,7.2,10.2,7.8],"texture":"#0"},"south":{"uv":[9.6,8,10.2,8.6],"texture":"#0"},"west":{"uv":[8.4,9.6,9,10.2],"texture":"#0"},"up":{"uv":[10.2,9.4,9.6,8.8],"texture":"#0"},"down":{"uv":[9.8,9.6,9.2,10.2],"texture":"#0"}}},{"from":[7.76763,-1.45035,13.57326],"to":[8.23237,-0.28851,14.7351],"rotation":{"angle":45,"axis":"x","origin":[8,2.43673,8]},"faces":{"north":{"uv":[12,3.2,12.2,3.7],"texture":"#0"},"east":{"uv":[4.8,10.8,5.3,11.3],"texture":"#0"},"south":{"uv":[3.6,12,3.8,12.5],"texture":"#0"},"west":{"uv":[10.8,4.8,11.3,5.3],"texture":"#0"},"up":{"uv":[4.2,12.5,4,12],"texture":"#0"},"down":{"uv":[12.2,4,12,4.5],"texture":"#0"}}},{"from":[7.66763,-3.65114,6.1196],"to":[8.33237,-2.4893,7.28144],"rotation":{"angle":0,"axis":"x","origin":[8,-3.42025,6.81366]},"faces":{"north":{"uv":[4.4,12,4.6,12.5],"texture":"#0"},"east":{"uv":[5.6,10.8,6.1,11.3],"texture":"#0"},"south":{"uv":[4.8,12,5,12.5],"texture":"#0"},"west":{"uv":[10.8,5.6,11.3,6.1],"texture":"#0"},"up":{"uv":[12.2,5.3,12,4.8],"texture":"#0"},"down":{"uv":[5.4,12,5.2,12.5],"texture":"#0"}}},{"from":[7.42682,-0.05531,7.54301],"to":[8.57318,0.44885,8.45699],"rotation":{"angle":0,"axis":"y","origin":[8,2.43673,8]},"faces":{"north":{"uv":[12,6,12.5,6.2],"rotation":180,"texture":"#0"},"east":{"uv":[1.2,12.4,1.6,12.6],"rotation":180,"texture":"#0"},"south":{"uv":[12,5.6,12.5,5.8],"rotation":180,"texture":"#0"},"west":{"uv":[12.4,1.2,12.8,1.4],"rotation":180,"texture":"#0"},"up":{"uv":[3.7,11.6,3.2,12],"texture":"#0"},"down":{"uv":[12.1,3.2,11.6,2.8],"texture":"#0"}}},{"from":[7.55075,-0.13587,9.41075],"to":[8.44925,1.02597,10.5726],"rotation":{"angle":45,"axis":"x","origin":[8,2.43673,8]},"faces":{"north":{"uv":[11.2,11.2,11.6,11.7],"rotation":180,"texture":"#0"},"east":{"uv":[6.4,10.8,6.9,11.3],"rotation":180,"texture":"#0"},"south":{"uv":[10.8,11.2,11.2,11.7],"rotation":180,"texture":"#0"},"west":{"uv":[10.8,6.8,11.3,7.3],"rotation":180,"texture":"#0"},"up":{"uv":[1.2,11.6,0.8,12.1],"texture":"#0"},"down":{"uv":[12,0.5,11.6,0],"texture":"#0"}}},{"from":[7.30289,-6.72624,15.84621],"to":[8.69711,-5.40949,17.16297],"rotation":{"angle":45,"axis":"x","origin":[8,2.43673,8]},"faces":{"north":{"uv":[5.2,10,5.8,10.5],"texture":"#0"},"east":{"uv":[8,10.4,8.5,10.9],"texture":"#0"},"south":{"uv":[10,5.6,10.6,6.1],"texture":"#0"},"west":{"uv":[10.4,8.4,10.9,8.9],"texture":"#0"},"up":{"uv":[10.6,10.1,10,9.6],"texture":"#0"},"down":{"uv":[11,0,10.4,0.5],"texture":"#0"}}}],"gui_light":"front","display":{"thirdperson_righthand":{"translation":[0,19.25,2],"scale":[1.4,1.4,1.4]},"thirdperson_lefthand":{"translation":[0,19.25,2],"scale":[1.4,1.4,1.4]},"firstperson_righthand":{"translation":[10.25,11.75,-6.25],"scale":[1.06836,1.06836,1.06836]},"firstperson_lefthand":{"translation":[10.25,11.75,-6.25],"scale":[1.06836,1.06836,1.06836]},"ground":{"rotation":[-45,0,0],"translation":[-0.25,14,-6.5]},"gui":{"rotation":[-90,-45,-90],"translation":[4.25,3,0],"scale":[0.75313,0.75313,0.75313]},"head":{"scale":[0,0,0]},"fixed":{"rotation":[-180,-90,-180],"translation":[0,33.5,-2.1],"scale":[3,3,3]}}}