{"credit":"HelloWorldTeam","textures":{"0":"blackflame_skills:blackflame_tornadol/blackflame_tornadol_1","particle":"blackflame_skills:blackflame_tornadol/blackflame_tornadol_1"},"elements":[{"from":[3.50369,0.1088,-2.4976],"to":[12.87329,10.6496,-2.4976],"rotation":{"angle":0,"axis":"y","origin":[7.01729,-5.7472,-6.0112]},"faces":{"north":{"uv":[16,6.125,11.125,10],"texture":"#0"},"east":{"uv":[0,2,0,16],"texture":"#missing"},"south":{"uv":[11.125,6.25,16,9.9],"texture":"#0"},"west":{"uv":[0,2,0,16],"texture":"#missing"},"up":{"uv":[0,6.25,8,6.25],"texture":"#missing"},"down":{"uv":[0,6.25,8,6.25],"texture":"#missing"}}},{"from":[-3.12279,0.1088,4.12888],"to":[-3.12279,10.6496,13.49848],"rotation":{"angle":0,"axis":"y","origin":[-3.12279,2.4512,8.81368]},"faces":{"north":{"uv":[0,0,0,14],"texture":"#missing"},"east":{"uv":[0,6.25,5.25,9.9],"texture":"#0"},"south":{"uv":[0,0,0,14],"texture":"#missing"},"west":{"uv":[5.25,6.25,0,9.75],"texture":"#0"},"up":{"uv":[0,0,8,0],"rotation":90,"texture":"#missing"},"down":{"uv":[0,0,8,0],"rotation":270,"texture":"#missing"}}},{"from":[-4.49459,0.1088,0.8154],"to":[4.87501,10.6496,0.8154],"rotation":{"angle":45,"axis":"y","origin":[0.19021,2.4512,0.8154]},"faces":{"north":{"uv":[11.25,6.25,5.25,9.875],"texture":"#0"},"east":{"uv":[0,0,0,14],"texture":"#missing"},"south":{"uv":[5.25,6.25,11.25,9.9],"texture":"#0"},"west":{"uv":[0,0,0,14],"texture":"#missing"},"up":{"uv":[0,0,8,0],"texture":"#missing"},"down":{"uv":[0,0,8,0],"texture":"#missing"}}},{"from":[11.12499,0.3504,15.1846],"to":[20.49459,10.8912,15.1846],"rotation":{"angle":45,"axis":"y","origin":[15.80979,8.5488,15.1846]},"faces":{"north":{"uv":[5.25,9.9,11.25,6.25],"texture":"#0"},"east":{"uv":[0,14,0,0],"texture":"#missing"},"south":{"uv":[11.25,9.875,5.25,6.25],"texture":"#0"},"west":{"uv":[0,14,0,0],"texture":"#missing"},"up":{"uv":[8,0,0,0],"texture":"#missing"},"down":{"uv":[8,0,0,0],"texture":"#missing"}}},{"from":[19.12279,0.3504,2.50152],"to":[19.12279,10.8912,11.87112],"rotation":{"angle":0,"axis":"y","origin":[19.12279,8.5488,7.18632]},"faces":{"north":{"uv":[0,14,0,0],"texture":"#missing"},"east":{"uv":[5.25,9.75,0,6.25],"texture":"#0"},"south":{"uv":[0,14,0,0],"texture":"#missing"},"west":{"uv":[0,9.9,5.25,6.25],"texture":"#0"},"up":{"uv":[0,0,8,0],"rotation":270,"texture":"#missing"},"down":{"uv":[0,0,8,0],"rotation":90,"texture":"#missing"}}},{"from":[3.12671,0.3504,18.4976],"to":[12.49631,10.8912,18.4976],"rotation":{"angle":0,"axis":"y","origin":[8.98271,16.7472,22.0112]},"faces":{"north":{"uv":[11.125,9.9,16,6.25],"texture":"#0"},"east":{"uv":[0,16,0,2],"texture":"#missing"},"south":{"uv":[16,10,11.125,6.125],"texture":"#0"},"west":{"uv":[0,16,0,2],"texture":"#missing"},"up":{"uv":[8,6.25,0,6.25],"texture":"#missing"},"down":{"uv":[8,6.25,0,6.25],"texture":"#missing"}}},{"from":[-11.24081,8.18496,22.21383],"to":[4.68751,26.10432,22.21383],"rotation":{"angle":-45,"axis":"y","origin":[-3.27665,12.16704,22.21383]},"faces":{"north":{"uv":[11.25,6.25,5.25,9.9],"texture":"#0"},"east":{"uv":[0,0,0,14],"texture":"#missing"},"south":{"uv":[5.25,6.25,11.25,9.875],"texture":"#0"},"west":{"uv":[0,0,0,14],"texture":"#missing"},"up":{"uv":[0,0,8,0],"texture":"#missing"},"down":{"uv":[0,0,8,0],"texture":"#missing"}}},{"from":[-8.90874,8.18496,0.65259],"to":[-8.90874,26.10432,16.58091],"rotation":{"angle":0,"axis":"y","origin":[-8.90874,12.16704,8.61675]},"faces":{"north":{"uv":[0,0,0,14],"texture":"#missing"},"east":{"uv":[5.25,6.25,0,9.9],"texture":"#0"},"south":{"uv":[0,0,0,14],"texture":"#missing"},"west":{"uv":[0,6.25,5.25,9.75],"texture":"#0"},"up":{"uv":[8,0,0,0],"rotation":90,"texture":"#missing"},"down":{"uv":[8,0,0,0],"rotation":270,"texture":"#missing"}}},{"from":[2.35627,8.18496,27.84592],"to":[18.28459,26.10432,27.84592],"rotation":{"angle":0,"axis":"y","origin":[8.32939,-1.77024,33.81904]},"faces":{"north":{"uv":[16,6.25,11.125,9.9],"texture":"#0"},"east":{"uv":[0,2,0,16],"texture":"#missing"},"south":{"uv":[11.125,6.125,16,10],"texture":"#0"},"west":{"uv":[0,2,0,16],"texture":"#missing"},"up":{"uv":[0,6.25,8,6.25],"texture":"#missing"},"down":{"uv":[0,6.25,8,6.25],"texture":"#missing"}}},{"from":[-2.28459,4.89568,-11.84592],"to":[13.64373,22.81504,-11.84592],"rotation":{"angle":0,"axis":"y","origin":[7.67061,32.77024,-17.81904]},"faces":{"north":{"uv":[11.125,10,16,6.125],"texture":"#0"},"east":{"uv":[0,16,0,2],"texture":"#missing"},"south":{"uv":[16,9.9,11.125,6.25],"texture":"#0"},"west":{"uv":[0,16,0,2],"texture":"#missing"},"up":{"uv":[8,6.25,0,6.25],"texture":"#missing"},"down":{"uv":[8,6.25,0,6.25],"texture":"#missing"}}},{"from":[24.90874,4.89568,-0.58091],"to":[24.90874,22.81504,15.34741],"rotation":{"angle":0,"axis":"y","origin":[24.90874,18.83296,7.38325]},"faces":{"north":{"uv":[0,14,0,0],"texture":"#missing"},"east":{"uv":[0,9.75,5.25,6.25],"texture":"#0"},"south":{"uv":[0,14,0,0],"texture":"#missing"},"west":{"uv":[5.25,9.9,0,6.25],"texture":"#0"},"up":{"uv":[8,0,0,0],"rotation":270,"texture":"#missing"},"down":{"uv":[8,0,0,0],"rotation":90,"texture":"#missing"}}},{"from":[11.31249,4.89568,-6.21383],"to":[27.24081,22.81504,-6.21383],"rotation":{"angle":-45,"axis":"y","origin":[19.27665,18.83296,-6.21383]},"faces":{"north":{"uv":[5.25,9.875,11.25,6.25],"texture":"#0"},"east":{"uv":[0,14,0,0],"texture":"#missing"},"south":{"uv":[11.25,9.9,5.25,6.25],"texture":"#0"},"west":{"uv":[0,14,0,0],"texture":"#missing"},"up":{"uv":[8,0,0,0],"texture":"#missing"},"down":{"uv":[8,0,0,0],"texture":"#missing"}}}],"gui_light":"front","display":{"thirdperson_righthand":{"rotation":[90,0,0],"translation":[-6,-2,13.5],"scale":[3.2,3.32,3.2]},"thirdperson_lefthand":{"rotation":[90,-90,0],"translation":[-6,-2,13.5],"scale":[3.2,3.32,3.2]},"gui":{"scale":[0.27,0.27,0.27]},"head":{"translation":[0,-12,0],"scale":[4,4,4]}}}