{"credit":"131010 / 73007WXF0BJJS2Z0U4ORUA2","textures":{"0":"chaos_skills:skill4_the_terminal_magic/skill4_the_terminal_magic_1","particle":"chaos_skills:skill4_the_terminal_magic/skill4_the_terminal_magic_1"},"elements":[{"from":[-16,11,-16],"to":[32,11,32],"rotation":{"angle":0,"axis":"y","origin":[0,11,0]},"faces":{"north":{"uv":[0,0,16,0],"rotation":180,"texture":"#0"},"east":{"uv":[0,0,0,16],"rotation":270,"texture":"#0"},"south":{"uv":[0,0,16,0],"texture":"#0"},"west":{"uv":[0,0,0,16],"rotation":90,"texture":"#0"},"up":{"uv":[1.375,1.5,14.625,14.5],"rotation":180,"texture":"#0"},"down":{"uv":[1.375,1.5,14.625,14.5],"texture":"#0"}}}],"display":{"thirdperson_righthand":{"rotation":[90,0,0],"translation":[-6,-2,-17],"scale":[4,2.04,4]},"gui":{"scale":[0.32,0.32,0.32]},"head":{"translation":[0,-42.75,0],"scale":[4,0.63,4]}}}