{"credit":"MythicMMC Team","textures":{"0":"chaos_skills:skill3_destruction_orb_hit/skill3_destruction_orb_hit_3","particle":"chaos_skills:skill3_destruction_orb_hit/skill3_destruction_orb_hit_3"},"elements":[{"from":[-7,-16,8],"to":[23,24,8],"rotation":{"angle":-45,"axis":"y","origin":[8,4,8]},"faces":{"north":{"uv":[1.5,1.625,14.25,13.5],"texture":"#0"},"east":{"uv":[0,0,0,16],"texture":"#missing"},"south":{"uv":[14.25,1.625,1.5,13.5],"texture":"#0"},"west":{"uv":[0,0,0,16],"texture":"#missing"},"up":{"uv":[0,0,16,0],"texture":"#missing"},"down":{"uv":[0,0,16,0],"texture":"#missing"}}},{"from":[-5,-16,8],"to":[21,18,8],"rotation":{"angle":45,"axis":"y","origin":[8,4,8]},"faces":{"north":{"uv":[1.5,1.625,14.25,13.5],"texture":"#0"},"east":{"uv":[0,0,0,16],"texture":"#missing"},"south":{"uv":[14.25,1.625,1.5,13.5],"texture":"#0"},"west":{"uv":[0,0,0,16],"texture":"#missing"},"up":{"uv":[0,0,16,0],"texture":"#missing"},"down":{"uv":[0,0,16,0],"texture":"#missing"}}}],"gui_light":"front","display":{"thirdperson_righthand":{"rotation":[90,0,0],"translation":[-6,-2,18.75],"scale":[4,1.3,4]},"gui":{"scale":[0.3,0.3,0.3]},"head":{"translation":[0,26,0],"scale":[3.01,3.01,3.01]}}}