{"credit":"Made by SirValeron","texture_size":[128,128],"textures":{"0":"emberedweaponry2:emberedweaponry2/frayedblade_texture","1":"emberedweaponry2:emberedweaponry2/frayedblade_animated_texture","particle":"emberedweaponry2:emberedweaponry2/frayedblade_texture"},"elements":[{"from":[6.5,-16,6.5],"to":[8.5,-5.5,8.5],"rotation":{"angle":-45,"axis":"y","origin":[7.5,1,7.5]},"faces":{"north":{"uv":[3.25,6.125,3.5,7.5],"texture":"#0"},"east":{"uv":[3.5,6.125,3.25,7.5],"texture":"#0"},"south":{"uv":[4.625,6.125,4.375,7.5],"texture":"#0"},"west":{"uv":[4.375,6.125,4.625,7.5],"texture":"#0"},"up":{"uv":[6.75,6.375,6.5,6.125],"texture":"#0"},"down":{"uv":[6.75,6.5,6.5,6.75],"texture":"#0"}}},{"from":[5,-6,4.25],"to":[11,-5,10.25],"rotation":{"angle":-45,"axis":"y","origin":[7.5,-5,6.75]},"faces":{"north":{"uv":[4.75,6.125,5.5,6.25],"texture":"#0"},"east":{"uv":[5.5,6.125,4.75,6.25],"texture":"#0"},"south":{"uv":[6.375,6.375,5.625,6.5],"texture":"#0"},"west":{"uv":[5.625,6.375,6.375,6.5],"texture":"#0"},"up":{"uv":[1.75,6.875,1,6.125],"texture":"#0"},"down":{"uv":[2.625,6.125,1.875,6.875],"texture":"#0"}}},{"from":[6,-6,7],"to":[9,20,8],"rotation":{"angle":0,"axis":"y","origin":[8.5,12.5,7.5]},"faces":{"north":{"uv":[7.5,6,8.25,12.5],"texture":"#1"},"east":{"uv":[7.5,6,7.75,12.5],"texture":"#1"},"south":{"uv":[8.25,6,7.5,12.5],"texture":"#1"},"west":{"uv":[8,6,8.25,12.5],"texture":"#1"},"up":{"uv":[8.25,6.25,7.5,6],"texture":"#1"},"down":{"uv":[5.625,6.625,5.25,6.75],"texture":"#missing"}}},{"from":[-12,-5,7.5],"to":[31,32,7.5],"rotation":{"angle":0,"axis":"y","origin":[12,-5,5.5]},"faces":{"north":{"uv":[2,3,12.75,12.25],"texture":"#1"},"east":{"uv":[0,0,0,4.625],"texture":"#missing"},"south":{"uv":[12.75,3,2,12.25],"texture":"#1"},"west":{"uv":[0,0,0,4.625],"texture":"#missing"},"up":{"uv":[0,0,5.375,0],"texture":"#missing"},"down":{"uv":[0,0,5.375,0],"texture":"#missing"}}}],"gui_light":"front","display":{"thirdperson_righthand":{"rotation":[0,-90,0],"translation":[-0.25,13,2.25],"scale":[0.9,0.9,0.9]},"thirdperson_lefthand":{"rotation":[0,90,0],"translation":[0.5,13,2.25],"scale":[0.9,0.9,0.9]},"firstperson_righthand":{"rotation":[179.36,-87,-176.55],"translation":[3,7,-0.25],"scale":[0.6,0.6,0.6]},"firstperson_lefthand":{"rotation":[-100.05,87.65,106.41],"translation":[3,6.75,0.25],"scale":[0.6,0.6,0.6]},"ground":{"rotation":[22.14,-5.6,62.97],"translation":[0,2.5,2],"scale":[0.3,0.3,0.3]},"gui":{"rotation":[0,0,45],"translation":[-0.5,0,0],"scale":[0.4,0.4,0.4]},"head":{"translation":[0,27.25,0]},"fixed":{"rotation":[1.1,-1.06,45],"translation":[0,-0.25,0],"scale":[0.5,0.5,0.5]}}}