{"credit":"Made by SirValeron","texture_size":[128,128],"textures":{"0":"emberedweaponry2:emberedweaponry2/irithyllblade_texture","2":"emberedweaponry2:emberedweaponry2/irithyllblade_animated_texture","particle":"emberedweaponry2:emberedweaponry2/irithyllblade_texture"},"elements":[{"from":[6.5,-13,6.5],"to":[8.5,-5.5,8.5],"rotation":{"angle":-45,"axis":"y","origin":[7.5,1,7.5]},"faces":{"north":{"uv":[7,0,7.25,1],"texture":"#0"},"east":{"uv":[7.25,0,7,1],"texture":"#0"},"south":{"uv":[7.25,3.375,7,4.375],"texture":"#0"},"west":{"uv":[7,3.375,7.25,4.375],"texture":"#0"},"up":{"uv":[7.625,0.25,7.375,0],"texture":"#0"},"down":{"uv":[7.625,0.375,7.375,0.625],"texture":"#0"}}},{"from":[5,-6,4.25],"to":[11,-5,10.25],"rotation":{"angle":-45,"axis":"y","origin":[7.5,-5,6.75]},"faces":{"north":{"uv":[6.5,7.25,7.25,7.375],"texture":"#0"},"east":{"uv":[7.25,7.25,6.5,7.375],"texture":"#0"},"south":{"uv":[8,7,7.25,7.125],"texture":"#0"},"west":{"uv":[7.25,7,8,7.125],"texture":"#0"},"up":{"uv":[6.25,7.125,5.5,6.375],"texture":"#0"},"down":{"uv":[7.125,6.375,6.375,7.125],"texture":"#0"}}},{"from":[6,-6,7],"to":[9,20,8],"rotation":{"angle":0,"axis":"y","origin":[8.5,12.5,7.5]},"faces":{"north":{"uv":[7.25,6.25,8,12.75],"texture":"#2"},"east":{"uv":[7.25,6.25,7.5,12.75],"texture":"#2"},"south":{"uv":[8,6.25,7.25,12.75],"texture":"#2"},"west":{"uv":[7.75,6.25,8,12.75],"texture":"#2"},"up":{"uv":[8,6.5,7.25,6.25],"texture":"#2"},"down":{"uv":[7.75,1,7.375,1.125],"texture":"#0"}}},{"from":[-13,-5,7.5],"to":[30,32,7.5],"rotation":{"angle":0,"axis":"y","origin":[11,-5,5.5]},"faces":{"north":{"uv":[2,3.25,12.75,12.5],"texture":"#2"},"east":{"uv":[7.375,7.25,7.375,11.875],"texture":"#0"},"south":{"uv":[12.4375,3.25,1.8125,12.5],"texture":"#2"},"west":{"uv":[7.5,1.25,7.5,5.875],"texture":"#0"},"up":{"uv":[12.875,7.25,7.5,7.25],"texture":"#0"},"down":{"uv":[12.875,7.375,7.5,7.375],"texture":"#0"}}},{"from":[6,-16,6],"to":[9,-13,9],"rotation":{"angle":0,"axis":"y","origin":[7,-16,7]},"faces":{"north":{"uv":[7,4.5,7.375,4.875],"texture":"#0"},"east":{"uv":[7,5,7.375,5.375],"texture":"#0"},"south":{"uv":[7.375,4.5,7,4.875],"texture":"#0"},"west":{"uv":[5.5,7.25,5.875,7.625],"texture":"#0"},"up":{"uv":[6.375,7.625,6,7.25],"texture":"#0"},"down":{"uv":[7.625,6,7.25,6.375],"texture":"#0"}}}],"gui_light":"front","display":{"thirdperson_righthand":{"rotation":[0,90,0],"translation":[0.5,13,2.25],"scale":[0.9,0.9,0.9]},"thirdperson_lefthand":{"rotation":[0,-90,0],"translation":[-0.5,13,2.25],"scale":[0.9,0.9,0.9]},"firstperson_righthand":{"rotation":[134.42,84.13,-146.59],"translation":[3,7,-1.25],"scale":[0.6,0.6,0.6]},"firstperson_lefthand":{"rotation":[102.7,-87.65,106.41],"translation":[3.75,7.5,-3.25],"scale":[0.6,0.6,0.6]},"ground":{"rotation":[22.14,-5.6,62.97],"translation":[0,2.5,2],"scale":[0.3,0.3,0.3]},"gui":{"rotation":[180,0,135],"translation":[-0.25,-0.25,0],"scale":[0.4,0.4,0.4]},"head":{"translation":[0,27.25,0]},"fixed":{"rotation":[1.1,-1.06,45],"scale":[0.5,0.5,0.5]}}}