{"credit":"Made by SirValeron","texture_size":[128,128],"textures":{"0":"emberedweaponry2:emberedweaponry2/riversofblood_texture","1":"emberedweaponry2:emberedweaponry2/riversofblood_animated_texture","particle":"emberedweaponry2:emberedweaponry2/riversofblood_texture"},"elements":[{"from":[6.5,-13.5,6.5],"to":[8.5,-4.5,8.5],"rotation":{"angle":-45,"axis":"y","origin":[7.5,1,7.5]},"faces":{"north":{"uv":[2.625,0,2.875,1.125],"texture":"#0"},"east":{"uv":[2.875,0,2.625,1.125],"texture":"#0"},"south":{"uv":[3.125,3.125,2.875,4.25],"texture":"#0"},"west":{"uv":[2.875,3.125,3.125,4.25],"texture":"#0"},"up":{"uv":[4.125,1.375,3.875,1.125],"texture":"#0"},"down":{"uv":[4.25,2.25,4,2.5],"texture":"#0"}}},{"from":[5,-5,4.25],"to":[11,-4,10.25],"rotation":{"angle":-45,"axis":"y","origin":[7.5,-4,6.75]},"faces":{"north":{"uv":[3.375,1.5,4.125,1.625],"texture":"#0"},"east":{"uv":[4.125,1.5,3.375,1.625],"texture":"#0"},"south":{"uv":[4,3.75,3.25,3.875],"texture":"#0"},"west":{"uv":[3.25,3.75,4,3.875],"texture":"#0"},"up":{"uv":[2.25,3,1.5,2.25],"texture":"#0"},"down":{"uv":[3.125,2.25,2.375,3],"texture":"#0"}}},{"from":[7,-4,7],"to":[8,22,8],"rotation":{"angle":0,"axis":"y","origin":[7.5,11.5,7.5]},"faces":{"north":{"uv":[1.5,3.125,1.625,6.375],"texture":"#0"},"east":{"uv":[1.75,3.125,1.875,6.375],"texture":"#0"},"south":{"uv":[1.625,3.125,1.5,6.375],"texture":"#0"},"west":{"uv":[2.25,3.125,2.375,6.375],"texture":"#0"},"up":{"uv":[4.25,3.75,4.125,3.625],"texture":"#0"},"down":{"uv":[4.375,1.125,4.25,1.25],"texture":"#0"}}},{"from":[6.25,-14,6.5],"to":[9.25,-12,9.5],"rotation":{"angle":-45,"axis":"y","origin":[8.25,-13,7.5]},"faces":{"north":{"uv":[3.75,3.25,4.125,3.5],"texture":"#0"},"east":{"uv":[4.125,3.25,3.75,3.5],"texture":"#0"},"south":{"uv":[4.25,0.75,3.875,1],"texture":"#0"},"west":{"uv":[3.875,0.75,4.25,1],"texture":"#0"},"up":{"uv":[3.625,3.625,3.25,3.25],"texture":"#0"},"down":{"uv":[3.75,0,3.375,0.375],"texture":"#0"}}},{"from":[4,-4.5,3.25],"to":[12,-4.5,11.25],"rotation":{"angle":-45,"axis":"y","origin":[7.5,-3.5,6.75]},"faces":{"north":{"uv":[4.25,1.375,5.25,1.375],"texture":"#0"},"east":{"uv":[4.25,1.5,5.25,1.5],"texture":"#0"},"south":{"uv":[4.25,1.625,5.25,1.625],"texture":"#0"},"west":{"uv":[4.25,1.75,5.25,1.75],"texture":"#0"},"up":{"uv":[2.5,1,1.5,0],"texture":"#0"},"down":{"uv":[2.5,1.125,1.5,2.125],"texture":"#0"}}},{"from":[4.75,-16,6],"to":[9.75,-13,6],"rotation":{"angle":-45,"axis":"y","origin":[5.75,-14,7]},"faces":{"north":{"uv":[2.625,1.25,3.25,1.625],"texture":"#0"},"east":{"uv":[3.5,4.25,3.5,4.625],"texture":"#0"},"south":{"uv":[3.25,1.25,2.625,1.625],"texture":"#0"},"west":{"uv":[3.625,4.25,3.625,4.625],"texture":"#0"},"up":{"uv":[4.875,1.875,4.25,1.875],"texture":"#0"},"down":{"uv":[4.875,2,4.25,2],"texture":"#0"}}},{"from":[7.51777,-16,4.85355],"to":[7.51777,-13,9.85355],"rotation":{"angle":-45,"axis":"y","origin":[7.51777,-14.5,7.35355]},"faces":{"north":{"uv":[3.75,4.25,3.75,4.625],"texture":"#0"},"east":{"uv":[3.875,2.75,3.25,3.125],"texture":"#0"},"south":{"uv":[3.875,4.25,3.875,4.625],"texture":"#0"},"west":{"uv":[3.25,2.75,3.875,3.125],"texture":"#0"},"up":{"uv":[4,4.875,4,4.25],"texture":"#0"},"down":{"uv":[4.25,4,4.25,4.625],"texture":"#0"}}},{"from":[-10,-16,7.5],"to":[22,32,7.5],"rotation":{"angle":0,"axis":"y","origin":[11,24,7.5]},"faces":{"north":{"uv":[4,2,12,14],"texture":"#1"},"east":{"uv":[0,0,0,4.625],"texture":"#missing"},"south":{"uv":[12,2,4,14],"texture":"#1"},"west":{"uv":[0,0,0,4.625],"texture":"#missing"},"up":{"uv":[0,0,3.375,0],"texture":"#missing"},"down":{"uv":[0,0,3.375,0],"texture":"#missing"}}}],"gui_light":"front","display":{"thirdperson_righthand":{"rotation":[0,90,0],"translation":[0.5,12,2.25],"scale":[0.9,0.9,0.9]},"thirdperson_lefthand":{"rotation":[-112.04,1.94,37.75],"translation":[-5,-5.5,7.5],"scale":[0.7,0.7,0.7]},"firstperson_righthand":{"rotation":[177.6,76.49,-174.39],"translation":[3,7.75,-0.25],"scale":[0.6,0.6,0.6]},"firstperson_lefthand":{"rotation":[6.75,-64.5,0],"translation":[3,7.75,-0.5],"scale":[0,0,0]},"ground":{"rotation":[22.14,-5.6,62.97],"translation":[0,2.5,2],"scale":[0.7,0.7,0.7]},"gui":{"rotation":[180,0,135.25],"translation":[-0.5,-0.25,0],"scale":[0.4,0.4,0.4]},"head":{"translation":[0,27.25,0]},"fixed":{"rotation":[180,0,135.25],"translation":[-0.5,-0.25,0],"scale":[0.5,0.5,0.5]}}}