{"parent":"item/generated","textures":{"layer0":"minecraft:item/feather"},"overrides":[{"predicate":{"custom_model_data":18001},"model":"magic:icons/spells/fling"},{"predicate":{"custom_model_data":18002},"model":"magic:icons_disabled/spells/fling"},{"predicate":{"custom_model_data":18003},"model":"magic:icons/spells/levitate"},{"predicate":{"custom_model_data":18004},"model":"magic:icons_disabled/spells/levitate"},{"predicate":{"custom_model_data":18005},"model":"magic:icons/spells/superfly"},{"predicate":{"custom_model_data":18006},"model":"magic:icons_disabled/spells/superfly"},{"predicate":{"custom_model_data":18007},"model":"magic:mobs/bigdragon/dragon_wing_red_left"},{"predicate":{"custom_model_data":18008},"model":"magic:mobs/bigdragon/dragon_body_red"},{"predicate":{"custom_model_data":18009},"model":"magic:mobs/bigdragon/dragon_wing_red_right"},{"predicate":{"custom_model_data":18010},"model":"magic:mobs/bigdragon/dragon_wing_blue_left"},{"predicate":{"custom_model_data":18011},"model":"magic:mobs/bigdragon/dragon_body_blue"},{"predicate":{"custom_model_data":18012},"model":"magic:mobs/bigdragon/dragon_wing_blue_right"},{"predicate":{"custom_model_data":18013},"model":"magic:mobs/bigdragon/dragon_wing_green_left"},{"predicate":{"custom_model_data":18014},"model":"magic:mobs/bigdragon/dragon_body_green"},{"predicate":{"custom_model_data":18015},"model":"magic:mobs/bigdragon/dragon_wing_green_right"},{"predicate":{"custom_model_data":18016},"model":"magic:mobs/bigdragon/dragon_wing_grey_left"},{"predicate":{"custom_model_data":18017},"model":"magic:mobs/bigdragon/dragon_body_grey"},{"predicate":{"custom_model_data":18018},"model":"magic:mobs/bigdragon/dragon_wing_grey_right"},{"predicate":{"custom_model_data":18019},"model":"magic:mobs/bigdragon/dragon_wing_purple_left"},{"predicate":{"custom_model_data":18020},"model":"magic:mobs/bigdragon/dragon_body_purple"},{"predicate":{"custom_model_data":18021},"model":"magic:mobs/bigdragon/dragon_wing_purple_right"}]}