{"parent":"minecraft:item/handheld","textures":{"layer0":"minecraft:item/iron_sword"},"overrides":[{"predicate":{"custom_model_data":10023},"model":"model_senjata:pink_legacy_animated_weapon_set/sword"},{"predicate":{"custom_model_data":10024},"model":"model_senjata:steamsparks_animated_weapon_set/blade"},{"predicate":{"custom_model_data":10025},"model":"model_senjata:steamsparks_animated_weapon_set/sword"},{"predicate":{"custom_model_data":10026},"model":"blackflame_skills:sword"},{"predicate":{"custom_model_data":200099},"model":"model_senjata:absolute_blade_model/absolute_blade"},{"predicate":{"custom_model_data":200100},"model":"item/iron_sword"}]}