{"parent":"item/handheld","textures":{"layer0":"item/paper"},"overrides":[{"predicate":{"custom_model_data":2379},"model":"martial_artist:martial_artist_model/agile_strike_1"},{"predicate":{"custom_model_data":2380},"model":"martial_artist:martial_artist_model/agile_strike_2"},{"predicate":{"custom_model_data":2381},"model":"martial_artist:martial_artist_model/agile_strike_3"},{"predicate":{"custom_model_data":2382},"model":"martial_artist:martial_artist_model/agile_strike_4"},{"predicate":{"custom_model_data":2383},"model":"martial_artist:martial_artist_model/basic_strike_1"},{"predicate":{"custom_model_data":2384},"model":"martial_artist:martial_artist_model/basic_strike_2"},{"predicate":{"custom_model_data":2385},"model":"martial_artist:martial_artist_model/basic_strike_3"},{"predicate":{"custom_model_data":2386},"model":"martial_artist:martial_artist_model/basic_strike_4"},{"predicate":{"custom_model_data":2387},"model":"martial_artist:martial_artist_model/basic_strike_5"},{"predicate":{"custom_model_data":2388},"model":"martial_artist:martial_artist_model/basic_strike_6"},{"predicate":{"custom_model_data":2389},"model":"martial_artist:martial_artist_model/blue_basic_strike_1"},{"predicate":{"custom_model_data":2390},"model":"martial_artist:martial_artist_model/blue_basic_strike_2"},{"predicate":{"custom_model_data":2391},"model":"martial_artist:martial_artist_model/blue_basic_strike_3"},{"predicate":{"custom_model_data":2392},"model":"martial_artist:martial_artist_model/blue_basic_strike_4"},{"predicate":{"custom_model_data":2393},"model":"martial_artist:martial_artist_model/blue_basic_strike_5"},{"predicate":{"custom_model_data":2394},"model":"martial_artist:martial_artist_model/blue_basic_strike_6"},{"predicate":{"custom_model_data":2395},"model":"martial_artist:martial_artist_model/blue_strike_1"},{"predicate":{"custom_model_data":2396},"model":"martial_artist:martial_artist_model/blue_strike_2"},{"predicate":{"custom_model_data":2397},"model":"martial_artist:martial_artist_model/blue_strike_3"},{"predicate":{"custom_model_data":2398},"model":"martial_artist:martial_artist_model/blue_strike_4"},{"predicate":{"custom_model_data":2399},"model":"martial_artist:martial_artist_model/blue_strike_5"},{"predicate":{"custom_model_data":2400},"model":"martial_artist:martial_artist_model/blue_strike_6"},{"predicate":{"custom_model_data":2401},"model":"martial_artist:martial_artist_model/blue_strike_slash_1"},{"predicate":{"custom_model_data":2402},"model":"martial_artist:martial_artist_model/blue_strike_slash_2"},{"predicate":{"custom_model_data":2403},"model":"martial_artist:martial_artist_model/blue_strike_slash_3"},{"predicate":{"custom_model_data":2404},"model":"martial_artist:martial_artist_model/blue_strike_slash_4"},{"predicate":{"custom_model_data":2405},"model":"martial_artist:martial_artist_model/blue_strike_slash_5"},{"predicate":{"custom_model_data":2406},"model":"martial_artist:martial_artist_model/blue_strike_slash_6"},{"predicate":{"custom_model_data":2407},"model":"martial_artist:martial_artist_model/blue_uppercut_1"},{"predicate":{"custom_model_data":2408},"model":"martial_artist:martial_artist_model/blue_uppercut_2"},{"predicate":{"custom_model_data":2409},"model":"martial_artist:martial_artist_model/blue_uppercut_3"},{"predicate":{"custom_model_data":2410},"model":"martial_artist:martial_artist_model/blue_uppercut_4"},{"predicate":{"custom_model_data":2411},"model":"martial_artist:martial_artist_model/blue_uppercut_5"},{"predicate":{"custom_model_data":2412},"model":"martial_artist:martial_artist_model/blue_uppercut_6"},{"predicate":{"custom_model_data":2413},"model":"martial_artist:martial_artist_model/deadly_squash"},{"predicate":{"custom_model_data":2414},"model":"martial_artist:martial_artist_model/deadly_squash_2"},{"predicate":{"custom_model_data":2415},"model":"martial_artist:martial_artist_model/deadly_squash_3"},{"predicate":{"custom_model_data":2416},"model":"martial_artist:martial_artist_model/deadly_squash_4"},{"predicate":{"custom_model_data":2417},"model":"martial_artist:martial_artist_model/diving_strike_rupture_1"},{"predicate":{"custom_model_data":2418},"model":"martial_artist:martial_artist_model/diving_strike_rupture_2"},{"predicate":{"custom_model_data":2419},"model":"martial_artist:martial_artist_model/diving_strike_rupture_3"},{"predicate":{"custom_model_data":2420},"model":"martial_artist:martial_artist_model/diving_strike_rupture_4"},{"predicate":{"custom_model_data":2421},"model":"martial_artist:martial_artist_model/diving_strike_rupture_5"},{"predicate":{"custom_model_data":2422},"model":"martial_artist:martial_artist_model/diving_strike_rupture_6"},{"predicate":{"custom_model_data":2423},"model":"martial_artist:martial_artist_model/evasion_1"},{"predicate":{"custom_model_data":2424},"model":"martial_artist:martial_artist_model/evasion_2"},{"predicate":{"custom_model_data":2425},"model":"martial_artist:martial_artist_model/evasion_3"},{"predicate":{"custom_model_data":2426},"model":"martial_artist:martial_artist_model/evasion_4"},{"predicate":{"custom_model_data":2427},"model":"martial_artist:martial_artist_model/multi_strike_1_1"},{"predicate":{"custom_model_data":2428},"model":"martial_artist:martial_artist_model/multi_strike_1_2"},{"predicate":{"custom_model_data":2429},"model":"martial_artist:martial_artist_model/multi_strike_1_3"},{"predicate":{"custom_model_data":2430},"model":"martial_artist:martial_artist_model/multi_strike_1_4"},{"predicate":{"custom_model_data":2431},"model":"martial_artist:martial_artist_model/multi_strike_2_1"},{"predicate":{"custom_model_data":2432},"model":"martial_artist:martial_artist_model/multi_strike_2_2"},{"predicate":{"custom_model_data":2433},"model":"martial_artist:martial_artist_model/multi_strike_2_3"},{"predicate":{"custom_model_data":2434},"model":"martial_artist:martial_artist_model/multi_strike_2_4"},{"predicate":{"custom_model_data":2435},"model":"martial_artist:martial_artist_model/multi_strike_3_1"},{"predicate":{"custom_model_data":2436},"model":"martial_artist:martial_artist_model/multi_strike_3_2"},{"predicate":{"custom_model_data":2437},"model":"martial_artist:martial_artist_model/multi_strike_3_3"},{"predicate":{"custom_model_data":2438},"model":"martial_artist:martial_artist_model/multi_strike_3_4"},{"predicate":{"custom_model_data":2439},"model":"martial_artist:martial_artist_model/multi_strike_4_1"},{"predicate":{"custom_model_data":2440},"model":"martial_artist:martial_artist_model/multi_strike_4_2"},{"predicate":{"custom_model_data":2441},"model":"martial_artist:martial_artist_model/multi_strike_4_3"},{"predicate":{"custom_model_data":2442},"model":"martial_artist:martial_artist_model/multi_strike_4_4"},{"predicate":{"custom_model_data":2443},"model":"martial_artist:martial_artist_model/strike_1"},{"predicate":{"custom_model_data":2444},"model":"martial_artist:martial_artist_model/strike_2"},{"predicate":{"custom_model_data":2445},"model":"martial_artist:martial_artist_model/strike_3"},{"predicate":{"custom_model_data":2446},"model":"martial_artist:martial_artist_model/strike_4"},{"predicate":{"custom_model_data":2447},"model":"martial_artist:martial_artist_model/strike_5"},{"predicate":{"custom_model_data":2448},"model":"martial_artist:martial_artist_model/strike_6"},{"predicate":{"custom_model_data":2449},"model":"martial_artist:martial_artist_model/strike_slash_1"},{"predicate":{"custom_model_data":2450},"model":"martial_artist:martial_artist_model/strike_slash_2"},{"predicate":{"custom_model_data":2451},"model":"martial_artist:martial_artist_model/strike_slash_3"},{"predicate":{"custom_model_data":2452},"model":"martial_artist:martial_artist_model/strike_slash_4"},{"predicate":{"custom_model_data":2453},"model":"martial_artist:martial_artist_model/strike_slash_5"},{"predicate":{"custom_model_data":2454},"model":"martial_artist:martial_artist_model/strike_slash_6"},{"predicate":{"custom_model_data":2455},"model":"martial_artist:martial_artist_model/uppercut_1"},{"predicate":{"custom_model_data":2456},"model":"martial_artist:martial_artist_model/uppercut_2"},{"predicate":{"custom_model_data":2457},"model":"martial_artist:martial_artist_model/uppercut_3"},{"predicate":{"custom_model_data":2458},"model":"martial_artist:martial_artist_model/uppercut_4"},{"predicate":{"custom_model_data":2459},"model":"martial_artist:martial_artist_model/uppercut_5"},{"predicate":{"custom_model_data":2460},"model":"martial_artist:martial_artist_model/uppercut_6"},{"predicate":{"custom_model_data":2508},"model":"paladin:paladin_model/holy_smash_rupture_1"},{"predicate":{"custom_model_data":2509},"model":"paladin:paladin_model/holy_smash_rupture_2"},{"predicate":{"custom_model_data":2510},"model":"paladin:paladin_model/holy_smash_rupture_3"},{"predicate":{"custom_model_data":2511},"model":"paladin:paladin_model/holy_smash_rupture_4"},{"predicate":{"custom_model_data":2512},"model":"paladin:paladin_model/holy_smash_rupture_5"},{"predicate":{"custom_model_data":2513},"model":"paladin:paladin_model/holy_smash_rupture_6"},{"predicate":{"custom_model_data":2518},"model":"paladin:paladin_model/holy_wings_1"},{"predicate":{"custom_model_data":2519},"model":"paladin:paladin_model/holy_wings_2"},{"predicate":{"custom_model_data":2520},"model":"paladin:paladin_model/holy_wings_3"},{"predicate":{"custom_model_data":2521},"model":"paladin:paladin_model/holy_wings_4"},{"predicate":{"custom_model_data":2522},"model":"paladin:paladin_model/holy_wings_5"},{"predicate":{"custom_model_data":2556},"model":"paladin:paladin_model/paladin_spin_slash"},{"predicate":{"custom_model_data":2558},"model":"paladin:paladin_model/holy_wings_clean_1"},{"predicate":{"custom_model_data":2559},"model":"paladin:paladin_model/holy_wings_clean_2"},{"predicate":{"custom_model_data":2560},"model":"paladin:paladin_model/holy_wings_clean_3"},{"predicate":{"custom_model_data":2561},"model":"paladin:paladin_model/holy_wings_clean_4"},{"predicate":{"custom_model_data":2562},"model":"paladin:paladin_model/holy_wings_clean_5"},{"predicate":{"custom_model_data":2840},"model":"reaper:reaper_model/death_slice_1"},{"predicate":{"custom_model_data":2841},"model":"reaper:reaper_model/death_slice_2"},{"predicate":{"custom_model_data":2842},"model":"reaper:reaper_model/death_slice_3"},{"predicate":{"custom_model_data":2843},"model":"reaper:reaper_model/death_slice_4"},{"predicate":{"custom_model_data":2844},"model":"reaper:reaper_model/death_slice_5"},{"predicate":{"custom_model_data":2845},"model":"reaper:reaper_model/death_slice_6"},{"predicate":{"custom_model_data":2846},"model":"reaper:reaper_model/death_slice_7"},{"predicate":{"custom_model_data":2847},"model":"reaper:reaper_model/death_slice_8"},{"predicate":{"custom_model_data":2848},"model":"reaper:reaper_model/death_spin"},{"predicate":{"custom_model_data":2849},"model":"reaper:reaper_model/soul_cross_1"},{"predicate":{"custom_model_data":2850},"model":"reaper:reaper_model/soul_cross_2"},{"predicate":{"custom_model_data":2851},"model":"reaper:reaper_model/soul_cross_3"},{"predicate":{"custom_model_data":2852},"model":"reaper:reaper_model/soul_cross_4"},{"predicate":{"custom_model_data":2853},"model":"reaper:reaper_model/soul_cross_5"},{"predicate":{"custom_model_data":2854},"model":"reaper:reaper_model/soul_cross_6"},{"predicate":{"custom_model_data":2855},"model":"reaper:reaper_model/soul_cross_7"},{"predicate":{"custom_model_data":2856},"model":"reaper:reaper_model/soul_cross_8"},{"predicate":{"custom_model_data":2857},"model":"reaper:reaper_model/soul_slice_1"},{"predicate":{"custom_model_data":2858},"model":"reaper:reaper_model/soul_slice_2"},{"predicate":{"custom_model_data":2859},"model":"reaper:reaper_model/soul_slice_3"},{"predicate":{"custom_model_data":2860},"model":"reaper:reaper_model/soul_slice_4"},{"predicate":{"custom_model_data":2861},"model":"reaper:reaper_model/soul_slice_5"},{"predicate":{"custom_model_data":2862},"model":"reaper:reaper_model/soul_slice_6"},{"predicate":{"custom_model_data":2863},"model":"reaper:reaper_model/soul_slice_7"},{"predicate":{"custom_model_data":2864},"model":"reaper:reaper_model/soul_slice_8"},{"predicate":{"custom_model_data":2865},"model":"reaper:reaper_model/soul_spin"},{"predicate":{"custom_model_data":2866},"model":"reaper:reaper_model/soul_wave_1"},{"predicate":{"custom_model_data":2867},"model":"reaper:reaper_model/soul_wave_2"},{"predicate":{"custom_model_data":2868},"model":"reaper:reaper_model/soul_wave_3"},{"predicate":{"custom_model_data":2869},"model":"reaper:reaper_model/soul_wave_4"},{"predicate":{"custom_model_data":2870},"model":"reaper:reaper_model/soul_wave_5"},{"predicate":{"custom_model_data":2871},"model":"reaper:reaper_model/soul_wave_6"},{"predicate":{"custom_model_data":2872},"model":"reaper:reaper_model/soul_wave_7"},{"predicate":{"custom_model_data":2873},"model":"reaper:reaper_model/blood_cut_1"},{"predicate":{"custom_model_data":2874},"model":"reaper:reaper_model/blood_cut_2"},{"predicate":{"custom_model_data":2875},"model":"reaper:reaper_model/blood_cut_3"},{"predicate":{"custom_model_data":2876},"model":"reaper:reaper_model/blood_cut_4"},{"predicate":{"custom_model_data":2877},"model":"reaper:reaper_model/blood_cut_5"},{"predicate":{"custom_model_data":2878},"model":"reaper:reaper_model/blood_cut_6"},{"predicate":{"custom_model_data":2879},"model":"reaper:reaper_model/blood_cut_7"},{"predicate":{"custom_model_data":2880},"model":"reaper:reaper_model/blood_cut_8"},{"predicate":{"custom_model_data":2881},"model":"reaper:reaper_model/death_mark_1"},{"predicate":{"custom_model_data":2882},"model":"reaper:reaper_model/death_mark_2"},{"predicate":{"custom_model_data":2883},"model":"reaper:reaper_model/death_mark_3"},{"predicate":{"custom_model_data":2884},"model":"reaper:reaper_model/death_mark_4"},{"predicate":{"custom_model_data":2885},"model":"reaper:reaper_model/death_mark_5"},{"predicate":{"custom_model_data":2886},"model":"reaper:reaper_model/ground_pound_1"},{"predicate":{"custom_model_data":2887},"model":"reaper:reaper_model/ground_pound_2"},{"predicate":{"custom_model_data":2888},"model":"reaper:reaper_model/ground_pound_3"},{"predicate":{"custom_model_data":2889},"model":"reaper:reaper_model/ground_pound_4"},{"predicate":{"custom_model_data":2890},"model":"reaper:reaper_model/ground_pound_5"},{"predicate":{"custom_model_data":2891},"model":"reaper:reaper_model/ground_pound_6"},{"predicate":{"custom_model_data":2892},"model":"reaper:reaper_model/ground_pound_7"},{"predicate":{"custom_model_data":2893},"model":"reaper:reaper_model/laceration_dash_1"},{"predicate":{"custom_model_data":2894},"model":"reaper:reaper_model/laceration_dash_2"},{"predicate":{"custom_model_data":2895},"model":"reaper:reaper_model/laceration_dash_3"},{"predicate":{"custom_model_data":2896},"model":"reaper:reaper_model/laceration_dash_4"},{"predicate":{"custom_model_data":2897},"model":"reaper:reaper_model/laceration_dash_5"},{"predicate":{"custom_model_data":2898},"model":"reaper:reaper_model/laceration_dash_6"},{"predicate":{"custom_model_data":2899},"model":"reaper:reaper_model/laceration_slash_1"},{"predicate":{"custom_model_data":2900},"model":"reaper:reaper_model/laceration_slash_2"},{"predicate":{"custom_model_data":2901},"model":"reaper:reaper_model/laceration_slash_3"},{"predicate":{"custom_model_data":2902},"model":"reaper:reaper_model/laceration_slash_4"},{"predicate":{"custom_model_data":2903},"model":"reaper:reaper_model/laceration_slash_5"},{"predicate":{"custom_model_data":2904},"model":"reaper:reaper_model/ninja_shadow_1_3"},{"predicate":{"custom_model_data":2905},"model":"reaper:reaper_model/ninja_shadow_1_4"},{"predicate":{"custom_model_data":2906},"model":"reaper:reaper_model/ninja_shadow_2_1"},{"predicate":{"custom_model_data":2907},"model":"reaper:reaper_model/ninja_shadow_2_2"},{"predicate":{"custom_model_data":2908},"model":"reaper:reaper_model/ninja_shadow_2_3"},{"predicate":{"custom_model_data":2909},"model":"reaper:reaper_model/ninja_shadow_2_4"},{"predicate":{"custom_model_data":2910},"model":"reaper:reaper_model/ninja_shadow_3_1"},{"predicate":{"custom_model_data":2911},"model":"reaper:reaper_model/ninja_shadow_3_2"},{"predicate":{"custom_model_data":2912},"model":"reaper:reaper_model/ninja_shadow_3_3"},{"predicate":{"custom_model_data":2913},"model":"reaper:reaper_model/ninja_shadow_3_4"},{"predicate":{"custom_model_data":2914},"model":"reaper:reaper_model/ninja_shadow_4_1"},{"predicate":{"custom_model_data":2915},"model":"reaper:reaper_model/ninja_shadow_4_2"},{"predicate":{"custom_model_data":2916},"model":"reaper:reaper_model/ninja_shadow_4_3"},{"predicate":{"custom_model_data":2917},"model":"reaper:reaper_model/ninja_shadow_4_4"},{"predicate":{"custom_model_data":2918},"model":"reaper:reaper_model/shadow_cut_1"},{"predicate":{"custom_model_data":2919},"model":"reaper:reaper_model/shadow_cut_2"},{"predicate":{"custom_model_data":2920},"model":"reaper:reaper_model/shadow_cut_3"},{"predicate":{"custom_model_data":2921},"model":"reaper:reaper_model/shadow_cut_4"},{"predicate":{"custom_model_data":2922},"model":"reaper:reaper_model/shadow_cut_5"},{"predicate":{"custom_model_data":2923},"model":"reaper:reaper_model/shadow_cut_6"},{"predicate":{"custom_model_data":2924},"model":"reaper:reaper_model/shadow_cut_7"},{"predicate":{"custom_model_data":2925},"model":"reaper:reaper_model/shadow_cut_8"},{"predicate":{"custom_model_data":2926},"model":"reaper:reaper_model/shadow_slash_1"},{"predicate":{"custom_model_data":2927},"model":"reaper:reaper_model/shadow_slash_2"},{"predicate":{"custom_model_data":2928},"model":"reaper:reaper_model/shadow_slash_3"},{"predicate":{"custom_model_data":2929},"model":"reaper:reaper_model/shadow_slash_4"},{"predicate":{"custom_model_data":2930},"model":"reaper:reaper_model/shadow_slash_5"},{"predicate":{"custom_model_data":2931},"model":"reaper:reaper_model/shadow_slash_6"},{"predicate":{"custom_model_data":2932},"model":"reaper:reaper_model/shadow_slash_7"},{"predicate":{"custom_model_data":2933},"model":"reaper:reaper_model/shadow_spin"},{"predicate":{"custom_model_data":2934},"model":"reaper:reaper_model/shadow_pierce_1"},{"predicate":{"custom_model_data":2935},"model":"reaper:reaper_model/shadow_pierce_2"},{"predicate":{"custom_model_data":2936},"model":"reaper:reaper_model/shadow_pierce_3"},{"predicate":{"custom_model_data":2937},"model":"reaper:reaper_model/shadow_pierce_4"},{"predicate":{"custom_model_data":2938},"model":"reaper:reaper_model/shadow_pierce_5"},{"predicate":{"custom_model_data":2939},"model":"reaper:reaper_model/ninja_shadow_1_1"},{"predicate":{"custom_model_data":2940},"model":"reaper:reaper_model/ninja_shadow_1_2"},{"predicate":{"custom_model_data":3000},"model":"reaper:reaper_model/death_slice_evo_1"},{"predicate":{"custom_model_data":3001},"model":"reaper:reaper_model/death_slice_evo_2"},{"predicate":{"custom_model_data":3002},"model":"reaper:reaper_model/death_slice_evo_3"},{"predicate":{"custom_model_data":3003},"model":"reaper:reaper_model/death_slice_evo_4"},{"predicate":{"custom_model_data":3004},"model":"reaper:reaper_model/death_slice_evo_5"},{"predicate":{"custom_model_data":3005},"model":"reaper:reaper_model/death_slice_evo_6"},{"predicate":{"custom_model_data":3006},"model":"reaper:reaper_model/death_slice_evo_7"},{"predicate":{"custom_model_data":3007},"model":"reaper:reaper_model/death_slice_evo_8"},{"predicate":{"custom_model_data":3008},"model":"reaper:reaper_model/soul_slice_evo_1"},{"predicate":{"custom_model_data":3009},"model":"reaper:reaper_model/soul_slice_evo_2"},{"predicate":{"custom_model_data":3011},"model":"reaper:reaper_model/soul_slice_evo_3"},{"predicate":{"custom_model_data":3012},"model":"reaper:reaper_model/soul_slice_evo_4"},{"predicate":{"custom_model_data":3013},"model":"reaper:reaper_model/soul_slice_evo_5"},{"predicate":{"custom_model_data":3014},"model":"reaper:reaper_model/soul_slice_evo_6"},{"predicate":{"custom_model_data":3015},"model":"reaper:reaper_model/soul_slice_evo_7"},{"predicate":{"custom_model_data":3016},"model":"reaper:reaper_model/soul_slice_evo_8"},{"predicate":{"custom_model_data":10000},"model":"_iainternal:ia_auto_gen/icon_left_blue"},{"predicate":{"custom_model_data":10001},"model":"_iainternal:ia_auto_gen/icon_right_blue"},{"predicate":{"custom_model_data":10002},"model":"_iainternal:ia_auto_gen/icon_search"},{"predicate":{"custom_model_data":10003},"model":"_iainternal:ia_auto_gen/icon_cancel"},{"predicate":{"custom_model_data":10004},"model":"_iainternal:ia_auto_gen/icon_arrow_chest"},{"predicate":{"custom_model_data":10005},"model":"_iainternal:ia_auto_gen/icon_back_orange"},{"predicate":{"custom_model_data":10006},"model":"_iainternal:ia_auto_gen/icon_next_orange"},{"predicate":{"custom_model_data":10007},"model":"model_senjata:steamsparks_animated_weapon_set/wings"},{"predicate":{"custom_model_data":20320},"model":"dragon_warrior:dragon_warrior_model/dragon_circle_1"},{"predicate":{"custom_model_data":20321},"model":"dragon_warrior:dragon_warrior_model/dragon_circle_2"},{"predicate":{"custom_model_data":20322},"model":"dragon_warrior:dragon_warrior_model/dragon_circle_3"},{"predicate":{"custom_model_data":20323},"model":"dragon_warrior:dragon_warrior_model/dragon_circle_4"},{"predicate":{"custom_model_data":20324},"model":"dragon_warrior:dragon_warrior_model/dragon_circle_5"},{"predicate":{"custom_model_data":20325},"model":"dragon_warrior:dragon_warrior_model/dragon_dash_charge_1"},{"predicate":{"custom_model_data":20326},"model":"dragon_warrior:dragon_warrior_model/dragon_dash_charge_2"},{"predicate":{"custom_model_data":20327},"model":"dragon_warrior:dragon_warrior_model/dragon_dash_charge_3"},{"predicate":{"custom_model_data":20328},"model":"dragon_warrior:dragon_warrior_model/dragon_dash_charge_4"},{"predicate":{"custom_model_data":20329},"model":"dragon_warrior:dragon_warrior_model/dragon_dash_pierce_1"},{"predicate":{"custom_model_data":20330},"model":"dragon_warrior:dragon_warrior_model/dragon_dash_pierce_2"},{"predicate":{"custom_model_data":20331},"model":"dragon_warrior:dragon_warrior_model/dragon_dash_pierce_3"},{"predicate":{"custom_model_data":20332},"model":"dragon_warrior:dragon_warrior_model/dragon_dash_pierce_4"},{"predicate":{"custom_model_data":20333},"model":"dragon_warrior:dragon_warrior_model/dragon_dash_pierce_5"},{"predicate":{"custom_model_data":20334},"model":"dragon_warrior:dragon_warrior_model/dragon_ground_slash"},{"predicate":{"custom_model_data":20335},"model":"dragon_warrior:dragon_warrior_model/dragon_slash_1"},{"predicate":{"custom_model_data":20336},"model":"dragon_warrior:dragon_warrior_model/dragon_slash_2"},{"predicate":{"custom_model_data":20337},"model":"dragon_warrior:dragon_warrior_model/dragon_slash_3"},{"predicate":{"custom_model_data":20338},"model":"dragon_warrior:dragon_warrior_model/dragon_slash_4"},{"predicate":{"custom_model_data":20339},"model":"dragon_warrior:dragon_warrior_model/dragon_slash_5"},{"predicate":{"custom_model_data":20340},"model":"dragon_warrior:dragon_warrior_model/dragon_slash_6"},{"predicate":{"custom_model_data":20341},"model":"dragon_warrior:dragon_warrior_model/dragon_smash_rupture_1"},{"predicate":{"custom_model_data":20342},"model":"dragon_warrior:dragon_warrior_model/dragon_smash_rupture_2"},{"predicate":{"custom_model_data":20343},"model":"dragon_warrior:dragon_warrior_model/dragon_smash_rupture_3"},{"predicate":{"custom_model_data":20344},"model":"dragon_warrior:dragon_warrior_model/dragon_smash_rupture_4"},{"predicate":{"custom_model_data":20345},"model":"dragon_warrior:dragon_warrior_model/dragon_smash_rupture_5"},{"predicate":{"custom_model_data":20346},"model":"dragon_warrior:dragon_warrior_model/dragon_smash_rupture_6"},{"predicate":{"custom_model_data":20347},"model":"dragon_warrior:dragon_warrior_model/dragon_spin"},{"predicate":{"custom_model_data":20348},"model":"dragon_warrior:dragon_warrior_model/dragon_spin_1"},{"predicate":{"custom_model_data":20349},"model":"dragon_warrior:dragon_warrior_model/dragon_spin_2"},{"predicate":{"custom_model_data":20350},"model":"dragon_warrior:dragon_warrior_model/dragon_spin_3"},{"predicate":{"custom_model_data":20351},"model":"dragon_warrior:dragon_warrior_model/dragon_warrior_spear_spirit_1"},{"predicate":{"custom_model_data":20352},"model":"dragon_warrior:dragon_warrior_model/dragon_warrior_spear_spirit_2"},{"predicate":{"custom_model_data":20353},"model":"dragon_warrior:dragon_warrior_model/dragon_warrior_spear_spirit_3"},{"predicate":{"custom_model_data":20354},"model":"dragon_warrior:dragon_warrior_model/dragon_warrior_spear_spirit_4"},{"predicate":{"custom_model_data":20355},"model":"dragon_warrior:dragon_warrior_model/dragon_wings_1"},{"predicate":{"custom_model_data":20356},"model":"dragon_warrior:dragon_warrior_model/dragon_wings_2"},{"predicate":{"custom_model_data":20357},"model":"dragon_warrior:dragon_warrior_model/dragon_wings_3"},{"predicate":{"custom_model_data":20358},"model":"dragon_warrior:dragon_warrior_model/dragon_wings_4"},{"predicate":{"custom_model_data":20359},"model":"dragon_warrior:dragon_warrior_model/dragon_wings_5"},{"predicate":{"custom_model_data":20360},"model":"dragon_warrior:dragon_warrior_model/dragon_wings_6"},{"predicate":{"custom_model_data":20361},"model":"dragon_warrior:dragon_warrior_model/dragon_wings_7"},{"predicate":{"custom_model_data":20362},"model":"dragon_warrior:dragon_warrior_model/dragon_wings_8"},{"predicate":{"custom_model_data":20363},"model":"dragon_warrior:dragon_warrior_model/dragon_wings_9"},{"predicate":{"custom_model_data":20364},"model":"dragon_warrior:dragon_warrior_model/dragon_wings_a"},{"predicate":{"custom_model_data":20365},"model":"dragon_warrior:dragon_warrior_model/dragon_slash_2_opp"},{"predicate":{"custom_model_data":40001},"model":"rrpg_void_edge_class:rrpg_void_edge_katana"},{"predicate":{"custom_model_data":40002},"model":"rrpg_void_edge_class:ia_auto_gen/rrpg_void_edge_db"},{"predicate":{"custom_model_data":40003},"model":"rrpg_void_edge_class:ia_auto_gen/rrpg_void_edge_us"},{"predicate":{"custom_model_data":40004},"model":"rrpg_void_edge_class:ia_auto_gen/rrpg_void_edge_pd"},{"predicate":{"custom_model_data":40005},"model":"rrpg_void_edge_class:ia_auto_gen/rrpg_void_edge_dc"},{"predicate":{"custom_model_data":40006},"model":"rrpg_void_edge_class:ia_auto_gen/rrpg_void_edge_dr"},{"predicate":{"custom_model_data":40007},"model":"rrpg_void_edge_class:ia_auto_gen/rrpg_void_edge_ds"},{"predicate":{"custom_model_data":40008},"model":"rrpg_void_edge_class:ia_auto_gen/rrpg_void_edge_ult"},{"predicate":{"custom_model_data":552001},"model":"lostassetsoriginal/1"},{"predicate":{"custom_model_data":552002},"model":"lostassetsoriginal/2"},{"predicate":{"custom_model_data":552003},"model":"lostassetsoriginal/3"},{"predicate":{"custom_model_data":552004},"model":"lostassetsoriginal/4"},{"predicate":{"custom_model_data":552005},"model":"lostassetsoriginal/5"},{"predicate":{"custom_model_data":552006},"model":"lostassetsoriginal/6"},{"predicate":{"custom_model_data":552007},"model":"lostassetsoriginal/7"},{"predicate":{"custom_model_data":552008},"model":"lostassetsoriginal/8"},{"predicate":{"custom_model_data":552009},"model":"lostassetsoriginal/9"},{"predicate":{"custom_model_data":552010},"model":"lostassetsoriginal/10"},{"predicate":{"custom_model_data":552011},"model":"lostassetsoriginal/11"},{"predicate":{"custom_model_data":552012},"model":"lostassetsoriginal/12"},{"predicate":{"custom_model_data":552013},"model":"lostassetsoriginal/13"},{"predicate":{"custom_model_data":552014},"model":"lostassetsoriginal/14"},{"predicate":{"custom_model_data":552015},"model":"lostassetsoriginal/15"},{"predicate":{"custom_model_data":552016},"model":"lostassetsoriginal/16"},{"predicate":{"custom_model_data":552017},"model":"lostassetsoriginal/17"},{"predicate":{"custom_model_data":552018},"model":"lostassetsoriginal/18"},{"predicate":{"custom_model_data":552019},"model":"lostassetsoriginal/19"},{"predicate":{"custom_model_data":552020},"model":"lostassetsoriginal/20"},{"predicate":{"custom_model_data":552021},"model":"lostassetsoriginal/21"},{"predicate":{"custom_model_data":552022},"model":"lostassetsoriginal/22"},{"predicate":{"custom_model_data":552023},"model":"lostassetsoriginal/23"},{"predicate":{"custom_model_data":552024},"model":"lostassetsoriginal/24"},{"predicate":{"custom_model_data":552025},"model":"lostassetsoriginal/25"},{"predicate":{"custom_model_data":552026},"model":"lostassetsoriginal/26"},{"predicate":{"custom_model_data":552027},"model":"lostassetsoriginal/27"},{"predicate":{"custom_model_data":552028},"model":"lostassetsoriginal/28"},{"predicate":{"custom_model_data":552029},"model":"lostassetsoriginal/29"},{"predicate":{"custom_model_data":552030},"model":"lostassetsoriginal/30"},{"predicate":{"custom_model_data":552031},"model":"lostassetsoriginal/31"},{"predicate":{"custom_model_data":552032},"model":"lostassetsoriginal/32"},{"predicate":{"custom_model_data":552033},"model":"lostassetsoriginal/33"},{"predicate":{"custom_model_data":552034},"model":"lostassetsoriginal/34"},{"predicate":{"custom_model_data":552035},"model":"lostassetsoriginal/35"},{"predicate":{"custom_model_data":552036},"model":"lostassetsoriginal/36"},{"predicate":{"custom_model_data":552037},"model":"lostassetsoriginal/37"},{"predicate":{"custom_model_data":552038},"model":"lostassetsoriginal/38"},{"predicate":{"custom_model_data":552039},"model":"lostassetsoriginal/39"},{"predicate":{"custom_model_data":552040},"model":"lostassetsoriginal/40"},{"predicate":{"custom_model_data":552041},"model":"lostassetsoriginal/41"},{"predicate":{"custom_model_data":552042},"model":"lostassetsoriginal/42"},{"predicate":{"custom_model_data":552043},"model":"lostassetsoriginal/43"},{"predicate":{"custom_model_data":552044},"model":"lostassetsoriginal/44"},{"predicate":{"custom_model_data":552045},"model":"lostassetsoriginal/45"},{"predicate":{"custom_model_data":552046},"model":"lostassetsoriginal/46"},{"predicate":{"custom_model_data":552047},"model":"lostassetsoriginal/47"},{"predicate":{"custom_model_data":552048},"model":"lostassetsoriginal/48"},{"predicate":{"custom_model_data":552049},"model":"lostassetsoriginal/49"},{"predicate":{"custom_model_data":552050},"model":"lostassetsoriginal/50"},{"predicate":{"custom_model_data":552051},"model":"lostassetsoriginal/51"},{"predicate":{"custom_model_data":552052},"model":"lostassetsoriginal/52"},{"predicate":{"custom_model_data":552053},"model":"lostassetsoriginal/53"},{"predicate":{"custom_model_data":552054},"model":"lostassetsoriginal/54"},{"predicate":{"custom_model_data":1611101},"model":"blackflame_skills:blackflame_cross/blackflame_cross_1"},{"predicate":{"custom_model_data":1611102},"model":"blackflame_skills:blackflame_cross/blackflame_cross_2"},{"predicate":{"custom_model_data":1611103},"model":"blackflame_skills:blackflame_cross/blackflame_cross_3"},{"predicate":{"custom_model_data":1611104},"model":"blackflame_skills:blackflame_cross/blackflame_cross_4"},{"predicate":{"custom_model_data":1611105},"model":"blackflame_skills:blackflame_cross/blackflame_cross_5"},{"predicate":{"custom_model_data":1611106},"model":"blackflame_skills:blackflame_cross/blackflame_cross_6"},{"predicate":{"custom_model_data":1611201},"model":"blackflame_skills:blackflame_hit/blackflame_hit_1"},{"predicate":{"custom_model_data":1611202},"model":"blackflame_skills:blackflame_hit/blackflame_hit_2"},{"predicate":{"custom_model_data":1611203},"model":"blackflame_skills:blackflame_hit/blackflame_hit_3"},{"predicate":{"custom_model_data":1611204},"model":"blackflame_skills:blackflame_hit/blackflame_hit_4"},{"predicate":{"custom_model_data":1611205},"model":"blackflame_skills:blackflame_hit/blackflame_hit_5"},{"predicate":{"custom_model_data":1611206},"model":"blackflame_skills:blackflame_hit/blackflame_hit_6"},{"predicate":{"custom_model_data":1611301},"model":"blackflame_skills:blackflame_protection/blackflame_protection_1"},{"predicate":{"custom_model_data":1611302},"model":"blackflame_skills:blackflame_protection/blackflame_protection_2"},{"predicate":{"custom_model_data":1611303},"model":"blackflame_skills:blackflame_protection/blackflame_protection_3"},{"predicate":{"custom_model_data":1611304},"model":"blackflame_skills:blackflame_protection/blackflame_protection_4"},{"predicate":{"custom_model_data":1611305},"model":"blackflame_skills:blackflame_protection/blackflame_protection_5"},{"predicate":{"custom_model_data":1611306},"model":"blackflame_skills:blackflame_protection/blackflame_protection_6"},{"predicate":{"custom_model_data":1611307},"model":"blackflame_skills:blackflame_protection/blackflame_protection_7"},{"predicate":{"custom_model_data":1611308},"model":"blackflame_skills:blackflame_protection/blackflame_protection_8"},{"predicate":{"custom_model_data":1611309},"model":"blackflame_skills:blackflame_protection/blackflame_protection_9"},{"predicate":{"custom_model_data":1611310},"model":"blackflame_skills:blackflame_protection/blackflame_protection_10"},{"predicate":{"custom_model_data":1611311},"model":"blackflame_skills:blackflame_protection/blackflame_protection_11"},{"predicate":{"custom_model_data":1611401},"model":"blackflame_skills:blackflame_pursuers/blackflame_pursuers_1"},{"predicate":{"custom_model_data":1611402},"model":"blackflame_skills:blackflame_pursuers/blackflame_pursuers_2"},{"predicate":{"custom_model_data":1611501},"model":"blackflame_skills:blackflame_slash/blackflame_slash_1"},{"predicate":{"custom_model_data":1611502},"model":"blackflame_skills:blackflame_slash/blackflame_slash_2"},{"predicate":{"custom_model_data":1611503},"model":"blackflame_skills:blackflame_slash/blackflame_slash_3"},{"predicate":{"custom_model_data":1611504},"model":"blackflame_skills:blackflame_slash/blackflame_slash_4"},{"predicate":{"custom_model_data":1611505},"model":"blackflame_skills:blackflame_slash/blackflame_slash_5"},{"predicate":{"custom_model_data":1611701},"model":"blackflame_skills:blackflame_tornadol/blackflame_tornadol_1"},{"predicate":{"custom_model_data":1611702},"model":"blackflame_skills:blackflame_tornadol/blackflame_tornadol_2"},{"predicate":{"custom_model_data":1611703},"model":"blackflame_skills:blackflame_tornadol/blackflame_tornadol_3"},{"predicate":{"custom_model_data":1611801},"model":"blackflame_skills:blackflame_wave/blackflame_wave_1"},{"predicate":{"custom_model_data":1611802},"model":"blackflame_skills:blackflame_wave/blackflame_wave_2"},{"predicate":{"custom_model_data":1611803},"model":"blackflame_skills:blackflame_wave/blackflame_wave_3"},{"predicate":{"custom_model_data":1611804},"model":"blackflame_skills:blackflame_wave/blackflame_wave_4"},{"predicate":{"custom_model_data":1611805},"model":"blackflame_skills:blackflame_wave/blackflame_wave_5"},{"predicate":{"custom_model_data":1611806},"model":"blackflame_skills:blackflame_wave/blackflame_wave_6"},{"predicate":{"custom_model_data":1611807},"model":"blackflame_skills:blackflame_wave/blackflame_wave_7"},{"predicate":{"custom_model_data":1611808},"model":"blackflame_skills:blackflame_wave/blackflame_wave_8"},{"predicate":{"custom_model_data":1611901},"model":"blackflame_skills:blackflame_tnt/blackflame_tnt_1"},{"predicate":{"custom_model_data":1611902},"model":"blackflame_skills:blackflame_tnt/blackflame_tnt_2"},{"predicate":{"custom_model_data":1611903},"model":"blackflame_skills:blackflame_tnt/blackflame_tnt_3"},{"predicate":{"custom_model_data":1611904},"model":"blackflame_skills:blackflame_tnt/blackflame_tnt_4"},{"predicate":{"custom_model_data":1611905},"model":"blackflame_skills:blackflame_tnt/blackflame_tnt_5"},{"predicate":{"custom_model_data":1611906},"model":"blackflame_skills:blackflame_tnt/blackflame_tnt_6"},{"predicate":{"custom_model_data":1611907},"model":"blackflame_skills:blackflame_tnt/blackflame_tnt_7"},{"predicate":{"custom_model_data":1611908},"model":"blackflame_skills:blackflame_tnt/blackflame_tnt_8"},{"predicate":{"custom_model_data":4100001},"model":"chaos_skills:ef_blackflame/ef_blackflame_1"},{"predicate":{"custom_model_data":4100002},"model":"chaos_skills:ef_blackflame/ef_blackflame_2"},{"predicate":{"custom_model_data":4100003},"model":"chaos_skills:ef_blackflame/ef_blackflame_3"},{"predicate":{"custom_model_data":4100004},"model":"chaos_skills:ef_blackflame/ef_blackflame_4"},{"predicate":{"custom_model_data":4100005},"model":"chaos_skills:ef_blackflame/ef_blackflame_5"},{"predicate":{"custom_model_data":4100006},"model":"chaos_skills:ef_blackflame/ef_blackflame_6"},{"predicate":{"custom_model_data":4100101},"model":"chaos_skills:skill1_inferno_calls/skill1_inferno_calls_1"},{"predicate":{"custom_model_data":4100102},"model":"chaos_skills:skill1_inferno_calls/skill1_inferno_calls_2"},{"predicate":{"custom_model_data":4100103},"model":"chaos_skills:skill1_inferno_calls/skill1_inferno_calls_3"},{"predicate":{"custom_model_data":4100104},"model":"chaos_skills:skill1_inferno_calls/skill1_inferno_calls_4"},{"predicate":{"custom_model_data":4100105},"model":"chaos_skills:skill1_inferno_calls/skill1_inferno_calls_5"},{"predicate":{"custom_model_data":4100106},"model":"chaos_skills:skill1_inferno_calls/skill1_inferno_calls_6"},{"predicate":{"custom_model_data":4100201},"model":"chaos_skills:skill2_aura/skill2_aura_1"},{"predicate":{"custom_model_data":4100202},"model":"chaos_skills:skill2_aura/skill2_aura_2"},{"predicate":{"custom_model_data":4100203},"model":"chaos_skills:skill2_aura/skill2_aura_3"},{"predicate":{"custom_model_data":4100301},"model":"chaos_skills:skill2_aura_impact/skill2_aura_impact_1"},{"predicate":{"custom_model_data":4100302},"model":"chaos_skills:skill2_aura_impact/skill2_aura_impact_2"},{"predicate":{"custom_model_data":4100303},"model":"chaos_skills:skill2_aura_impact/skill2_aura_impact_3"},{"predicate":{"custom_model_data":4100304},"model":"chaos_skills:skill2_aura_impact/skill2_aura_impact_4"},{"predicate":{"custom_model_data":4100305},"model":"chaos_skills:skill2_aura_impact/skill2_aura_impact_5"},{"predicate":{"custom_model_data":4100401},"model":"chaos_skills:skill3_ball/skill3_ball_1"},{"predicate":{"custom_model_data":4100402},"model":"chaos_skills:skill3_ball/skill3_ball_2"},{"predicate":{"custom_model_data":4100403},"model":"chaos_skills:skill3_ball/skill3_ball_3"},{"predicate":{"custom_model_data":4100404},"model":"chaos_skills:skill3_ball/skill3_ball_4"},{"predicate":{"custom_model_data":4100501},"model":"chaos_skills:skill3_destruction_orb_ef/skill3_destruction_orb_ef_1"},{"predicate":{"custom_model_data":4100502},"model":"chaos_skills:skill3_destruction_orb_ef/skill3_destruction_orb_ef_2"},{"predicate":{"custom_model_data":4100503},"model":"chaos_skills:skill3_destruction_orb_ef/skill3_destruction_orb_ef_3"},{"predicate":{"custom_model_data":4100504},"model":"chaos_skills:skill3_destruction_orb_ef/skill3_destruction_orb_ef_4"},{"predicate":{"custom_model_data":4100601},"model":"chaos_skills:skill3_destruction_orb_hit/skill3_destruction_orb_hit_1"},{"predicate":{"custom_model_data":4100602},"model":"chaos_skills:skill3_destruction_orb_hit/skill3_destruction_orb_hit_2"},{"predicate":{"custom_model_data":4100603},"model":"chaos_skills:skill3_destruction_orb_hit/skill3_destruction_orb_hit_3"},{"predicate":{"custom_model_data":4100604},"model":"chaos_skills:skill3_destruction_orb_hit/skill3_destruction_orb_hit_4"},{"predicate":{"custom_model_data":4100605},"model":"chaos_skills:skill3_destruction_orb_hit/skill3_destruction_orb_hit_5"},{"predicate":{"custom_model_data":4100606},"model":"chaos_skills:skill3_destruction_orb_hit/skill3_destruction_orb_hit_6"},{"predicate":{"custom_model_data":4100607},"model":"chaos_skills:skill3_destruction_orb_hit/skill3_destruction_orb_hit_7"},{"predicate":{"custom_model_data":4100701},"model":"chaos_skills:skill3_destruction_orb_magic/skill3_destruction_orb_magic_1"},{"predicate":{"custom_model_data":4100702},"model":"chaos_skills:skill3_destruction_orb_magic/skill3_destruction_orb_magic_2"},{"predicate":{"custom_model_data":4100703},"model":"chaos_skills:skill3_destruction_orb_magic/skill3_destruction_orb_magic_3"},{"predicate":{"custom_model_data":4100704},"model":"chaos_skills:skill3_destruction_orb_magic/skill3_destruction_orb_magic_4"},{"predicate":{"custom_model_data":4100801},"model":"chaos_skills:skill4_the_terminal_hit/skill4_the_terminal_hit_1"},{"predicate":{"custom_model_data":4100802},"model":"chaos_skills:skill4_the_terminal_hit/skill4_the_terminal_hit_2"},{"predicate":{"custom_model_data":4100803},"model":"chaos_skills:skill4_the_terminal_hit/skill4_the_terminal_hit_3"},{"predicate":{"custom_model_data":4100804},"model":"chaos_skills:skill4_the_terminal_hit/skill4_the_terminal_hit_4"},{"predicate":{"custom_model_data":4100805},"model":"chaos_skills:skill4_the_terminal_hit/skill4_the_terminal_hit_5"},{"predicate":{"custom_model_data":4100806},"model":"chaos_skills:skill4_the_terminal_hit/skill4_the_terminal_hit_6"},{"predicate":{"custom_model_data":4100807},"model":"chaos_skills:skill4_the_terminal_hit/skill4_the_terminal_hit_7"},{"predicate":{"custom_model_data":4100808},"model":"chaos_skills:skill4_the_terminal_hit/skill4_the_terminal_hit_8"},{"predicate":{"custom_model_data":4100901},"model":"chaos_skills:skill4_the_terminal_magic/skill4_the_terminal_magic_1"},{"predicate":{"custom_model_data":4101001},"model":"chaos_skills:skill6_eful/skill6_eful_1"},{"predicate":{"custom_model_data":4101002},"model":"chaos_skills:skill6_eful/skill6_eful_2"},{"predicate":{"custom_model_data":4101003},"model":"chaos_skills:skill6_eful/skill6_eful_3"},{"predicate":{"custom_model_data":4101004},"model":"chaos_skills:skill6_eful/skill6_eful_4"},{"predicate":{"custom_model_data":4101201},"model":"chaos_skills:skill6_ultimate_dlf_ef/skill6_ultimate_dlf_ef_1"},{"predicate":{"custom_model_data":4101202},"model":"chaos_skills:skill6_ultimate_dlf_ef/skill6_ultimate_dlf_ef_2"},{"predicate":{"custom_model_data":4101203},"model":"chaos_skills:skill6_ultimate_dlf_ef/skill6_ultimate_dlf_ef_3"},{"predicate":{"custom_model_data":4101204},"model":"chaos_skills:skill6_ultimate_dlf_ef/skill6_ultimate_dlf_ef_4"},{"predicate":{"custom_model_data":4101205},"model":"chaos_skills:skill6_ultimate_dlf_ef/skill6_ultimate_dlf_ef_5"},{"predicate":{"custom_model_data":4101206},"model":"chaos_skills:skill6_ultimate_dlf_ef/skill6_ultimate_dlf_ef_6"},{"predicate":{"custom_model_data":4101207},"model":"chaos_skills:skill6_ultimate_dlf_ef/skill6_ultimate_dlf_ef_7"},{"predicate":{"custom_model_data":4101208},"model":"chaos_skills:skill6_ultimate_dlf_ef/skill6_ultimate_dlf_ef_8"},{"predicate":{"custom_model_data":4101209},"model":"item/paper"}]}