{"parent":"item/handheld","textures":{"layer0":"item/stone_sword"},"overrides":[{"predicate":{"custom_model_data":2019},"model":"emberedweaponry2:emberedweaponry2/riversofblood"},{"predicate":{"custom_model_data":2020},"model":"emberedweaponry2:emberedweaponry2/irithyllblade"},{"predicate":{"custom_model_data":2021},"model":"emberedweaponry2:emberedweaponry2/frayedblade"},{"predicate":{"custom_model_data":2022},"model":"emberedweaponry2:emberedweaponry2/moonveil"},{"predicate":{"custom_model_data":2023},"model":"emberedweaponry2:emberedweaponry2/meteoricoreblade"},{"predicate":{"custom_model_data":2025},"model":"dragon_warrior:dragon_warrior_model/dragon_warrior_spear"},{"predicate":{"custom_model_data":2026},"model":"dragon_warrior:dragon_warrior_model/dragon_warrior_spear_shiny"},{"predicate":{"custom_model_data":2029},"model":"martial_artist:martial_artist_model/martial_artist_gauntlet"},{"predicate":{"custom_model_data":2030},"model":"martial_artist:martial_artist_model/martial_artist_gauntlet_shiny"},{"predicate":{"custom_model_data":2058},"model":"arctic_knight:arctic_knight_model/frigid_lance_arctic_knight"},{"predicate":{"custom_model_data":2059},"model":"arctic_knight:arctic_knight_model/frigid_lance_darkice_arctic_knight"},{"predicate":{"custom_model_data":2068},"model":"gale_glaive:gale_glaive_model/gale_glaive_windreaver"},{"predicate":{"custom_model_data":2069},"model":"gale_glaive:gale_glaive_model/gale_glaive_windreaver_ancient"},{"predicate":{"custom_model_data":2071},"model":"bloodmoon_vampire:bloodmoon_vampire_model/bloodmoon_orb"},{"predicate":{"custom_model_data":2072},"model":"bloodmoon_vampire:bloodmoon_vampire_model/ethereal_orb"},{"predicate":{"custom_model_data":2082},"model":"death_knight:death_knight_model/death_knight_necroslayer"},{"predicate":{"custom_model_data":3099},"model":"cetus:cetus_models/cetus_greatsword"},{"predicate":{"custom_model_data":552001},"model":"lostassetsoriginal/weapon1"},{"predicate":{"custom_model_data":552002},"model":"item/stone_sword"}]}