{"__comment":"Max wood durability is 60","parent":"item/handheld","textures":{"layer0":"minecraft:item/wooden_hoe"},"overrides":[{"predicate":{"custom_model_data":18001},"model":"magic:wands/old_survival_wand1"},{"predicate":{"damaged":0,"damage":0.01666666666667},"model":"magic:wands/old_survival_wand1"},{"predicate":{"damaged":0,"damage":0.03333333333333},"model":"magic:wands/old_survival_wand2"},{"predicate":{"damaged":0,"damage":0.05},"model":"magic:wands/survival_wand1"},{"predicate":{"damaged":0,"damage":0.06666666666667},"model":"magic:wands/survival_wand2"},{"predicate":{"damaged":0,"damage":0.08333333333333},"model":"magic:wands/staff_survival1"},{"predicate":{"damaged":0,"damage":0.1},"model":"magic:wands/staff_gandalf"},{"predicate":{"damaged":0,"damage":0.11666666666667},"model":"magic:wands/staff_wolf"},{"predicate":{"damaged":0,"damage":0.13333333333333},"model":"magic:wands/wolf_wand"},{"predicate":{"damaged":0,"damage":0.15},"model":"magic:wands/staff_magicka"},{"predicate":{"damaged":0,"damage":0.16666666666667},"model":"magic:wands/moon_wand"},{"predicate":{"damaged":0,"damage":0.18333333333333},"model":"magic:broomsticks/broomstick"},{"predicate":{"damaged":0,"damage":0.2},"model":"magic:weapons/blaster"},{"predicate":{"damaged":0,"damage":0.21666666666667},"model":"magic:sabers/lightsaber_hilt"},{"predicate":{"damaged":0,"damage":0.23333333333333},"model":"magic:sabers/lightsaber_hilt"},{"predicate":{"damaged":0,"damage":0.25},"model":"magic:other/hat_cloak"},{"predicate":{"damaged":0,"damage":0.26666666666667},"model":"magic:other/hat_eye"},{"predicate":{"damaged":0,"damage":0.28333333333333},"model":"magic:other/magic_hat"},{"predicate":{"damaged":0,"damage":0.3},"model":"magic:other/ocarina"},{"predicate":{"damaged":0,"damage":0.31666666666666665},"model":"magic:bending/airbending"},{"predicate":{"damaged":0,"damage":0.3333333333333333},"model":"magic:bending/waterbending"},{"predicate":{"damaged":0,"damage":0.35},"model":"magic:bending/earthbending"},{"predicate":{"damaged":0,"damage":0.36666666666666664},"model":"magic:bending/firebending"},{"predicate":{"damaged":0,"damage":0.3833333333333333},"model":"magic:bending/avatar"},{"predicate":{"damaged":0,"damage":0.4},"model":"magic:wands/flat/skinny"},{"predicate":{"damaged":0,"damage":0.4166666666666667},"model":"magic:wands/flat/black"},{"predicate":{"damaged":0,"damage":0.43333333333333335},"model":"magic:wands/flat/brown"},{"predicate":{"damaged":0,"damage":0.45},"model":"magic:wands/flat/elder"},{"predicate":{"damaged":0,"damage":0.4666666666666667},"model":"magic:wands/flat/wolf"},{"predicate":{"damaged":0,"damage":0.48333333333333334},"model":"magic:broomsticks/broomstick2"},{"predicate":{"damaged":0,"damage":0.5},"model":"magic:wands/crystalball"},{"predicate":{"damaged":0,"damage":0.5166666666666666},"model":"magic:wands/enchantedbook"},{"predicate":{"damaged":0,"damage":0.533333333333333},"model":"magic:other/extinguisher"},{"predicate":{"damaged":0,"damage":0.55},"model":"magic:bending/air_glider"},{"predicate":{"damaged":0,"damage":0.566666666666667},"model":"magic:bending/air_staff"},{"predicate":{"damaged":0,"damage":0.583333333333333},"model":"magic:wands/riverglow"},{"predicate":{"damaged":0,"damage":0.6},"model":"magic:wands/lixwglow"},{"predicate":{"damaged":0,"damage":0.616666666666667},"model":"magic:wands/wandb"},{"predicate":{"damaged":0,"damage":0.633333333333333},"model":"magic:other/sortinghat"},{"predicate":{"damaged":0,"damage":0.65},"model":"magic:wands/staff_survival2"},{"predicate":{"damaged":0,"damage":0.666666666666667},"model":"magic:other/totem"},{"predicate":{"damaged":0,"damage":0.683333333333333},"model":"magic:wands/green_wand"},{"predicate":{"damaged":0,"damage":0.7},"model":"magic:other/nothing"},{"predicate":{"damaged":0,"damage":0.716},"model":"magic:other/gauntlet"},{"predicate":{"damaged":0,"damage":0.733},"model":"magic:wands/magmawand"},{"predicate":{"damaged":1,"damage":0},"model":"item/wooden_hoe"}]}