{"credit":"TutuHD","texture_size":[64,64],"textures":{"6":"model_senjata:dragonian_dagger_texture/full_dagger_orange","particle":"model_senjata:dragonian_dagger_texture/full_dagger_orange"},"elements":[{"from":[8,-16,5],"to":[8,-10,11],"rotation":{"angle":0,"axis":"y","origin":[8,-12,9]},"faces":{"north":{"uv":[0,0,0,1.5],"texture":"#6"},"east":{"uv":[11.32303,0.10838,13.82557,2.67866],"texture":"#6"},"south":{"uv":[0,0,0,1.5],"texture":"#6"},"west":{"uv":[11.35013,2.96317,13.85267,5.5199],"texture":"#6"},"up":{"uv":[0,1.5,0,0],"texture":"#6"},"down":{"uv":[0,0,0,1.5],"texture":"#6"}}},{"from":[5,-16,8],"to":[11,-10,8],"rotation":{"angle":0,"axis":"y","origin":[7,-12,8]},"faces":{"north":{"uv":[11.32303,2.93988,13.82557,5.52371],"texture":"#6"},"east":{"uv":[0,0,0,1.5],"texture":"#6"},"south":{"uv":[13.82557,0.09483,11.33658,2.70576],"texture":"#6"},"west":{"uv":[0,0,0,1.5],"texture":"#6"},"up":{"uv":[1.5,0,0,0],"texture":"#6"},"down":{"uv":[1.5,0,0,0],"texture":"#6"}}},{"from":[7,-12,7],"to":[9,-1,9],"rotation":{"angle":0,"axis":"y","origin":[7,-12,7]},"faces":{"north":{"uv":[11.28239,5.64183,12.16173,9.89564],"texture":"#6"},"east":{"uv":[11.28239,9.92273,12.13463,16],"texture":"#6"},"south":{"uv":[12.17528,5.64183,12.95978,9.86854],"texture":"#6"},"west":{"uv":[12.14818,9.90919,13.00042,16],"texture":"#6"},"up":{"uv":[8,3.5,7.5,3],"texture":"#6"},"down":{"uv":[8,3.5,7.5,4],"texture":"#6"}}},{"from":[6.9,-3.1,6.9],"to":[9.1,-1.9,9.1],"rotation":{"angle":0,"axis":"y","origin":[7,-5,7]},"faces":{"north":{"uv":[13.86622,0,14.73201,0.42612],"texture":"#6"},"east":{"uv":[13.86622,0.43967,14.73201,0.87934],"texture":"#6"},"south":{"uv":[13.86622,0.89289,14.73201,1.4003],"texture":"#6"},"west":{"uv":[13.86622,1.4003,14.73201,1.85351],"texture":"#6"},"up":{"uv":[8,4.5,7.5,4],"texture":"#6"},"down":{"uv":[8,4.5,7.5,5],"texture":"#6"}}},{"from":[6.9,-12.1,6.9],"to":[9.1,-10.9,9.1],"rotation":{"angle":0,"axis":"y","origin":[7,-14,7]},"faces":{"north":{"uv":[8,0,8.5,0.25],"texture":"#6"},"east":{"uv":[8,0.25,8.5,0.5],"texture":"#6"},"south":{"uv":[8,0.5,8.5,0.75],"texture":"#6"},"west":{"uv":[8,0.75,8.5,1],"texture":"#6"},"up":{"uv":[8,4.5,7.5,4],"texture":"#6"},"down":{"uv":[8,4.5,7.5,5],"texture":"#6"}}},{"from":[6.85,-2.15,9.26421],"to":[9.15,0.15,11.56421],"rotation":{"angle":-45,"axis":"x","origin":[7,-4,9.41421]},"faces":{"north":{"uv":[13.01397,9.44369,13.86622,10.37722],"texture":"#6"},"east":{"uv":[13.00042,10.40432,13.85267,11.3243],"texture":"#6"},"south":{"uv":[13.00042,11.33785,13.85267,12.28493],"texture":"#6"},"west":{"uv":[13.01397,12.29848,13.85267,13.24555],"texture":"#6"},"up":{"uv":[13.85267,14.19263,13.01397,13.2591],"texture":"#6"},"down":{"uv":[13.86622,14.19263,13.01397,15.12616],"texture":"#6"}}},{"from":[8,-2,1.5],"to":[8,32,14.5],"rotation":{"angle":0,"axis":"y","origin":[8,-2,1.5]},"faces":{"north":{"uv":[0,0,0,8.5],"texture":"#6"},"east":{"uv":[0,0,5.79699,16],"texture":"#6"},"south":{"uv":[0,0,0,8.5],"texture":"#6"},"west":{"uv":[5.86473,0,11.09272,16],"texture":"#6"},"up":{"uv":[0,3.25,0,0],"texture":"#6"},"down":{"uv":[0,0,0,3.25],"texture":"#6"}}}],"display":{"thirdperson_righthand":{"rotation":[-179.77,-0.04,-179.47],"translation":[-0.5,10.75,0.75],"scale":[0.73242,0.85156,0.86133]},"thirdperson_lefthand":{"rotation":[-7.77,-0.04,-179.47],"translation":[-0.5,-14.5,2.5],"scale":[0.73242,0.85156,0.86133]},"firstperson_righthand":{"rotation":[164.44,-13.24,-178.24],"translation":[18.25,3.75,-18.25],"scale":[1,1.29688,0.94727]},"firstperson_lefthand":{"rotation":[-18.94,-9.7,-175.03],"translation":[21.25,-13.75,-13],"scale":[1,1,0.83789]},"ground":{"rotation":[-61.75,-1.18,1.96],"translation":[0,10,0],"scale":[1,1.01758,0.99219]},"gui":{"rotation":[-56.81,35.95,59.65],"scale":[0.81445,0.67383,0.58008]},"head":{"translation":[-14.25,0,0],"scale":[1,0,0]},"fixed":{"rotation":[54.25,0,0],"translation":[0,-13,-19.75],"scale":[1,1.57031,1.40625]}}}