{"credit":"HelloWorldTeam","textures":{"0":"blackflame_skills:blackflame_wave/blackflame_wave_4","particle":"blackflame_skills:blackflame_wave/blackflame_wave_4"},"elements":[{"from":[2,0,0],"to":[14,32,0],"faces":{"north":{"uv":[11,0,5.75,16],"texture":"#0"},"east":{"uv":[0,0,0,16],"texture":"#missing"},"south":{"uv":[5.75,0,11,16],"texture":"#0"},"west":{"uv":[0,0,0,16],"texture":"#missing"},"up":{"uv":[0,0,16,0],"texture":"#missing"},"down":{"uv":[0,0,16,0],"texture":"#missing"}}},{"from":[14.79132,0,-3.97625],"to":[20.79132,32,-3.97625],"rotation":{"angle":-22.5,"axis":"y","origin":[4.40067,1,-3.97625]},"faces":{"north":{"uv":[13.25,0,10,16],"texture":"#0"},"east":{"uv":[0,0,0,16],"texture":"#missing"},"south":{"uv":[10,0,13.25,16],"texture":"#0"},"west":{"uv":[0,0,0,16],"texture":"#missing"},"up":{"uv":[0,0,6,0],"texture":"#missing"},"down":{"uv":[0,0,6,0],"texture":"#missing"}}},{"from":[-4.79132,0,-3.97625],"to":[1.20868,32,-3.97625],"rotation":{"angle":22.5,"axis":"y","origin":[11.59933,1,-3.97625]},"faces":{"north":{"uv":[6,0,2.75,16],"texture":"#0"},"east":{"uv":[0,0,0,16],"texture":"#missing"},"south":{"uv":[2.75,0,6,16],"texture":"#0"},"west":{"uv":[0,0,0,16],"texture":"#missing"},"up":{"uv":[6,0,0,0],"texture":"#missing"},"down":{"uv":[6,0,0,0],"texture":"#missing"}}}],"gui_light":"front","display":{"gui":{"scale":[0.22,0.22,0.22]},"head":{"translation":[0,-16,13.5],"scale":[3.36,3.36,2]}}}