{"credit":"MythicMMC Team","textures":{"0":"chaos_skills:ef_blackflame/ef_blackflame_3","particle":"chaos_skills:ef_blackflame/ef_blackflame_3"},"elements":[{"from":[3,0,8],"to":[13,24,8],"rotation":{"angle":45,"axis":"y","origin":[8,8,8]},"faces":{"north":{"uv":[4.25,0,11.5,16],"texture":"#0"},"east":{"uv":[0,0,0,16],"texture":"#missing"},"south":{"uv":[11.5,0,4.25,16],"texture":"#0"},"west":{"uv":[0,0,0,16],"texture":"#missing"},"up":{"uv":[0,0,14,0],"texture":"#missing"},"down":{"uv":[0,0,14,0],"texture":"#missing"}}},{"from":[3,0,8],"to":[13,18,8],"rotation":{"angle":-45,"axis":"y","origin":[8,8,8]},"faces":{"north":{"uv":[11.5,0,4.25,16],"texture":"#0"},"east":{"uv":[0,0,0,16],"texture":"#missing"},"south":{"uv":[4.25,0,11.5,16],"texture":"#0"},"west":{"uv":[0,0,0,16],"texture":"#missing"},"up":{"uv":[0,0,14,0],"rotation":180,"texture":"#missing"},"down":{"uv":[0,0,14,0],"rotation":180,"texture":"#missing"}}}],"display":{"gui":{"scale":[0.43,0.43,0.43]},"head":{"translation":[0,-15.25,0],"scale":[1.28,1.28,1.28]}}}