{"credit":"Made With Blockbench","texture_size":[8,8],"textures":{"0":"azazel_staff:azazel_staff_texture/azazel_staff","1":"azazel_staff:azazel_staff_texture/azazel_particle"},"elements":[{"from":[6,-9.62853,-9.38209],"to":[10,-4.62853,-4.38209],"rotation":{"angle":-45,"axis":"x","origin":[8,7.75355,8]},"faces":{"north":{"uv":[0,6.5,2,9],"texture":"#0"},"east":{"uv":[0,4,2.5,6.5],"texture":"#0"},"south":{"uv":[5,6,7,8.5],"texture":"#0"},"west":{"uv":[2.5,4,0,6.5],"texture":"#0"},"up":{"uv":[9,2,6.5,0],"rotation":90,"texture":"#0"},"down":{"uv":[4.5,6.5,2,8.5],"rotation":270,"texture":"#0"}}},{"from":[6,-11,6],"to":[10,-9,10],"rotation":{"angle":-45,"axis":"y","origin":[8,7.75355,8]},"faces":{"north":{"uv":[8,10.5,10,11.5],"texture":"#0"},"east":{"uv":[8,10.5,10,11.5],"texture":"#0"},"south":{"uv":[8,10.5,10,11.5],"texture":"#0"},"west":{"uv":[8,10.5,10,11.5],"texture":"#0"},"up":{"uv":[4,10.5,2,8.5],"rotation":90,"texture":"#0"},"down":{"uv":[10.5,2,8.5,4],"rotation":270,"texture":"#0"}}},{"from":[7,0,7],"to":[9,6,9],"rotation":{"angle":0,"axis":"y","origin":[8,7.75355,8]},"faces":{"north":{"uv":[4,10.5,5,13.5],"texture":"#0"},"east":{"uv":[4,10.5,5,13.5],"texture":"#0"},"south":{"uv":[4,10.5,5,13.5],"texture":"#0"},"west":{"uv":[4,10.5,5,13.5],"texture":"#0"}}},{"from":[6,-2,6],"to":[10,0,10],"rotation":{"angle":-45,"axis":"y","origin":[8,7.75355,8]},"faces":{"north":{"uv":[0,11,2,12],"texture":"#0"},"east":{"uv":[0,11,2,12],"texture":"#0"},"south":{"uv":[0,11,2,12],"texture":"#0"},"west":{"uv":[0,11,2,12],"texture":"#0"},"up":{"uv":[6,10.5,4,8.5],"rotation":90,"texture":"#0"},"down":{"uv":[8,8.5,6,10.5],"rotation":270,"texture":"#0"}}},{"from":[6,6,6],"to":[10,8,10],"rotation":{"angle":-45,"axis":"y","origin":[8,7.75355,8]},"faces":{"north":{"uv":[11,7.5,13,8.5],"texture":"#0"},"east":{"uv":[11,7.5,13,8.5],"texture":"#0"},"south":{"uv":[11,7.5,13,8.5],"texture":"#0"},"west":{"uv":[11,7.5,13,8.5],"texture":"#0"},"up":{"uv":[10,10.5,8,8.5],"rotation":90,"texture":"#0"},"down":{"uv":[2,9,0,11],"rotation":270,"texture":"#0"}}},{"from":[6.5,8,6.5],"to":[9.5,12,9.5],"rotation":{"angle":-45,"axis":"y","origin":[8,7.75355,8]},"faces":{"north":{"uv":[10.5,4,12,6],"texture":"#0"},"east":{"uv":[10.5,4,12,6],"texture":"#0"},"south":{"uv":[10.5,4,12,6],"texture":"#0"},"west":{"uv":[10.5,4,12,6],"texture":"#0"}}},{"from":[7.14399,9.58109,6.5],"to":[10.14399,11.58109,9.5],"rotation":{"angle":-22.5,"axis":"z","origin":[8,7.75355,8]},"faces":{"north":{"uv":[12,10.5,13.5,11.5],"texture":"#0"},"east":{"uv":[12,8.5,13.5,9.5],"texture":"#0"},"south":{"uv":[13.5,10.5,12,11.5],"texture":"#0"},"west":{"uv":[12,9.5,13.5,10.5],"texture":"#0"},"down":{"uv":[6.5,10.5,5,12],"rotation":270,"texture":"#0"}}},{"from":[6.14399,11.58109,5.5],"to":[10.14399,16.58109,10.5],"rotation":{"angle":-22.5,"axis":"z","origin":[8,7.75355,8]},"faces":{"north":{"uv":[6.5,2,8.5,4.5],"texture":"#0"},"east":{"uv":[4,0,6.5,2.5],"texture":"#0"},"south":{"uv":[8.5,2,6.5,4.5],"texture":"#0"},"west":{"uv":[2.5,4,5,6.5],"texture":"#0"},"up":{"uv":[9.5,6.5,7,4.5],"rotation":90,"texture":"#0"},"down":{"uv":[9.5,6.5,7,8.5],"rotation":270,"texture":"#0"}}},{"from":[5.85601,11.58109,5.5],"to":[9.85601,16.58109,10.5],"rotation":{"angle":22.5,"axis":"z","origin":[8,7.75355,8]},"faces":{"north":{"uv":[8.5,2,6.5,4.5],"texture":"#0"},"east":{"uv":[5,4,2.5,6.5],"texture":"#0"},"south":{"uv":[6.5,2,8.5,4.5],"texture":"#0"},"west":{"uv":[6.5,0,4,2.5],"texture":"#0"},"up":{"uv":[9.5,4.5,7,6.5],"rotation":90,"texture":"#0"},"down":{"uv":[9.5,8.5,7,6.5],"rotation":270,"texture":"#0"}}},{"from":[10.64399,11.08109,10],"to":[6.64399,9.08109,6],"shade":false,"rotation":{"angle":-22.5,"axis":"z","origin":[8,7.75355,8]},"faces":{"north":{"uv":[14.5,1.5,16,3],"texture":"#0"},"east":{"uv":[14.5,1.5,16,3],"texture":"#0"},"south":{"uv":[14.5,1.5,16,3],"texture":"#0"},"west":{"uv":[14.5,1.5,16,3],"texture":"#0"},"up":{"uv":[14.5,1.5,16,3],"rotation":90,"texture":"#0"}}},{"from":[10.64399,17.08109,11],"to":[5.64399,11.08109,5],"shade":false,"rotation":{"angle":-22.5,"axis":"z","origin":[8,7.75355,8]},"faces":{"north":{"uv":[14.5,1.5,16,3],"texture":"#0"},"east":{"uv":[14.5,1.5,16,3],"texture":"#0"},"south":{"uv":[14.5,1.5,16,3],"texture":"#0"},"west":{"uv":[14.5,1.5,16,3],"texture":"#0"},"up":{"uv":[13.5,4.5,16,7],"rotation":90,"texture":"#0"},"down":{"uv":[14.5,1.5,16,3],"rotation":270,"texture":"#0"}}},{"from":[10.35601,17.08109,11],"to":[5.35601,11.08109,5],"shade":false,"rotation":{"angle":22.5,"axis":"z","origin":[8,7.75355,8]},"faces":{"north":{"uv":[16,1.5,14.5,3],"texture":"#0"},"east":{"uv":[16,1.5,14.5,3],"texture":"#0"},"south":{"uv":[16,1.5,14.5,3],"texture":"#0"},"west":{"uv":[16,1.5,14.5,3],"texture":"#0"},"up":{"uv":[13.5,7,16,4.5],"rotation":90,"texture":"#0"},"down":{"uv":[14.5,3,16,1.5],"rotation":270,"texture":"#0"}}},{"from":[9.35601,11.08109,10],"to":[5.35601,9.08109,6],"shade":false,"rotation":{"angle":22.5,"axis":"z","origin":[8,7.75355,8]},"faces":{"north":{"uv":[16,1.5,14.5,3],"texture":"#0"},"east":{"uv":[16,1.5,14.5,3],"texture":"#0"},"south":{"uv":[16,1.5,14.5,3],"texture":"#0"},"west":{"uv":[16,1.5,14.5,3],"texture":"#0"},"up":{"uv":[14.5,3,16,1.5],"rotation":90,"texture":"#0"}}},{"from":[5.85601,9.58109,6.5],"to":[8.85601,11.58109,9.5],"rotation":{"angle":22.5,"axis":"z","origin":[8,7.75355,8]},"faces":{"north":{"uv":[13.5,10.5,12,11.5],"texture":"#0"},"east":{"uv":[13.5,9.5,12,10.5],"texture":"#0"},"south":{"uv":[12,10.5,13.5,11.5],"texture":"#0"},"west":{"uv":[13.5,8.5,12,9.5],"texture":"#0"},"down":{"uv":[6.5,12,5,10.5],"rotation":270,"texture":"#0"}}},{"from":[6.5,-9,6.5],"to":[9.5,-2,9.5],"rotation":{"angle":-45,"axis":"y","origin":[8,7.75355,8]},"faces":{"north":{"uv":[5,2.5,6.5,6],"texture":"#0"},"east":{"uv":[5,2.5,6.5,6],"texture":"#0"},"south":{"uv":[5,2.5,6.5,6],"texture":"#0"},"west":{"uv":[5,2.5,6.5,6],"texture":"#0"}}},{"from":[7,12.4131,12.65955],"to":[9,20.4131,20.65955],"rotation":{"angle":-45,"axis":"x","origin":[8,7.75355,8]},"faces":{"north":{"uv":[10,12,11,8],"texture":"#0"},"east":{"uv":[0,0,4,4],"texture":"#0"},"south":{"uv":[9.5,4,10.5,8],"texture":"#0"},"west":{"uv":[4,0,0,4],"texture":"#0"},"up":{"uv":[13,1,9,0],"rotation":90,"texture":"#0"},"down":{"uv":[13,1,9,2],"rotation":270,"texture":"#0"}}},{"from":[9,19.42351,19.66995],"to":[7,13.42351,13.66995],"rotation":{"angle":-45,"axis":"x","origin":[8,7.75355,8]},"faces":{"north":{"uv":[9.5,7.5,10.5,4.5],"texture":"#0"},"south":{"uv":[10,8.5,11,11.5],"texture":"#0"},"up":{"uv":[9.5,2,12.5,1],"rotation":90,"texture":"#0"},"down":{"uv":[9.5,0,12.5,1],"rotation":270,"texture":"#0"}}},{"from":[7.02,18.5,-0.1],"to":[8.98,21.5,3.9],"rotation":{"angle":0,"axis":"y","origin":[8,7.75355,8]},"faces":{"east":{"uv":[10.5,6,12.5,7.5],"texture":"#0"},"west":{"uv":[12.5,6,10.5,7.5],"texture":"#0"},"up":{"uv":[14,12.5,12,11.5],"rotation":90,"texture":"#0"},"down":{"uv":[4,12.5,2,13.5],"rotation":270,"texture":"#0"}}},{"from":[7,8.19056,-8.88209],"to":[9,12.19056,-4.88209],"rotation":{"angle":45,"axis":"x","origin":[8,7.75355,8]},"faces":{"north":{"uv":[11,10.5,12,12.5],"texture":"#0"},"east":{"uv":[2,10.5,4,12.5],"texture":"#0"},"south":{"uv":[11,8.5,12,10.5],"texture":"#0"},"west":{"uv":[4,10.5,2,12.5],"texture":"#0"},"up":{"uv":[10,12.5,8,11.5],"rotation":90,"texture":"#0"},"down":{"uv":[2,12,0,13],"rotation":270,"texture":"#0"}}},{"from":[7,8.19056,20.88209],"to":[9,12.19056,24.88209],"rotation":{"angle":-45,"axis":"x","origin":[8,7.75355,8]},"faces":{"north":{"uv":[12,8.5,11,10.5],"texture":"#0"},"east":{"uv":[4,10.5,2,12.5],"texture":"#0"},"south":{"uv":[12,10.5,11,12.5],"texture":"#0"},"west":{"uv":[2,10.5,4,12.5],"texture":"#0"},"up":{"uv":[8,12.5,10,11.5],"rotation":90,"texture":"#0"},"down":{"uv":[0,12,2,13],"rotation":270,"texture":"#0"}}},{"from":[7.02,18.5,12.1],"to":[8.98,21.5,16.1],"rotation":{"angle":0,"axis":"y","origin":[8,7.75355,8]},"faces":{"east":{"uv":[12.5,6,10.5,7.5],"texture":"#0"},"west":{"uv":[10.5,6,12.5,7.5],"texture":"#0"},"up":{"uv":[12,12.5,14,11.5],"rotation":90,"texture":"#0"},"down":{"uv":[2,12.5,4,13.5],"rotation":270,"texture":"#0"}}},{"from":[7.02,24.1,6.5],"to":[8.98,28.1,9.5],"rotation":{"angle":0,"axis":"y","origin":[8,7.75355,8]},"faces":{"north":{"uv":[10,12,11,14],"texture":"#0"},"east":{"uv":[6.5,10.5,8,12.5],"texture":"#0"},"south":{"uv":[13,0,14,2],"texture":"#0"},"west":{"uv":[6.5,10.5,8,12.5],"texture":"#0"}}},{"from":[7,20.63564,-8.88209],"to":[9,24.63564,-4.88209],"rotation":{"angle":45,"axis":"x","origin":[8,7.75355,8]},"faces":{"north":{"uv":[5,12,6,14],"texture":"#0"},"east":{"uv":[10.5,2,12.5,4],"texture":"#0"},"south":{"uv":[12,4,13,6],"texture":"#0"},"west":{"uv":[12.5,2,10.5,4],"texture":"#0"},"up":{"uv":[8,13.5,6,12.5],"rotation":90,"texture":"#0"},"down":{"uv":[14.5,2,12.5,3],"rotation":270,"texture":"#0"}}},{"from":[6.5,14.9131,-2.15955],"to":[9.5,17.9131,0.84045],"rotation":{"angle":45,"axis":"x","origin":[8,7.75355,8]},"faces":{"north":{"uv":[14.5,0,16,1.5],"texture":"#0"},"east":{"uv":[14.5,0,16,1.5],"texture":"#0"},"south":{"uv":[14.5,0,16,1.5],"texture":"#0"},"west":{"uv":[14.5,0,16,1.5],"texture":"#0"},"up":{"uv":[14.5,0,16,1.5],"rotation":90,"texture":"#0"},"down":{"uv":[14.5,0,16,1.5],"rotation":270,"texture":"#0"}}},{"from":[10,18.4131,1.34045],"to":[6,14.4131,-2.65955],"rotation":{"angle":45,"axis":"x","origin":[8,7.75355,8]},"faces":{"north":{"uv":[14.5,1.5,16,3],"texture":"#0"},"east":{"uv":[14.5,1.5,16,3],"texture":"#0"},"south":{"uv":[14.5,1.5,16,3],"texture":"#0"},"west":{"uv":[14.5,1.5,16,3],"texture":"#0"},"up":{"uv":[14.5,1.5,16,3],"rotation":90,"texture":"#0"},"down":{"uv":[14.5,1.5,16,3],"rotation":270,"texture":"#0"}}},{"from":[10.5,18.9131,1.84045],"to":[5.5,13.9131,-3.15955],"rotation":{"angle":45,"axis":"x","origin":[8,7.75355,8]},"faces":{"north":{"uv":[14.5,3,16,4.5],"texture":"#0"},"east":{"uv":[14.5,3,16,4.5],"texture":"#0"},"south":{"uv":[14.5,3,16,4.5],"texture":"#0"},"west":{"uv":[14.5,3,16,4.5],"texture":"#0"},"up":{"uv":[14.5,3,16,4.5],"rotation":90,"texture":"#0"},"down":{"uv":[14.5,3,16,4.5],"rotation":270,"texture":"#0"}}},{"from":[11.85,11.85,4.25],"to":[12.65,12.65,5.05],"shade":false,"rotation":{"angle":0,"axis":"y","origin":[8,7.75355,8]},"faces":{"north":{"uv":[0,14,2,16],"texture":"#1"},"east":{"uv":[0,14,2,16],"texture":"#1"},"south":{"uv":[0,14,2,16],"texture":"#1"},"west":{"uv":[0,14,2,16],"texture":"#1"},"up":{"uv":[0,14,2,16],"rotation":90,"texture":"#1"},"down":{"uv":[0,14,2,16],"rotation":270,"texture":"#1"}}},{"from":[13,13,5.4],"to":[11.5,11.5,3.9],"shade":false,"rotation":{"angle":0,"axis":"y","origin":[8,7.75355,8]},"faces":{"north":{"uv":[2,14,4,16],"texture":"#1"},"east":{"uv":[2,14,4,16],"texture":"#1"},"south":{"uv":[2,14,4,16],"texture":"#1"},"west":{"uv":[2,14,4,16],"texture":"#1"},"up":{"uv":[2,14,4,16],"rotation":90,"texture":"#1"},"down":{"uv":[2,14,4,16],"rotation":270,"texture":"#1"}}},{"from":[11.8,12.3,4.2],"to":[12.7,13.2,5.1],"shade":false,"rotation":{"angle":0,"axis":"y","origin":[8,7.75355,8]},"faces":{"north":{"uv":[0,12,2,14],"texture":"#1"},"east":{"uv":[0,12,2,14],"texture":"#1"},"south":{"uv":[0,12,2,14],"texture":"#1"},"west":{"uv":[0,12,2,14],"texture":"#1"},"up":{"uv":[0,12,2,14],"rotation":90,"texture":"#1"},"down":{"uv":[0,12,2,14],"rotation":270,"texture":"#1"}}},{"from":[13,13.5,5.4],"to":[11.5,12,3.9],"shade":false,"rotation":{"angle":0,"axis":"y","origin":[8,7.75355,8]},"faces":{"north":{"uv":[2,12,4,14],"texture":"#1"},"east":{"uv":[2,12,4,14],"texture":"#1"},"south":{"uv":[2,12,4,14],"texture":"#1"},"west":{"uv":[2,12,4,14],"texture":"#1"},"up":{"uv":[2,12,4,14],"rotation":90,"texture":"#1"},"down":{"uv":[2,12,4,14],"rotation":270,"texture":"#1"}}},{"from":[11.75,12.75,4.15],"to":[12.75,13.75,5.15],"shade":false,"rotation":{"angle":0,"axis":"y","origin":[8,7.75355,8]},"faces":{"north":{"uv":[0,10,2,12],"texture":"#1"},"east":{"uv":[0,10,2,12],"texture":"#1"},"south":{"uv":[0,10,2,12],"texture":"#1"},"west":{"uv":[0,10,2,12],"texture":"#1"},"up":{"uv":[0,10,2,12],"rotation":90,"texture":"#1"},"down":{"uv":[0,10,2,12],"rotation":270,"texture":"#1"}}},{"from":[13,14,5.4],"to":[11.5,12.5,3.9],"shade":false,"rotation":{"angle":0,"axis":"y","origin":[8,7.75355,8]},"faces":{"north":{"uv":[2,10,4,12],"texture":"#1"},"east":{"uv":[2,10,4,12],"texture":"#1"},"south":{"uv":[2,10,4,12],"texture":"#1"},"west":{"uv":[2,10,4,12],"texture":"#1"},"up":{"uv":[2,10,4,12],"rotation":90,"texture":"#1"},"down":{"uv":[2,10,4,12],"rotation":270,"texture":"#1"}}},{"from":[11.75,13.25,4.15],"to":[12.75,14.25,5.15],"shade":false,"rotation":{"angle":0,"axis":"y","origin":[8,7.75355,8]},"faces":{"north":{"uv":[0,8,2,10],"texture":"#1"},"east":{"uv":[0,8,2,10],"texture":"#1"},"south":{"uv":[0,8,2,10],"texture":"#1"},"west":{"uv":[0,8,2,10],"texture":"#1"},"up":{"uv":[0,8,2,10],"rotation":90,"texture":"#1"},"down":{"uv":[0,8,2,10],"rotation":270,"texture":"#1"}}},{"from":[13,14.5,5.4],"to":[11.5,13,3.9],"shade":false,"rotation":{"angle":0,"axis":"y","origin":[8,7.75355,8]},"faces":{"north":{"uv":[2,8,4,10],"texture":"#1"},"east":{"uv":[2,8,4,10],"texture":"#1"},"south":{"uv":[2,8,4,10],"texture":"#1"},"west":{"uv":[2,8,4,10],"texture":"#1"},"up":{"uv":[2,8,4,10],"rotation":90,"texture":"#1"},"down":{"uv":[2,8,4,10],"rotation":270,"texture":"#1"}}},{"from":[11.75,13.75,4.15],"to":[12.75,14.75,5.15],"shade":false,"rotation":{"angle":0,"axis":"y","origin":[8,7.75355,8]},"faces":{"north":{"uv":[0,6,2,8],"texture":"#1"},"east":{"uv":[0,6,2,8],"texture":"#1"},"south":{"uv":[0,6,2,8],"texture":"#1"},"west":{"uv":[0,6,2,8],"texture":"#1"},"up":{"uv":[0,6,2,8],"rotation":90,"texture":"#1"},"down":{"uv":[0,6,2,8],"rotation":270,"texture":"#1"}}},{"from":[13,15,5.4],"to":[11.5,13.5,3.9],"shade":false,"rotation":{"angle":0,"axis":"y","origin":[8,7.75355,8]},"faces":{"north":{"uv":[2,6,4,8],"texture":"#1"},"east":{"uv":[2,6,4,8],"texture":"#1"},"south":{"uv":[2,6,4,8],"texture":"#1"},"west":{"uv":[2,6,4,8],"texture":"#1"},"up":{"uv":[2,6,4,8],"rotation":90,"texture":"#1"},"down":{"uv":[2,6,4,8],"rotation":270,"texture":"#1"}}},{"from":[11.8,14.3,4.2],"to":[12.7,15.2,5.1],"shade":false,"rotation":{"angle":0,"axis":"y","origin":[8,7.75355,8]},"faces":{"north":{"uv":[0,4,2,6],"texture":"#1"},"east":{"uv":[0,4,2,6],"texture":"#1"},"south":{"uv":[0,4,2,6],"texture":"#1"},"west":{"uv":[0,4,2,6],"texture":"#1"},"up":{"uv":[0,4,2,6],"rotation":90,"texture":"#1"},"down":{"uv":[0,4,2,6],"rotation":270,"texture":"#1"}}},{"from":[13,15.5,5.4],"to":[11.5,14,3.9],"shade":false,"rotation":{"angle":0,"axis":"y","origin":[8,7.75355,8]},"faces":{"north":{"uv":[2,4,4,6],"texture":"#1"},"east":{"uv":[2,4,4,6],"texture":"#1"},"south":{"uv":[2,4,4,6],"texture":"#1"},"west":{"uv":[2,4,4,6],"texture":"#1"},"up":{"uv":[2,4,4,6],"rotation":90,"texture":"#1"},"down":{"uv":[2,4,4,6],"rotation":270,"texture":"#1"}}},{"from":[11.85,15.35,4.25],"to":[12.65,16.15,5.05],"shade":false,"rotation":{"angle":0,"axis":"y","origin":[8,7.75355,8]},"faces":{"north":{"uv":[0,2,2,4],"texture":"#1"},"east":{"uv":[0,2,2,4],"texture":"#1"},"south":{"uv":[0,2,2,4],"texture":"#1"},"west":{"uv":[0,2,2,4],"texture":"#1"},"up":{"uv":[0,2,2,4],"rotation":90,"texture":"#1"},"down":{"uv":[0,2,2,4],"rotation":270,"texture":"#1"}}},{"from":[13,16.5,5.4],"to":[11.5,15,3.9],"shade":false,"rotation":{"angle":0,"axis":"y","origin":[8,7.75355,8]},"faces":{"north":{"uv":[2,2,4,4],"texture":"#1"},"east":{"uv":[2,2,4,4],"texture":"#1"},"south":{"uv":[2,2,4,4],"texture":"#1"},"west":{"uv":[2,2,4,4],"texture":"#1"},"up":{"uv":[2,2,4,4],"rotation":90,"texture":"#1"},"down":{"uv":[2,2,4,4],"rotation":270,"texture":"#1"}}},{"from":[11.85,11.85,10.95],"to":[12.65,12.65,11.75],"shade":false,"rotation":{"angle":0,"axis":"y","origin":[8,7.75355,8]},"faces":{"north":{"uv":[4,14,6,16],"texture":"#1"},"east":{"uv":[4,14,6,16],"texture":"#1"},"south":{"uv":[4,14,6,16],"texture":"#1"},"west":{"uv":[4,14,6,16],"texture":"#1"},"up":{"uv":[4,14,6,16],"rotation":90,"texture":"#1"},"down":{"uv":[4,14,6,16],"rotation":270,"texture":"#1"}}},{"from":[13,13,12.1],"to":[11.5,11.5,10.6],"shade":false,"rotation":{"angle":0,"axis":"y","origin":[8,7.75355,8]},"faces":{"north":{"uv":[6,14,8,16],"texture":"#1"},"east":{"uv":[6,14,8,16],"texture":"#1"},"south":{"uv":[6,14,8,16],"texture":"#1"},"west":{"uv":[6,14,8,16],"texture":"#1"},"up":{"uv":[6,14,8,16],"rotation":90,"texture":"#1"},"down":{"uv":[6,14,8,16],"rotation":270,"texture":"#1"}}},{"from":[11.8,12.3,10.9],"to":[12.7,13.2,11.8],"shade":false,"rotation":{"angle":0,"axis":"y","origin":[8,7.75355,8]},"faces":{"north":{"uv":[4,12,6,14],"texture":"#1"},"east":{"uv":[4,12,6,14],"texture":"#1"},"south":{"uv":[4,12,6,14],"texture":"#1"},"west":{"uv":[4,12,6,14],"texture":"#1"},"up":{"uv":[4,12,6,14],"rotation":90,"texture":"#1"},"down":{"uv":[4,12,6,14],"rotation":270,"texture":"#1"}}},{"from":[13,13.5,12.1],"to":[11.5,12,10.6],"shade":false,"rotation":{"angle":0,"axis":"y","origin":[8,7.75355,8]},"faces":{"north":{"uv":[6,12,8,14],"texture":"#1"},"east":{"uv":[6,12,8,14],"texture":"#1"},"south":{"uv":[6,12,8,14],"texture":"#1"},"west":{"uv":[6,12,8,14],"texture":"#1"},"up":{"uv":[6,12,8,14],"rotation":90,"texture":"#1"},"down":{"uv":[6,12,8,14],"rotation":270,"texture":"#1"}}},{"from":[11.75,13.25,10.85],"to":[12.75,14.25,11.85],"shade":false,"rotation":{"angle":0,"axis":"y","origin":[8,7.75355,8]},"faces":{"north":{"uv":[4,10,6,12],"texture":"#1"},"east":{"uv":[4,10,6,12],"texture":"#1"},"south":{"uv":[4,10,6,12],"texture":"#1"},"west":{"uv":[4,10,6,12],"texture":"#1"},"up":{"uv":[4,10,6,12],"rotation":90,"texture":"#1"},"down":{"uv":[4,10,6,12],"rotation":270,"texture":"#1"}}},{"from":[13,14.5,12.1],"to":[11.5,13,10.6],"shade":false,"rotation":{"angle":0,"axis":"y","origin":[8,7.75355,8]},"faces":{"north":{"uv":[6,10,8,12],"texture":"#1"},"east":{"uv":[6,10,8,12],"texture":"#1"},"south":{"uv":[6,10,8,12],"texture":"#1"},"west":{"uv":[6,10,8,12],"texture":"#1"},"up":{"uv":[6,10,8,12],"rotation":90,"texture":"#1"},"down":{"uv":[6,10,8,12],"rotation":270,"texture":"#1"}}},{"from":[11.75,13.75,10.85],"to":[12.75,14.75,11.85],"shade":false,"rotation":{"angle":0,"axis":"y","origin":[8,7.75355,8]},"faces":{"north":{"uv":[4,8,6,10],"texture":"#1"},"east":{"uv":[4,8,6,10],"texture":"#1"},"south":{"uv":[4,8,6,10],"texture":"#1"},"west":{"uv":[4,8,6,10],"texture":"#1"},"up":{"uv":[4,8,6,10],"rotation":90,"texture":"#1"},"down":{"uv":[4,8,6,10],"rotation":270,"texture":"#1"}}},{"from":[13,15,12.1],"to":[11.5,13.5,10.6],"shade":false,"rotation":{"angle":0,"axis":"y","origin":[8,7.75355,8]},"faces":{"north":{"uv":[6,8,8,10],"texture":"#1"},"east":{"uv":[6,8,8,10],"texture":"#1"},"south":{"uv":[6,8,8,10],"texture":"#1"},"west":{"uv":[6,8,8,10],"texture":"#1"},"up":{"uv":[6,8,8,10],"rotation":90,"texture":"#1"},"down":{"uv":[6,8,8,10],"rotation":270,"texture":"#1"}}},{"from":[11.75,14.25,10.85],"to":[12.75,15.25,11.85],"shade":false,"rotation":{"angle":0,"axis":"y","origin":[8,7.75355,8]},"faces":{"north":{"uv":[4,6,6,8],"texture":"#1"},"east":{"uv":[4,6,6,8],"texture":"#1"},"south":{"uv":[4,6,6,8],"texture":"#1"},"west":{"uv":[4,6,6,8],"texture":"#1"},"up":{"uv":[4,6,6,8],"rotation":90,"texture":"#1"},"down":{"uv":[4,6,6,8],"rotation":270,"texture":"#1"}}},{"from":[13,15.5,12.1],"to":[11.5,14,10.6],"shade":false,"rotation":{"angle":0,"axis":"y","origin":[8,7.75355,8]},"faces":{"north":{"uv":[6,6,8,8],"texture":"#1"},"east":{"uv":[6,6,8,8],"texture":"#1"},"south":{"uv":[6,6,8,8],"texture":"#1"},"west":{"uv":[6,6,8,8],"texture":"#1"},"up":{"uv":[6,6,8,8],"rotation":90,"texture":"#1"},"down":{"uv":[6,6,8,8],"rotation":270,"texture":"#1"}}},{"from":[11.8,14.8,10.9],"to":[12.7,15.7,11.8],"shade":false,"rotation":{"angle":0,"axis":"y","origin":[8,7.75355,8]},"faces":{"north":{"uv":[4,4,6,6],"texture":"#1"},"east":{"uv":[4,4,6,6],"texture":"#1"},"south":{"uv":[4,4,6,6],"texture":"#1"},"west":{"uv":[4,4,6,6],"texture":"#1"},"up":{"uv":[4,4,6,6],"rotation":90,"texture":"#1"},"down":{"uv":[4,4,6,6],"rotation":270,"texture":"#1"}}},{"from":[13,16,12.1],"to":[11.5,14.5,10.6],"shade":false,"rotation":{"angle":0,"axis":"y","origin":[8,7.75355,8]},"faces":{"north":{"uv":[6,4,8,6],"texture":"#1"},"east":{"uv":[6,4,8,6],"texture":"#1"},"south":{"uv":[6,4,8,6],"texture":"#1"},"west":{"uv":[6,4,8,6],"texture":"#1"},"up":{"uv":[6,4,8,6],"rotation":90,"texture":"#1"},"down":{"uv":[6,4,8,6],"rotation":270,"texture":"#1"}}},{"from":[11.85,15.35,10.95],"to":[12.65,16.15,11.75],"shade":false,"rotation":{"angle":0,"axis":"y","origin":[8,7.75355,8]},"faces":{"north":{"uv":[4,2,6,4],"texture":"#1"},"east":{"uv":[4,2,6,4],"texture":"#1"},"south":{"uv":[4,2,6,4],"texture":"#1"},"west":{"uv":[4,2,6,4],"texture":"#1"},"up":{"uv":[4,2,6,4],"rotation":90,"texture":"#1"},"down":{"uv":[4,2,6,4],"rotation":270,"texture":"#1"}}},{"from":[13,16.5,12.1],"to":[11.5,15,10.6],"shade":false,"rotation":{"angle":0,"axis":"y","origin":[8,7.75355,8]},"faces":{"north":{"uv":[6,2,8,4],"texture":"#1"},"east":{"uv":[6,2,8,4],"texture":"#1"},"south":{"uv":[6,2,8,4],"texture":"#1"},"west":{"uv":[6,2,8,4],"texture":"#1"},"up":{"uv":[6,2,8,4],"rotation":90,"texture":"#1"},"down":{"uv":[6,2,8,4],"rotation":270,"texture":"#1"}}},{"from":[3.35,11.85,10.95],"to":[4.15,12.65,11.75],"shade":false,"rotation":{"angle":0,"axis":"y","origin":[8,7.75355,8]},"faces":{"north":{"uv":[12,14,14,16],"texture":"#1"},"east":{"uv":[12,14,14,16],"texture":"#1"},"south":{"uv":[12,14,14,16],"texture":"#1"},"west":{"uv":[12,14,14,16],"texture":"#1"},"up":{"uv":[12,14,14,16],"rotation":90,"texture":"#1"},"down":{"uv":[12,14,14,16],"rotation":270,"texture":"#1"}}},{"from":[4.5,13,12.1],"to":[3,11.5,10.6],"shade":false,"rotation":{"angle":0,"axis":"y","origin":[8,7.75355,8]},"faces":{"north":{"uv":[14,14,16,16],"texture":"#1"},"east":{"uv":[14,14,16,16],"texture":"#1"},"south":{"uv":[14,14,16,16],"texture":"#1"},"west":{"uv":[14,14,16,16],"texture":"#1"},"up":{"uv":[14,14,16,16],"rotation":90,"texture":"#1"},"down":{"uv":[14,14,16,16],"rotation":270,"texture":"#1"}}},{"from":[3.3,12.3,10.9],"to":[4.2,13.2,11.8],"shade":false,"rotation":{"angle":0,"axis":"y","origin":[8,7.75355,8]},"faces":{"north":{"uv":[12,12,14,14],"texture":"#1"},"east":{"uv":[12,12,14,14],"texture":"#1"},"south":{"uv":[12,12,14,14],"texture":"#1"},"west":{"uv":[12,12,14,14],"texture":"#1"},"up":{"uv":[12,12,14,14],"rotation":90,"texture":"#1"},"down":{"uv":[12,12,14,14],"rotation":270,"texture":"#1"}}},{"from":[4.5,13.5,12.1],"to":[3,12,10.6],"shade":false,"rotation":{"angle":0,"axis":"y","origin":[8,7.75355,8]},"faces":{"north":{"uv":[14,12,16,14],"texture":"#1"},"east":{"uv":[14,12,16,14],"texture":"#1"},"south":{"uv":[14,12,16,14],"texture":"#1"},"west":{"uv":[14,12,16,14],"texture":"#1"},"up":{"uv":[14,12,16,14],"rotation":90,"texture":"#1"},"down":{"uv":[14,12,16,14],"rotation":270,"texture":"#1"}}},{"from":[3.25,12.75,10.85],"to":[4.25,13.75,11.85],"shade":false,"rotation":{"angle":0,"axis":"y","origin":[8,7.75355,8]},"faces":{"north":{"uv":[12,10,14,12],"texture":"#1"},"east":{"uv":[12,10,14,12],"texture":"#1"},"south":{"uv":[12,10,14,12],"texture":"#1"},"west":{"uv":[12,10,14,12],"texture":"#1"},"up":{"uv":[12,10,14,12],"rotation":90,"texture":"#1"},"down":{"uv":[12,10,14,12],"rotation":270,"texture":"#1"}}},{"from":[4.5,14,12.1],"to":[3,12.5,10.6],"shade":false,"rotation":{"angle":0,"axis":"y","origin":[8,7.75355,8]},"faces":{"north":{"uv":[14,10,16,12],"texture":"#1"},"east":{"uv":[14,10,16,12],"texture":"#1"},"south":{"uv":[14,10,16,12],"texture":"#1"},"west":{"uv":[14,10,16,12],"texture":"#1"},"up":{"uv":[14,10,16,12],"rotation":90,"texture":"#1"},"down":{"uv":[14,10,16,12],"rotation":270,"texture":"#1"}}},{"from":[3.25,13.25,10.85],"to":[4.25,14.25,11.85],"shade":false,"rotation":{"angle":0,"axis":"y","origin":[8,7.75355,8]},"faces":{"north":{"uv":[12,8,14,10],"texture":"#1"},"east":{"uv":[12,8,14,10],"texture":"#1"},"south":{"uv":[12,8,14,10],"texture":"#1"},"west":{"uv":[12,8,14,10],"texture":"#1"},"up":{"uv":[12,8,14,10],"rotation":90,"texture":"#1"},"down":{"uv":[12,8,14,10],"rotation":270,"texture":"#1"}}},{"from":[4.5,14.5,12.1],"to":[3,13,10.6],"shade":false,"rotation":{"angle":0,"axis":"y","origin":[8,7.75355,8]},"faces":{"north":{"uv":[14,8,16,10],"texture":"#1"},"east":{"uv":[14,8,16,10],"texture":"#1"},"south":{"uv":[14,8,16,10],"texture":"#1"},"west":{"uv":[14,8,16,10],"texture":"#1"},"up":{"uv":[14,8,16,10],"rotation":90,"texture":"#1"},"down":{"uv":[14,8,16,10],"rotation":270,"texture":"#1"}}},{"from":[3.25,13.75,10.85],"to":[4.25,14.75,11.85],"shade":false,"rotation":{"angle":0,"axis":"y","origin":[8,7.75355,8]},"faces":{"north":{"uv":[12,6,14,8],"texture":"#1"},"east":{"uv":[12,6,14,8],"texture":"#1"},"south":{"uv":[12,6,14,8],"texture":"#1"},"west":{"uv":[12,6,14,8],"texture":"#1"},"up":{"uv":[12,6,14,8],"rotation":90,"texture":"#1"},"down":{"uv":[12,6,14,8],"rotation":270,"texture":"#1"}}},{"from":[4.5,15,12.1],"to":[3,13.5,10.6],"shade":false,"rotation":{"angle":0,"axis":"y","origin":[8,7.75355,8]},"faces":{"north":{"uv":[14,6,16,8],"texture":"#1"},"east":{"uv":[14,6,16,8],"texture":"#1"},"south":{"uv":[14,6,16,8],"texture":"#1"},"west":{"uv":[14,6,16,8],"texture":"#1"},"up":{"uv":[14,6,16,8],"rotation":90,"texture":"#1"},"down":{"uv":[14,6,16,8],"rotation":270,"texture":"#1"}}},{"from":[3.3,14.3,10.9],"to":[4.2,15.2,11.8],"shade":false,"rotation":{"angle":0,"axis":"y","origin":[8,7.75355,8]},"faces":{"north":{"uv":[12,4,14,6],"texture":"#1"},"east":{"uv":[12,4,14,6],"texture":"#1"},"south":{"uv":[12,4,14,6],"texture":"#1"},"west":{"uv":[12,4,14,6],"texture":"#1"},"up":{"uv":[12,4,14,6],"rotation":90,"texture":"#1"},"down":{"uv":[12,4,14,6],"rotation":270,"texture":"#1"}}},{"from":[4.5,15.5,12.1],"to":[3,14,10.6],"shade":false,"rotation":{"angle":0,"axis":"y","origin":[8,7.75355,8]},"faces":{"north":{"uv":[14,4,16,6],"texture":"#1"},"east":{"uv":[14,4,16,6],"texture":"#1"},"south":{"uv":[14,4,16,6],"texture":"#1"},"west":{"uv":[14,4,16,6],"texture":"#1"},"up":{"uv":[14,4,16,6],"rotation":90,"texture":"#1"},"down":{"uv":[14,4,16,6],"rotation":270,"texture":"#1"}}},{"from":[3.35,14.85,10.95],"to":[4.15,15.65,11.75],"shade":false,"rotation":{"angle":0,"axis":"y","origin":[8,7.75355,8]},"faces":{"north":{"uv":[12,2,14,4],"texture":"#1"},"east":{"uv":[12,2,14,4],"texture":"#1"},"south":{"uv":[12,2,14,4],"texture":"#1"},"west":{"uv":[12,2,14,4],"texture":"#1"},"up":{"uv":[12,2,14,4],"rotation":90,"texture":"#1"},"down":{"uv":[12,2,14,4],"rotation":270,"texture":"#1"}}},{"from":[4.5,16,12.1],"to":[3,14.5,10.6],"shade":false,"rotation":{"angle":0,"axis":"y","origin":[8,7.75355,8]},"faces":{"north":{"uv":[14,2,16,4],"texture":"#1"},"east":{"uv":[14,2,16,4],"texture":"#1"},"south":{"uv":[14,2,16,4],"texture":"#1"},"west":{"uv":[14,2,16,4],"texture":"#1"},"up":{"uv":[14,2,16,4],"rotation":90,"texture":"#1"},"down":{"uv":[14,2,16,4],"rotation":270,"texture":"#1"}}},{"from":[3.35,11.85,4.25],"to":[4.15,12.65,5.05],"shade":false,"rotation":{"angle":0,"axis":"y","origin":[8,7.75355,8]},"faces":{"north":{"uv":[8,14,10,16],"texture":"#1"},"east":{"uv":[8,14,10,16],"texture":"#1"},"south":{"uv":[8,14,10,16],"texture":"#1"},"west":{"uv":[8,14,10,16],"texture":"#1"},"up":{"uv":[8,14,10,16],"rotation":90,"texture":"#1"},"down":{"uv":[8,14,10,16],"rotation":270,"texture":"#1"}}},{"from":[4.5,13,5.4],"to":[3,11.5,3.9],"shade":false,"rotation":{"angle":0,"axis":"y","origin":[8,7.75355,8]},"faces":{"north":{"uv":[10,14,12,16],"texture":"#1"},"east":{"uv":[10,14,12,16],"texture":"#1"},"south":{"uv":[10,14,12,16],"texture":"#1"},"west":{"uv":[10,14,12,16],"texture":"#1"},"up":{"uv":[10,14,12,16],"rotation":90,"texture":"#1"},"down":{"uv":[10,14,12,16],"rotation":270,"texture":"#1"}}},{"from":[3.3,12.3,4.2],"to":[4.2,13.2,5.1],"shade":false,"rotation":{"angle":0,"axis":"y","origin":[8,7.75355,8]},"faces":{"north":{"uv":[8,12,10,14],"texture":"#1"},"east":{"uv":[8,12,10,14],"texture":"#1"},"south":{"uv":[8,12,10,14],"texture":"#1"},"west":{"uv":[8,12,10,14],"texture":"#1"},"up":{"uv":[8,12,10,14],"rotation":90,"texture":"#1"},"down":{"uv":[8,12,10,14],"rotation":270,"texture":"#1"}}},{"from":[4.5,13.5,5.4],"to":[3,12,3.9],"shade":false,"rotation":{"angle":0,"axis":"y","origin":[8,7.75355,8]},"faces":{"north":{"uv":[10,12,12,14],"texture":"#1"},"east":{"uv":[10,12,12,14],"texture":"#1"},"south":{"uv":[10,12,12,14],"texture":"#1"},"west":{"uv":[10,12,12,14],"texture":"#1"},"up":{"uv":[10,12,12,14],"rotation":90,"texture":"#1"},"down":{"uv":[10,12,12,14],"rotation":270,"texture":"#1"}}},{"from":[3.25,12.75,4.15],"to":[4.25,13.75,5.15],"shade":false,"rotation":{"angle":0,"axis":"y","origin":[8,7.75355,8]},"faces":{"north":{"uv":[8,10,10,12],"texture":"#1"},"east":{"uv":[8,10,10,12],"texture":"#1"},"south":{"uv":[8,10,10,12],"texture":"#1"},"west":{"uv":[8,10,10,12],"texture":"#1"},"up":{"uv":[8,10,10,12],"rotation":90,"texture":"#1"},"down":{"uv":[8,10,10,12],"rotation":270,"texture":"#1"}}},{"from":[4.5,14,5.4],"to":[3,12.5,3.9],"shade":false,"rotation":{"angle":0,"axis":"y","origin":[8,7.75355,8]},"faces":{"north":{"uv":[10,10,12,12],"texture":"#1"},"east":{"uv":[10,10,12,12],"texture":"#1"},"south":{"uv":[10,10,12,12],"texture":"#1"},"west":{"uv":[10,10,12,12],"texture":"#1"},"up":{"uv":[10,10,12,12],"rotation":90,"texture":"#1"},"down":{"uv":[10,10,12,12],"rotation":270,"texture":"#1"}}},{"from":[3.25,13.25,4.15],"to":[4.25,14.25,5.15],"shade":false,"rotation":{"angle":0,"axis":"y","origin":[8,7.75355,8]},"faces":{"north":{"uv":[8,8,10,10],"texture":"#1"},"east":{"uv":[8,8,10,10],"texture":"#1"},"south":{"uv":[8,8,10,10],"texture":"#1"},"west":{"uv":[8,8,10,10],"texture":"#1"},"up":{"uv":[8,8,10,10],"rotation":90,"texture":"#1"},"down":{"uv":[8,8,10,10],"rotation":270,"texture":"#1"}}},{"from":[4.5,14.5,5.4],"to":[3,13,3.9],"shade":false,"rotation":{"angle":0,"axis":"y","origin":[8,7.75355,8]},"faces":{"north":{"uv":[10,8,12,10],"texture":"#1"},"east":{"uv":[10,8,12,10],"texture":"#1"},"south":{"uv":[10,8,12,10],"texture":"#1"},"west":{"uv":[10,8,12,10],"texture":"#1"},"up":{"uv":[10,8,12,10],"rotation":90,"texture":"#1"},"down":{"uv":[10,8,12,10],"rotation":270,"texture":"#1"}}},{"from":[3.25,13.75,4.15],"to":[4.25,14.75,5.15],"shade":false,"rotation":{"angle":0,"axis":"y","origin":[8,7.75355,8]},"faces":{"north":{"uv":[8,6,10,8],"texture":"#1"},"east":{"uv":[8,6,10,8],"texture":"#1"},"south":{"uv":[8,6,10,8],"texture":"#1"},"west":{"uv":[8,6,10,8],"texture":"#1"},"up":{"uv":[8,6,10,8],"rotation":90,"texture":"#1"},"down":{"uv":[8,6,10,8],"rotation":270,"texture":"#1"}}},{"from":[4.5,15,5.4],"to":[3,13.5,3.9],"shade":false,"rotation":{"angle":0,"axis":"y","origin":[8,7.75355,8]},"faces":{"north":{"uv":[10,6,12,8],"texture":"#1"},"east":{"uv":[10,6,12,8],"texture":"#1"},"south":{"uv":[10,6,12,8],"texture":"#1"},"west":{"uv":[10,6,12,8],"texture":"#1"},"up":{"uv":[10,6,12,8],"rotation":90,"texture":"#1"},"down":{"uv":[10,6,12,8],"rotation":270,"texture":"#1"}}},{"from":[3.3,14.3,4.2],"to":[4.2,15.2,5.1],"shade":false,"rotation":{"angle":0,"axis":"y","origin":[8,7.75355,8]},"faces":{"north":{"uv":[8,4,10,6],"texture":"#1"},"east":{"uv":[8,4,10,6],"texture":"#1"},"south":{"uv":[8,4,10,6],"texture":"#1"},"west":{"uv":[8,4,10,6],"texture":"#1"},"up":{"uv":[8,4,10,6],"rotation":90,"texture":"#1"},"down":{"uv":[8,4,10,6],"rotation":270,"texture":"#1"}}},{"from":[4.5,15.5,5.4],"to":[3,14,3.9],"shade":false,"rotation":{"angle":0,"axis":"y","origin":[8,7.75355,8]},"faces":{"north":{"uv":[10,4,12,6],"texture":"#1"},"east":{"uv":[10,4,12,6],"texture":"#1"},"south":{"uv":[10,4,12,6],"texture":"#1"},"west":{"uv":[10,4,12,6],"texture":"#1"},"up":{"uv":[10,4,12,6],"rotation":90,"texture":"#1"},"down":{"uv":[10,4,12,6],"rotation":270,"texture":"#1"}}},{"from":[3.35,14.85,4.25],"to":[4.15,15.65,5.05],"shade":false,"rotation":{"angle":0,"axis":"y","origin":[8,7.75355,8]},"faces":{"north":{"uv":[8,2,10,4],"texture":"#1"},"east":{"uv":[8,2,10,4],"texture":"#1"},"south":{"uv":[8,2,10,4],"texture":"#1"},"west":{"uv":[8,2,10,4],"texture":"#1"},"up":{"uv":[8,2,10,4],"rotation":90,"texture":"#1"},"down":{"uv":[8,2,10,4],"rotation":270,"texture":"#1"}}},{"from":[4.5,16,5.4],"to":[3,14.5,3.9],"shade":false,"rotation":{"angle":0,"axis":"y","origin":[8,7.75355,8]},"faces":{"north":{"uv":[10,2,12,4],"texture":"#1"},"east":{"uv":[10,2,12,4],"texture":"#1"},"south":{"uv":[10,2,12,4],"texture":"#1"},"west":{"uv":[10,2,12,4],"texture":"#1"},"up":{"uv":[10,2,12,4],"rotation":90,"texture":"#1"},"down":{"uv":[10,2,12,4],"rotation":270,"texture":"#1"}}}],"gui_light":"front","display":{"thirdperson_righthand":{"rotation":[-146.37,-27.52,168.9],"translation":[0,1,3],"scale":[0.6,0.6,0.6]},"thirdperson_lefthand":{"rotation":[-146.37,-27.52,168.9],"translation":[0,1,3],"scale":[0.6,0.6,0.6]},"firstperson_righthand":{"rotation":[178,-4.75,177.81],"translation":[3.25,2.75,-3.5],"scale":[0.54883,0.54883,0.54883]},"firstperson_lefthand":{"rotation":[178,-4.75,177.81],"translation":[3.25,2.75,-3.5],"scale":[0.54883,0.54883,0.54883]},"ground":{"rotation":[94,85,0],"translation":[0,0,-3.5],"scale":[0.5,0.5,0.5]},"gui":{"rotation":[90,-46,90],"scale":[0.42516,0.42516,0.42516]},"head":{"rotation":[90,22,90],"translation":[7.75,12,0.25],"scale":[0.7,0.7,0.7]},"fixed":{"rotation":[0,90,0],"translation":[0,-1.75,-1.75],"scale":[1.42109,1.42109,1.42109]}}}