{"credit":"Made by samus2002","texture_size":[64,64],"textures":{"0":"paladin:paladin_texture/holy_smash_rupture_5","particle":"paladin:paladin_texture/holy_smash_rupture_5"},"elements":[{"from":[-13.5,8,-13.5],"to":[29.5,8,29.5],"rotation":{"angle":0,"axis":"y","origin":[8,8,8]},"faces":{"north":{"uv":[6.5,0,12.75,0],"texture":"#0"},"east":{"uv":[6.5,0.25,12.75,0.25],"texture":"#0"},"south":{"uv":[6.5,0.5,12.75,0.5],"texture":"#0"},"west":{"uv":[6.5,0.75,12.75,0.75],"texture":"#0"},"up":{"uv":[6.25,6.25,0,0],"texture":"#0"},"down":{"uv":[6.25,0,0,6.25],"texture":"#0"}}}],"display":{"thirdperson_righthand":{"rotation":[90,0,0],"translation":[-7.5,-5,-11],"scale":[3,3,3]},"thirdperson_lefthand":{"rotation":[90,0,0],"translation":[-4.25,-6.25,-10.75],"scale":[4,4,4]},"head":{"translation":[-3.25,-43,1.75],"scale":[3,3,3]}}}