{"credit":"MythicMMC Team","textures":{"0":"chaos_skills:skill2_aura/skill2_aura_2","particle":"chaos_skills:skill2_aura/skill2_aura_2"},"elements":[{"from":[-4,0,8],"to":[20,32,8],"rotation":{"angle":22.5,"axis":"y","origin":[8,1,8]},"faces":{"north":{"uv":[2.25,0,13.625,15.875],"texture":"#0"},"east":{"uv":[0,0,0,16],"texture":"#missing"},"south":{"uv":[13.625,0,2.25,15.875],"texture":"#0"},"west":{"uv":[0,0,0,16],"texture":"#missing"},"up":{"uv":[0,0,16,0],"texture":"#missing"},"down":{"uv":[0,0,16,0],"texture":"#missing"}}},{"from":[-4,0,8],"to":[20,32,8],"rotation":{"angle":-22.5,"axis":"y","origin":[8,16,8]},"faces":{"north":{"uv":[2.25,0,13.625,15.875],"texture":"#0"},"east":{"uv":[0,0,0,16],"texture":"#missing"},"south":{"uv":[13.625,0,2.25,15.875],"texture":"#0"},"west":{"uv":[0,0,0,16],"texture":"#missing"},"up":{"uv":[0,0,16,0],"texture":"#missing"},"down":{"uv":[0,0,16,0],"texture":"#missing"}}},{"from":[8,0,-4],"to":[8,32,20],"rotation":{"angle":-22.5,"axis":"y","origin":[8,16,8]},"faces":{"north":{"uv":[0,0,0,16],"texture":"#0"},"east":{"uv":[13.625,0,2.25,15.875],"texture":"#0"},"south":{"uv":[0,0,0,16],"texture":"#0"},"west":{"uv":[2.25,0,13.625,15.875],"texture":"#0"},"up":{"uv":[0,0,16,0],"rotation":270,"texture":"#0"},"down":{"uv":[0,0,16,0],"rotation":90,"texture":"#0"}}},{"from":[8,0,-4],"to":[8,32,20],"rotation":{"angle":22.5,"axis":"y","origin":[8,1,8]},"faces":{"north":{"uv":[0,0,0,16],"texture":"#0"},"east":{"uv":[13.625,0,2.25,15.875],"texture":"#0"},"south":{"uv":[0,0,0,16],"texture":"#0"},"west":{"uv":[2.25,0,13.625,15.875],"texture":"#0"},"up":{"uv":[0,0,16,0],"rotation":270,"texture":"#0"},"down":{"uv":[0,0,16,0],"rotation":90,"texture":"#0"}}}],"gui_light":"front","display":{"thirdperson_righthand":{"rotation":[90,0,0],"translation":[-6,-2,0.5],"scale":[2.9,2.25,2.9]},"gui":{"scale":[0.24,0.24,0.24]},"head":{"translation":[0,-28,0],"scale":[3.01,3.01,3.01]}}}